"game_block_id","Game","Duration","player_id","player_name","role","Champion","Result","KDA","CSM","DPM","KP%"
"1","DN Freecs vs NS","33:39","3322","Berserker","ADC","Kaisa","Defeat","=""6/3/4""","10.1","730","71.4%"
"1","DN Freecs vs NS","33:39","3974","Bulldog","MID","Orianna","Defeat","=""4/3/9""","7.8","718","92.9%"
"1","DN Freecs vs NS","33:39","3082","DuDu","TOP","Aurora","Defeat","=""3/1/6""","7.4","1066","64.3%"
"1","DN Freecs vs NS","33:39","4796","Fisher","MID","Viktor","Victory","=""2/7/7""","6.8","644","69.2%"
"1","DN Freecs vs NS","33:39","3327","GIDEON","JUNGLE","Xin Zhao","Victory","=""6/2/5""","7.3","483","84.6%"
"1","DN Freecs vs NS","33:39","4755","Jiwoo","ADC","Xayah","Victory","=""4/2/5""","9.6","507","69.2%"
"1","DN Freecs vs NS","33:39","738","Lehends","SUPPORT","Rakan","Victory","=""0/2/11""","1.0","164","84.6%"
"1","DN Freecs vs NS","33:39","1906","Life","SUPPORT","Rell","Defeat","=""0/4/9""","1.3","151","64.3%"
"1","DN Freecs vs NS","33:39","2664","Pyosik","JUNGLE","Nocturne","Defeat","=""1/2/9""","6.0","355","71.4%"
"1","DN Freecs vs NS","33:39","1229","kingen","TOP","KSante","Victory","=""1/1/5""","8.1","407","46.2%"
"2","DN Freecs vs NS","34:33","3322","Berserker","ADC","Ashe","Victory","=""4/1/12""","8.6","835","84.2%"
"2","DN Freecs vs NS","34:33","3974","Bulldog","MID","Smolder","Victory","=""8/2/7""","9.6","1052","78.9%"
"2","DN Freecs vs NS","34:33","3082","DuDu","TOP","Jax","Victory","=""6/1/4""","8.0","639","52.6%"
"2","DN Freecs vs NS","34:33","4796","Fisher","MID","Corki","Defeat","=""1/0/6""","9.3","926","70%"
"2","DN Freecs vs NS","34:33","3327","GIDEON","JUNGLE","Nidalee","Defeat","=""2/6/6""","6.4","382","80%"
"2","DN Freecs vs NS","34:33","4755","Jiwoo","ADC","Ezreal","Defeat","=""3/2/5""","7.6","623","80%"
"2","DN Freecs vs NS","34:33","738","Lehends","SUPPORT","Blitzcrank","Defeat","=""1/7/5""","1.0","152","60%"
"2","DN Freecs vs NS","34:33","1906","Life","SUPPORT","Braum","Victory","=""1/4/16""","1.0","236","89.5%"
"2","DN Freecs vs NS","34:33","2664","Pyosik","JUNGLE","Ivern","Victory","=""0/2/19""","5.2","295","100%"
"2","DN Freecs vs NS","34:33","1229","kingen","TOP","Sion","Defeat","=""3/4/4""","7.9","427","70%"
"3","DN Freecs vs NS","46:14","3322","Berserker","ADC","Kalista","Victory","=""5/2/5""","10.4","825","55.6%"
"3","DN Freecs vs NS","46:14","3974","Bulldog","MID","Akali","Victory","=""5/2/4""","7.6","669","50%"
"3","DN Freecs vs NS","46:14","3082","DuDu","TOP","Ambessa","Victory","=""6/2/6""","8.6","712","66.7%"
"3","DN Freecs vs NS","46:14","4796","Fisher","MID","Yone","Defeat","=""1/3/7""","9.5","565","80%"
"3","DN Freecs vs NS","46:14","3327","GIDEON","JUNGLE","Sejuani","Defeat","=""2/2/5""","6.0","334","70%"
"3","DN Freecs vs NS","46:14","4755","Jiwoo","ADC","Ziggs","Defeat","=""4/5/5""","8.6","812","90%"
"3","DN Freecs vs NS","46:14","738","Lehends","SUPPORT","Alistar","Defeat","=""1/3/5""","1.0","130","60%"
"3","DN Freecs vs NS","46:14","1906","Life","SUPPORT","Renata Glasc","Victory","=""1/2/14""","0.9","218","83.3%"
"3","DN Freecs vs NS","46:14","2664","Pyosik","JUNGLE","Wukong","Victory","=""1/2/14""","5.7","547","83.3%"
"3","DN Freecs vs NS","46:14","1229","kingen","TOP","Jayce","Defeat","=""2/5/5""","7.8","437","70%"
"4","OK BRION vs DRX","27:35","4938","Andil","SUPPORT","Poppy","Victory","=""0/2/11""","0.9","152","84.6%"
"4","OK BRION vs DRX","27:35","3195","Clozer","MID","Taliyah","Defeat","=""0/2/3""","10.2","395","60%"
"4","OK BRION vs DRX","27:35","4217","HamBak","JUNGLE","Viego","Defeat","=""1/3/2""","5.6","108","60%"
"4","OK BRION vs DRX","27:35","3694","Hype","ADC","Xayah","Defeat","=""3/2/2""","9.5","463","100%"
"4","OK BRION vs DRX","27:35","5919","LazyFeel","ADC","Kaisa","Victory","=""7/1/5""","9.4","505","92.3%"
"4","OK BRION vs DRX","27:35","2545","Morgan","TOP","Rumble","Defeat","=""1/2/3""","9.4","417","80%"
"4","OK BRION vs DRX","27:35","4865","Pollu","SUPPORT","Rakan","Defeat","=""0/4/5""","0.9","106","100%"
"4","OK BRION vs DRX","27:35","1613","Rich","TOP","Galio","Victory","=""1/1/9""","7.9","376","76.9%"
"4","OK BRION vs DRX","27:35","4753","Sponge","JUNGLE","Wukong","Victory","=""2/1/5""","7.1","227","53.8%"
"4","OK BRION vs DRX","27:35","1504","Ucal","MID","Aurora","Victory","=""3/0/7""","9.9","619","76.9%"
"5","OK BRION vs DRX","29:02","4938","Andil","SUPPORT","Leona","Defeat","=""0/3/2""","1.4","123","100%"
"5","OK BRION vs DRX","29:02","3195","Clozer","MID","Yone","Victory","=""4/0/7""","10.1","464","61.1%"
"5","OK BRION vs DRX","29:02","4217","HamBak","JUNGLE","Skarner","Victory","=""2/1/14""","6.2","546","88.9%"
"5","OK BRION vs DRX","29:02","3694","Hype","ADC","Miss Fortune","Victory","=""7/0/8""","10.6","987","83.3%"
"5","OK BRION vs DRX","29:02","5919","LazyFeel","ADC","Corki","Defeat","=""2/3/0""","9.1","446","100%"
"5","OK BRION vs DRX","29:02","2545","Morgan","TOP","KSante","Victory","=""5/0/6""","8.9","505","61.1%"
"5","OK BRION vs DRX","29:02","4865","Pollu","SUPPORT","Rell","Victory","=""0/1/15""","1.1","178","83.3%"
"5","OK BRION vs DRX","29:02","1613","Rich","TOP","Jayce","Defeat","=""0/3/1""","8.8","470","50%"
"5","OK BRION vs DRX","29:02","4753","Sponge","JUNGLE","Sejuani","Defeat","=""0/5/2""","5.7","281","100%"
"5","OK BRION vs DRX","29:02","1504","Ucal","MID","Viktor","Defeat","=""0/4/1""","8.4","506","50%"
"6","OK BRION vs DRX","41:20","4938","Andil","SUPPORT","Renata Glasc","Victory","=""0/4/16""","1.4","168","72.7%"
"6","OK BRION vs DRX","41:20","3195","Clozer","MID","Yasuo","Defeat","=""5/4/5""","9.1","451","58.8%"
"6","OK BRION vs DRX","41:20","4217","HamBak","JUNGLE","Brand","Defeat","=""3/6/11""","6.8","806","82.4%"
"6","OK BRION vs DRX","41:20","3694","Hype","ADC","Varus","Defeat","=""5/4/8""","8.3","865","76.5%"
"6","OK BRION vs DRX","41:20","5919","LazyFeel","ADC","Kalista","Victory","=""6/4/9""","8.4","669","68.2%"
"6","OK BRION vs DRX","41:20","2545","Morgan","TOP","Renekton","Defeat","=""4/4/7""","8.1","545","64.7%"
"6","OK BRION vs DRX","41:20","4865","Pollu","SUPPORT","Nautilus","Defeat","=""0/4/15""","0.9","218","88.2%"
"6","OK BRION vs DRX","41:20","1613","Rich","TOP","Gragas","Victory","=""3/3/11""","5.9","575","63.6%"
"6","OK BRION vs DRX","41:20","4753","Sponge","JUNGLE","Xin Zhao","Victory","=""6/6/4""","6.0","622","45.5%"
"6","OK BRION vs DRX","41:20","1504","Ucal","MID","Ambessa","Victory","=""7/0/10""","8.5","816","77.3%"
"7","BNK FearX vs KT Rolster","27:39","650","Bdd","MID","Viktor","Defeat","=""1/7/6""","8.3","909","87.5%"
"7","BNK FearX vs KT Rolster","27:39","3421","Clear","TOP","KSante","Victory","=""7/1/14""","5.9","585","77.8%"
"7","BNK FearX vs KT Rolster","27:39","983","Cuzz","JUNGLE","Xin Zhao","Defeat","=""2/6/4""","6.4","408","75%"
"7","BNK FearX vs KT Rolster","27:39","4943","Diable","ADC","Zeri","Victory","=""11/1/9""","10.1","963","74.1%"
"7","BNK FearX vs KT Rolster","27:39","1971","Kellin","SUPPORT","Rell","Victory","=""1/3/16""","1.0","195","63%"
"7","BNK FearX vs KT Rolster","27:39","5122","PerfecT","TOP","Jayce","Defeat","=""0/5/1""","7.8","490","12.5%"
"7","BNK FearX vs KT Rolster","27:39","4233","Raptor","JUNGLE","Wukong","Victory","=""7/2/12""","6.2","610","70.4%"
"7","BNK FearX vs KT Rolster","27:39","3326","Vicla","MID","Taliyah","Victory","=""1/1/18""","8.2","550","70.4%"
"7","BNK FearX vs KT Rolster","27:39","4572","Way","SUPPORT","Poppy","Defeat","=""2/4/3""","0.7","214","62.5%"
"7","BNK FearX vs KT Rolster","27:39","2508","deokdam","ADC","Caitlyn","Defeat","=""3/5/1""","8.9","491","50%"
"8","BNK FearX vs KT Rolster","29:31","650","Bdd","MID","Azir","Victory","=""7/0/7""","8.8","786","87.5%"
"8","BNK FearX vs KT Rolster","29:31","3421","Clear","TOP","Ambessa","Defeat","=""1/3/5""","8.5","624","100%"
"8","BNK FearX vs KT Rolster","29:31","983","Cuzz","JUNGLE","Sejuani","Victory","=""1/1/8""","6.3","518","56.2%"
"8","BNK FearX vs KT Rolster","29:31","4943","Diable","ADC","Xayah","Defeat","=""2/3/3""","10.1","719","83.3%"
"8","BNK FearX vs KT Rolster","29:31","1971","Kellin","SUPPORT","Rakan","Defeat","=""0/2/5""","0.7","141","83.3%"
"8","BNK FearX vs KT Rolster","29:31","5122","PerfecT","TOP","Jax","Victory","=""3/1/5""","8.3","524","50%"
"8","BNK FearX vs KT Rolster","29:31","4233","Raptor","JUNGLE","Jarvan IV","Defeat","=""1/3/4""","5.5","346","83.3%"
"8","BNK FearX vs KT Rolster","29:31","3326","Vicla","MID","Akali","Defeat","=""2/5/2""","8.0","540","66.7%"
"8","BNK FearX vs KT Rolster","29:31","4572","Way","SUPPORT","Lulu","Victory","=""0/1/13""","0.9","248","81.2%"
"8","BNK FearX vs KT Rolster","29:31","2508","deokdam","ADC","Jinx","Victory","=""5/3/7""","9.6","783","75%"
"9","BNK FearX vs KT Rolster","31:54","650","Bdd","MID","Yone","Victory","=""8/1/6""","9.6","599","51.9%"
"9","BNK FearX vs KT Rolster","31:54","3421","Clear","TOP","Rumble","Defeat","=""1/6/3""","6.6","832","57.1%"
"9","BNK FearX vs KT Rolster","31:54","983","Cuzz","JUNGLE","Zyra","Victory","=""7/4/9""","7.6","818","59.3%"
"9","BNK FearX vs KT Rolster","31:54","4943","Diable","ADC","Kaisa","Defeat","=""2/3/2""","9.2","523","57.1%"
"9","BNK FearX vs KT Rolster","31:54","1971","Kellin","SUPPORT","Leona","Defeat","=""1/7/4""","1.0","194","71.4%"
"9","BNK FearX vs KT Rolster","31:54","5122","PerfecT","TOP","Renekton","Victory","=""6/0/10""","8.1","786","59.3%"
"9","BNK FearX vs KT Rolster","31:54","4233","Raptor","JUNGLE","Maokai","Defeat","=""1/7/3""","5.0","347","57.1%"
"9","BNK FearX vs KT Rolster","31:54","3326","Vicla","MID","Corki","Defeat","=""2/4/1""","8.5","897","42.9%"
"9","BNK FearX vs KT Rolster","31:54","4572","Way","SUPPORT","Braum","Victory","=""1/1/24""","0.8","310","92.6%"
"9","BNK FearX vs KT Rolster","31:54","2508","deokdam","ADC","Ashe","Victory","=""5/1/12""","8.9","638","63%"
"10","Dplus KIA vs T1","23:24","1328","Aiming","ADC","Ezreal","Victory","=""2/1/6""","9.5","656","57.1%"
"10","Dplus KIA vs T1","23:24","2184","BeryL","SUPPORT","Leona","Victory","=""2/1/3""","1.3","186","35.7%"
"10","Dplus KIA vs T1","23:24","1242","Doran","TOP","Gragas","Defeat","=""0/1/0""","9.0","324","0%"
"10","Dplus KIA vs T1","23:24","48","Faker","MID","Yone","Defeat","=""0/2/0""","9.2","373","0%"
"10","Dplus KIA vs T1","23:24","3247","Gumayusi","ADC","Ashe","Defeat","=""1/4/1""","9.9","390","100%"
"10","Dplus KIA vs T1","23:24","1258","Keria","SUPPORT","Rell","Defeat","=""0/4/2""","1.2","164","100%"
"10","Dplus KIA vs T1","23:24","3895","Lucid","JUNGLE","Nidalee","Victory","=""3/0/6""","8.2","295","64.3%"
"10","Dplus KIA vs T1","23:24","3741","Oner","JUNGLE","Zyra","Defeat","=""1/3/0""","6.9","298","50%"
"10","Dplus KIA vs T1","23:24","1250","ShowMaker","MID","Jayce","Victory","=""4/0/3""","9.4","739","50%"
"10","Dplus KIA vs T1","23:24","5392","Siwoo","TOP","Ambessa","Victory","=""3/0/4""","8.9","889","50%"
"11","Dplus KIA vs T1","31:49","1328","Aiming","ADC","Corki","Defeat","=""2/2/3""","8.8","721","71.4%"
"11","Dplus KIA vs T1","31:49","2184","BeryL","SUPPORT","Rakan","Defeat","=""0/4/5""","1.4","93","71.4%"
"11","Dplus KIA vs T1","31:49","1242","Doran","TOP","KSante","Victory","=""1/4/7""","7.3","295","47.1%"
"11","Dplus KIA vs T1","31:49","48","Faker","MID","Viktor","Victory","=""3/1/8""","8.5","1041","64.7%"
"11","Dplus KIA vs T1","31:49","3247","Gumayusi","ADC","Varus","Victory","=""9/0/7""","9.3","752","94.1%"
"11","Dplus KIA vs T1","31:49","1258","Keria","SUPPORT","Renata Glasc","Victory","=""0/1/14""","1.1","164","82.4%"
"11","Dplus KIA vs T1","31:49","3895","Lucid","JUNGLE","Wukong","Defeat","=""3/4/2""","6.0","306","71.4%"
"11","Dplus KIA vs T1","31:49","3741","Oner","JUNGLE","Xin Zhao","Victory","=""4/2/10""","6.7","703","82.4%"
"11","Dplus KIA vs T1","31:49","1250","ShowMaker","MID","Xerath","Defeat","=""2/3/3""","7.7","713","71.4%"
"11","Dplus KIA vs T1","31:49","5392","Siwoo","TOP","Rumble","Defeat","=""0/4/1""","7.3","519","14.3%"
"12","Dplus KIA vs T1","34:04","1328","Aiming","ADC","Jinx","Victory","=""6/0/11""","10.0","833","94.4%"
"12","Dplus KIA vs T1","34:04","2184","BeryL","SUPPORT","Braum","Victory","=""0/2/17""","1.1","198","94.4%"
"12","Dplus KIA vs T1","34:04","1242","Doran","TOP","Jax","Defeat","=""2/3/3""","8.1","295","55.6%"
"12","Dplus KIA vs T1","34:04","48","Faker","MID","Azir","Defeat","=""1/4/3""","10.0","726","44.4%"
"12","Dplus KIA vs T1","34:04","3247","Gumayusi","ADC","Jhin","Defeat","=""5/4/4""","8.8","679","100%"
"12","Dplus KIA vs T1","34:04","1258","Keria","SUPPORT","Bard","Defeat","=""1/4/8""","0.9","268","100%"
"12","Dplus KIA vs T1","34:04","3895","Lucid","JUNGLE","Vi","Victory","=""2/2/13""","6.3","251","83.3%"
"12","Dplus KIA vs T1","34:04","3741","Oner","JUNGLE","Poppy","Defeat","=""0/3/5""","4.8","303","55.6%"
"12","Dplus KIA vs T1","34:04","1250","ShowMaker","MID","Ahri","Victory","=""9/2/7""","8.3","907","88.9%"
"12","Dplus KIA vs T1","34:04","5392","Siwoo","TOP","Sion","Victory","=""1/3/10""","6.2","293","61.1%"
"13","GEN vs HLE","23:10","1909","Canyon","JUNGLE","Xin Zhao","Victory","=""4/2/12""","5.8","789","59.3%"
"13","GEN vs HLE","23:10","1629","Chovy","MID","Galio","Victory","=""6/0/16""","8.6","1141","81.5%"
"13","GEN vs HLE","23:10","3411","Delight","SUPPORT","Rakan","Defeat","=""2/6/5""","1.3","223","87.5%"
"13","GEN vs HLE","23:10","4259","Duro","SUPPORT","Lulu","Victory","=""1/3/20""","0.8","355","77.8%"
"13","GEN vs HLE","23:10","1115","Kiin","TOP","Jayce","Victory","=""3/1/13""","7.7","950","59.3%"
"13","GEN vs HLE","23:10","392","Peanut","JUNGLE","Vi","Defeat","=""3/5/3""","6.0","615","75%"
"13","GEN vs HLE","23:10","685","Ruler","ADC","Jinx","Victory","=""13/2/4""","9.5","985","63%"
"13","GEN vs HLE","23:10","1228","Viper","ADC","Tristana","Defeat","=""1/5/3""","7.7","350","50%"
"13","GEN vs HLE","23:10","2906","Zeka","MID","Aurora","Defeat","=""2/4/5""","7.6","937","87.5%"
"13","GEN vs HLE","23:10","3658","Zeus","TOP","Ornn","Defeat","=""0/7/5""","5.1","616","62.5%"
"14","GEN vs HLE","29:12","1909","Canyon","JUNGLE","Nidalee","Victory","=""3/0/5""","6.9","411","80%"
"14","GEN vs HLE","29:12","1629","Chovy","MID","Hwei","Victory","=""3/0/5""","9.7","663","80%"
"14","GEN vs HLE","29:12","3411","Delight","SUPPORT","Bard","Defeat","=""0/2/1""","1.3","91","50%"
"14","GEN vs HLE","29:12","4259","Duro","SUPPORT","Leona","Victory","=""1/1/7""","1.4","115","80%"
"14","GEN vs HLE","29:12","1115","Kiin","TOP","Renekton","Victory","=""2/1/4""","7.5","444","60%"
"14","GEN vs HLE","29:12","392","Peanut","JUNGLE","Zyra","Defeat","=""1/2/0""","6.6","270","50%"
"14","GEN vs HLE","29:12","685","Ruler","ADC","Ashe","Victory","=""1/0/4""","9.0","451","50%"
"14","GEN vs HLE","29:12","1228","Viper","ADC","Caitlyn","Defeat","=""0/1/1""","9.7","556","50%"
"14","GEN vs HLE","29:12","2906","Zeka","MID","Corki","Defeat","=""0/2/0""","10.1","391","0%"
"14","GEN vs HLE","29:12","3658","Zeus","TOP","Ambessa","Defeat","=""1/3/0""","7.6","367","50%"
"15","NS vs OK BRION","33:52","3438","Bull","ADC","Ezreal","Defeat","=""4/0/5""","8.9","1059","81.8%"
"15","NS vs OK BRION","33:52","3195","Clozer","MID","Corki","Defeat","=""3/2/8""","9.1","712","100%"
"15","NS vs OK BRION","33:52","4796","Fisher","MID","Azir","Victory","=""5/4/7""","8.0","699","63.2%"
"15","NS vs OK BRION","33:52","3327","GIDEON","JUNGLE","Maokai","Victory","=""2/1/12""","6.1","475","73.7%"
"15","NS vs OK BRION","33:52","4217","HamBak","JUNGLE","Zyra","Defeat","=""2/6/9""","5.8","825","100%"
"15","NS vs OK BRION","33:52","4755","Jiwoo","ADC","Ashe","Victory","=""5/1/9""","8.6","621","73.7%"
"15","NS vs OK BRION","33:52","738","Lehends","SUPPORT","Rell","Victory","=""2/4/13""","1.0","129","78.9%"
"15","NS vs OK BRION","33:52","2545","Morgan","TOP","Jax","Defeat","=""2/4/3""","6.9","317","45.5%"
"15","NS vs OK BRION","33:52","4865","Pollu","SUPPORT","Leona","Defeat","=""0/7/10""","0.9","160","90.9%"
"15","NS vs OK BRION","33:52","1229","kingen","TOP","Gangplank","Victory","=""5/1/8""","8.6","1100","68.4%"
"16","NS vs OK BRION","41:08","3438","Bull","ADC","Varus","Defeat","=""2/3/8""","7.9","795","58.8%"
"16","NS vs OK BRION","41:08","3195","Clozer","MID","Aurora","Defeat","=""9/2/4""","8.3","1058","76.5%"
"16","NS vs OK BRION","41:08","4796","Fisher","MID","Smolder","Victory","=""5/1/14""","8.1","862","70.4%"
"16","NS vs OK BRION","41:08","3327","GIDEON","JUNGLE","Sejuani","Victory","=""3/2/18""","5.7","417","77.8%"
"16","NS vs OK BRION","41:08","4217","HamBak","JUNGLE","Nocturne","Defeat","=""1/8/9""","6.1","518","58.8%"
"16","NS vs OK BRION","41:08","4755","Jiwoo","ADC","Kalista","Victory","=""6/4/10""","7.3","493","59.3%"
"16","NS vs OK BRION","41:08","738","Lehends","SUPPORT","Elise","Victory","=""6/8/7""","1.6","393","48.1%"
"16","NS vs OK BRION","41:08","2545","Morgan","TOP","Ambessa","Defeat","=""5/7/6""","6.4","414","64.7%"
"16","NS vs OK BRION","41:08","4865","Pollu","SUPPORT","Renata Glasc","Defeat","=""0/7/13""","0.8","245","76.5%"
"16","NS vs OK BRION","41:08","1229","kingen","TOP","Rumble","Victory","=""7/2/12""","7.2","1024","70.4%"
"17","DRX vs T1","28:17","4938","Andil","SUPPORT","Leona","Defeat","=""0/6/4""","0.9","135","66.7%"
"17","DRX vs T1","28:17","1242","Doran","TOP","Rumble","Victory","=""1/2/3""","8.1","404","25%"
"17","DRX vs T1","28:17","48","Faker","MID","Aurora","Victory","=""3/1/4""","8.6","552","43.8%"
"17","DRX vs T1","28:17","3247","Gumayusi","ADC","Caitlyn","Victory","=""3/1/8""","11.0","473","68.8%"
"17","DRX vs T1","28:17","1258","Keria","SUPPORT","Elise","Victory","=""4/1/7""","0.8","458","68.8%"
"17","DRX vs T1","28:17","5919","LazyFeel","ADC","Corki","Defeat","=""1/3/0""","9.2","250","16.7%"
"17","DRX vs T1","28:17","3741","Oner","JUNGLE","Lee Sin","Victory","=""5/1/6""","7.4","406","68.8%"
"17","DRX vs T1","28:17","1613","Rich","TOP","Ornn","Defeat","=""0/5/1""","6.5","234","16.7%"
"17","DRX vs T1","28:17","4753","Sponge","JUNGLE","Wukong","Defeat","=""1/1/3""","5.9","253","66.7%"
"17","DRX vs T1","28:17","1504","Ucal","MID","Viktor","Defeat","=""4/1/0""","9.0","805","66.7%"
"18","DRX vs T1","34:06","4938","Andil","SUPPORT","Poppy","Defeat","=""1/6/6""","1.3","296","38.9%"
"18","DRX vs T1","34:06","1242","Doran","TOP","Jayce","Victory","=""4/7/9""","7.2","858","52%"
"18","DRX vs T1","34:06","48","Faker","MID","Galio","Victory","=""5/2/14""","8.0","888","76%"
"18","DRX vs T1","34:06","3247","Gumayusi","ADC","Xayah","Victory","=""7/3/6""","9.9","779","52%"
"18","DRX vs T1","34:06","1258","Keria","SUPPORT","Rakan","Victory","=""1/4/17""","0.7","102","72%"
"18","DRX vs T1","34:06","5919","LazyFeel","ADC","Ezreal","Defeat","=""6/5/8""","7.2","1026","77.8%"
"18","DRX vs T1","34:06","3741","Oner","JUNGLE","Xin Zhao","Victory","=""8/3/8""","6.7","815","64%"
"18","DRX vs T1","34:06","1613","Rich","TOP","Ambessa","Defeat","=""4/6/3""","5.8","978","38.9%"
"18","DRX vs T1","34:06","4753","Sponge","JUNGLE","Vi","Defeat","=""4/6/8""","5.4","475","66.7%"
"18","DRX vs T1","34:06","1504","Ucal","MID","Taliyah","Defeat","=""3/2/12""","8.2","1263","83.3%"
"19","Dplus KIA vs DN Freecs","28:25","1328","Aiming","ADC","Varus","Victory","=""7/0/9""","8.7","1048","69.6%"
"19","Dplus KIA vs DN Freecs","28:25","3322","Berserker","ADC","Miss Fortune","Defeat","=""2/2/1""","9.6","655","42.9%"
"19","Dplus KIA vs DN Freecs","28:25","2184","BeryL","SUPPORT","Poppy","Victory","=""1/2/9""","1.2","121","43.5%"
"19","Dplus KIA vs DN Freecs","28:25","3974","Bulldog","MID","Corki","Defeat","=""1/6/3""","8.2","1024","57.1%"
"19","Dplus KIA vs DN Freecs","28:25","3082","DuDu","TOP","Ambessa","Defeat","=""0/5/2""","6.3","492","28.6%"
"19","Dplus KIA vs DN Freecs","28:25","1906","Life","SUPPORT","Leona","Defeat","=""2/5/3""","0.8","214","71.4%"
"19","Dplus KIA vs DN Freecs","28:25","3895","Lucid","JUNGLE","Lillia","Victory","=""8/2/12""","7.7","750","87%"
"19","Dplus KIA vs DN Freecs","28:25","2664","Pyosik","JUNGLE","Sejuani","Defeat","=""2/5/3""","4.8","376","71.4%"
"19","Dplus KIA vs DN Freecs","28:25","1250","ShowMaker","MID","Sett","Victory","=""4/1/12""","7.3","437","69.6%"
"19","Dplus KIA vs DN Freecs","28:25","5392","Siwoo","TOP","Jayce","Victory","=""3/2/14""","7.2","594","73.9%"
"20","Dplus KIA vs DN Freecs","34:07","1328","Aiming","ADC","Ezreal","Victory","=""8/0/7""","9.4","1044","71.4%"
"20","Dplus KIA vs DN Freecs","34:07","3322","Berserker","ADC","Ashe","Defeat","=""4/2/7""","9.4","735","73.3%"
"20","Dplus KIA vs DN Freecs","34:07","2184","BeryL","SUPPORT","Elise","Victory","=""3/9/8""","1.1","325","52.4%"
"20","Dplus KIA vs DN Freecs","34:07","3974","Bulldog","MID","Taliyah","Defeat","=""3/4/5""","7.2","837","53.3%"
"20","Dplus KIA vs DN Freecs","34:07","3082","DuDu","TOP","Gnar","Defeat","=""4/6/6""","6.5","665","66.7%"
"20","Dplus KIA vs DN Freecs","34:07","1906","Life","SUPPORT","Nautilus","Defeat","=""0/6/8""","1.3","208","53.3%"
"20","Dplus KIA vs DN Freecs","34:07","3895","Lucid","JUNGLE","Pantheon","Victory","=""4/1/12""","5.6","660","76.2%"
"20","Dplus KIA vs DN Freecs","34:07","2664","Pyosik","JUNGLE","Vi","Defeat","=""4/3/4""","6.4","477","53.3%"
"20","Dplus KIA vs DN Freecs","34:07","1250","ShowMaker","MID","Zilean","Victory","=""1/1/14""","6.6","369","71.4%"
"20","Dplus KIA vs DN Freecs","34:07","5392","Siwoo","TOP","Rumble","Victory","=""5/4/8""","6.9","909","61.9%"
"21","BNK FearX vs GEN","29:11","1909","Canyon","JUNGLE","Xin Zhao","Victory","=""4/2/10""","6.7","590","63.6%"
"21","BNK FearX vs GEN","29:11","1629","Chovy","MID","Sylas","Victory","=""6/2/11""","7.1","681","77.3%"
"21","BNK FearX vs GEN","29:11","3421","Clear","TOP","Jayce","Defeat","=""1/6/3""","8.1","416","40%"
"21","BNK FearX vs GEN","29:11","4943","Diable","ADC","Jinx","Defeat","=""3/3/7""","9.4","626","100%"
"21","BNK FearX vs GEN","29:11","4259","Duro","SUPPORT","Rell","Victory","=""2/3/18""","0.5","176","90.9%"
"21","BNK FearX vs GEN","29:11","1971","Kellin","SUPPORT","Tahm Kench","Defeat","=""0/3/9""","0.9","225","90%"
"21","BNK FearX vs GEN","29:11","1115","Kiin","TOP","Ambessa","Victory","=""7/1/6""","8.6","770","59.1%"
"21","BNK FearX vs GEN","29:11","4233","Raptor","JUNGLE","Wukong","Defeat","=""4/5/6""","5.8","512","100%"
"21","BNK FearX vs GEN","29:11","685","Ruler","ADC","Miss Fortune","Victory","=""3/2/8""","9.3","863","50%"
"21","BNK FearX vs GEN","29:11","3326","Vicla","MID","Galio","Defeat","=""2/5/7""","6.8","851","90%"
"22","BNK FearX vs GEN","40:05","1909","Canyon","JUNGLE","Nidalee","Victory","=""4/2/12""","6.7","629","72.7%"
"22","BNK FearX vs GEN","40:05","1629","Chovy","MID","Yone","Victory","=""6/4/7""","8.5","1106","59.1%"
"22","BNK FearX vs GEN","40:05","3421","Clear","TOP","KSante","Defeat","=""0/6/13""","4.8","262","52%"
"22","BNK FearX vs GEN","40:05","4943","Diable","ADC","Ezreal","Defeat","=""8/2/10""","9.5","1117","72%"
"22","BNK FearX vs GEN","40:05","4259","Duro","SUPPORT","Leona","Victory","=""1/8/14""","0.6","206","68.2%"
"22","BNK FearX vs GEN","40:05","1971","Kellin","SUPPORT","Alistar","Defeat","=""1/4/22""","0.8","286","92%"
"22","BNK FearX vs GEN","40:05","1115","Kiin","TOP","Aurora","Victory","=""7/5/8""","6.8","1027","68.2%"
"22","BNK FearX vs GEN","40:05","4233","Raptor","JUNGLE","Zyra","Defeat","=""9/4/8""","5.6","991","68%"
"22","BNK FearX vs GEN","40:05","685","Ruler","ADC","Varus","Victory","=""4/6/13""","8.0","990","77.3%"
"22","BNK FearX vs GEN","40:05","3326","Vicla","MID","Corki","Defeat","=""7/6/9""","7.7","1308","64%"
"23","KT Rolster vs HLE","26:54","650","Bdd","MID","Galio","Defeat","=""0/3/4""","7.6","401","66.7%"
"23","KT Rolster vs HLE","26:54","983","Cuzz","JUNGLE","Vi","Defeat","=""3/2/3""","7.0","491","100%"
"23","KT Rolster vs HLE","26:54","3411","Delight","SUPPORT","Rakan","Victory","=""2/1/16""","1.4","110","81.8%"
"23","KT Rolster vs HLE","26:54","392","Peanut","JUNGLE","Xin Zhao","Victory","=""4/2/14""","6.1","481","81.8%"
"23","KT Rolster vs HLE","26:54","5122","PerfecT","TOP","Rumble","Defeat","=""1/8/2""","6.2","586","50%"
"23","KT Rolster vs HLE","26:54","1228","Viper","ADC","Xayah","Victory","=""7/0/12""","9.6","1050","86.4%"
"23","KT Rolster vs HLE","26:54","4572","Way","SUPPORT","Leona","Defeat","=""1/5/4""","0.9","175","83.3%"
"23","KT Rolster vs HLE","26:54","2906","Zeka","MID","Azir","Victory","=""7/0/7""","9.2","622","63.6%"
"23","KT Rolster vs HLE","26:54","3658","Zeus","TOP","Jayce","Victory","=""2/3/13""","8.4","574","68.2%"
"23","KT Rolster vs HLE","26:54","2508","deokdam","ADC","Kaisa","Defeat","=""1/4/4""","8.3","558","83.3%"
"24","KT Rolster vs HLE","28:48","650","Bdd","MID","Yone","Defeat","=""2/4/1""","9.1","405","60%"
"24","KT Rolster vs HLE","28:48","983","Cuzz","JUNGLE","Viego","Defeat","=""0/6/4""","6.4","276","80%"
"24","KT Rolster vs HLE","28:48","3411","Delight","SUPPORT","Rell","Victory","=""1/2/18""","1.2","191","76%"
"24","KT Rolster vs HLE","28:48","392","Peanut","JUNGLE","Lee Sin","Victory","=""0/2/14""","6.3","424","56%"
"24","KT Rolster vs HLE","28:48","5122","PerfecT","TOP","Ambessa","Defeat","=""2/4/0""","7.3","387","40%"
"24","KT Rolster vs HLE","28:48","1228","Viper","ADC","Ashe","Victory","=""12/0/9""","9.6","842","84%"
"24","KT Rolster vs HLE","28:48","4572","Way","SUPPORT","Alistar","Defeat","=""1/6/3""","0.7","125","80%"
"24","KT Rolster vs HLE","28:48","2906","Zeka","MID","Akali","Victory","=""10/1/6""","9.0","875","64%"
"24","KT Rolster vs HLE","28:48","3658","Zeus","TOP","KSante","Victory","=""2/0/9""","8.4","561","44%"
"24","KT Rolster vs HLE","28:48","2508","deokdam","ADC","Ziggs","Defeat","=""0/5/3""","7.7","734","60%"
"25","DN Freecs vs DRX","30:14","4938","Andil","SUPPORT","Braum","Victory","=""0/3/4""","0.8","232","66.7%"
"25","DN Freecs vs DRX","30:14","3322","Berserker","ADC","Ashe","Defeat","=""1/0/3""","9.2","709","100%"
"25","DN Freecs vs DRX","30:14","3974","Bulldog","MID","Corki","Defeat","=""1/3/2""","9.1","778","75%"
"25","DN Freecs vs DRX","30:14","3082","DuDu","TOP","Rumble","Defeat","=""1/1/2""","8.6","548","75%"
"25","DN Freecs vs DRX","30:14","5919","LazyFeel","ADC","Ezreal","Victory","=""2/0/3""","9.5","958","83.3%"
"25","DN Freecs vs DRX","30:14","1906","Life","SUPPORT","Seraphine","Defeat","=""0/0/4""","0.9","310","100%"
"25","DN Freecs vs DRX","30:14","2664","Pyosik","JUNGLE","Maokai","Defeat","=""1/2/2""","5.7","311","75%"
"25","DN Freecs vs DRX","30:14","1613","Rich","TOP","KSante","Victory","=""2/1/3""","6.4","196","83.3%"
"25","DN Freecs vs DRX","30:14","4753","Sponge","JUNGLE","Nidalee","Victory","=""2/0/3""","7.1","564","83.3%"
"25","DN Freecs vs DRX","30:14","1504","Ucal","MID","Yone","Victory","=""0/0/2""","10.7","227","33.3%"
"26","DN Freecs vs DRX","31:54","4938","Andil","SUPPORT","Leona","Defeat","=""0/4/2""","1.3","111","100%"
"26","DN Freecs vs DRX","31:54","3322","Berserker","ADC","Kaisa","Victory","=""11/0/5""","10.1","719","76.2%"
"26","DN Freecs vs DRX","31:54","3974","Bulldog","MID","Taliyah","Victory","=""3/0/13""","9.5","598","76.2%"
"26","DN Freecs vs DRX","31:54","3082","DuDu","TOP","Ambessa","Victory","=""2/0/12""","8.8","549","66.7%"
"26","DN Freecs vs DRX","31:54","5919","LazyFeel","ADC","Miss Fortune","Defeat","=""0/4/2""","10.8","280","100%"
"26","DN Freecs vs DRX","31:54","1906","Life","SUPPORT","Rell","Victory","=""0/1/18""","1.0","112","85.7%"
"26","DN Freecs vs DRX","31:54","2664","Pyosik","JUNGLE","Vi","Victory","=""5/1/10""","7.8","439","71.4%"
"26","DN Freecs vs DRX","31:54","1613","Rich","TOP","Jayce","Defeat","=""1/5/1""","7.4","507","100%"
"26","DN Freecs vs DRX","31:54","4753","Sponge","JUNGLE","Pantheon","Defeat","=""0/5/2""","6.2","231","100%"
"26","DN Freecs vs DRX","31:54","1504","Ucal","MID","Aurora","Defeat","=""1/3/0""","9.5","368","50%"
"27","DN Freecs vs DRX","34:56","4938","Andil","SUPPORT","Nautilus","Victory","=""1/6/12""","0.7","146","81.2%"
"27","DN Freecs vs DRX","34:56","3322","Berserker","ADC","Kalista","Defeat","=""6/3/4""","9.6","471","83.3%"
"27","DN Freecs vs DRX","34:56","3974","Bulldog","MID","Orianna","Defeat","=""0/5/10""","8.4","619","83.3%"
"27","DN Freecs vs DRX","34:56","3082","DuDu","TOP","Gragas","Defeat","=""2/1/6""","7.0","381","66.7%"
"27","DN Freecs vs DRX","34:56","5919","LazyFeel","ADC","Varus","Victory","=""6/2/5""","10.2","530","68.8%"
"27","DN Freecs vs DRX","34:56","1906","Life","SUPPORT","Neeko","Defeat","=""2/3/9""","0.8","460","91.7%"
"27","DN Freecs vs DRX","34:56","2664","Pyosik","JUNGLE","Xin Zhao","Defeat","=""2/4/7""","5.6","412","75%"
"27","DN Freecs vs DRX","34:56","1613","Rich","TOP","Jax","Victory","=""3/1/4""","7.0","342","43.8%"
"27","DN Freecs vs DRX","34:56","4753","Sponge","JUNGLE","Sejuani","Victory","=""4/1/8""","6.7","447","75%"
"27","DN Freecs vs DRX","34:56","1504","Ucal","MID","Sylas","Victory","=""2/2/10""","9.4","483","75%"
"28","Dplus KIA vs BNK FearX","26:08","1328","Aiming","ADC","Ashe","Victory","=""5/1/14""","8.7","998","79.2%"
"28","Dplus KIA vs BNK FearX","26:08","2184","BeryL","SUPPORT","Braum","Victory","=""0/2/21""","1.3","253","87.5%"
"28","Dplus KIA vs BNK FearX","26:08","3421","Clear","TOP","Renekton","Defeat","=""0/5/2""","7.7","278","28.6%"
"28","Dplus KIA vs BNK FearX","26:08","4943","Diable","ADC","Kalista","Defeat","=""4/5/2""","8.5","643","85.7%"
"28","Dplus KIA vs BNK FearX","26:08","1971","Kellin","SUPPORT","Neeko","Defeat","=""1/4/5""","1.0","527","85.7%"
"28","Dplus KIA vs BNK FearX","26:08","3895","Lucid","JUNGLE","Viego","Victory","=""10/2/10""","6.7","687","83.3%"
"28","Dplus KIA vs BNK FearX","26:08","4233","Raptor","JUNGLE","Xin Zhao","Defeat","=""1/4/4""","5.7","380","71.4%"
"28","Dplus KIA vs BNK FearX","26:08","1250","ShowMaker","MID","Zoe","Victory","=""6/1/13""","7.8","1200","79.2%"
"28","Dplus KIA vs BNK FearX","26:08","5392","Siwoo","TOP","Sion","Victory","=""3/1/13""","6.8","714","66.7%"
"28","Dplus KIA vs BNK FearX","26:08","3326","Vicla","MID","Galio","Defeat","=""1/6/4""","6.0","723","71.4%"
"29","Dplus KIA vs BNK FearX","27:29","1328","Aiming","ADC","Ziggs","Victory","=""4/0/14""","8.6","612","78.3%"
"29","Dplus KIA vs BNK FearX","27:29","2184","BeryL","SUPPORT","Leona","Victory","=""2/2/20""","1.7","232","95.7%"
"29","Dplus KIA vs BNK FearX","27:29","3421","Clear","TOP","Rumble","Defeat","=""1/4/0""","7.7","643","33.3%"
"29","Dplus KIA vs BNK FearX","27:29","4943","Diable","ADC","Varus","Defeat","=""2/5/1""","8.6","387","100%"
"29","Dplus KIA vs BNK FearX","27:29","1971","Kellin","SUPPORT","Renata Glasc","Defeat","=""0/4/3""","1.2","108","100%"
"29","Dplus KIA vs BNK FearX","27:29","3895","Lucid","JUNGLE","Skarner","Victory","=""3/0/13""","6.6","390","69.6%"
"29","Dplus KIA vs BNK FearX","27:29","4233","Raptor","JUNGLE","Vi","Defeat","=""0/5/0""","5.9","250","0%"
"29","Dplus KIA vs BNK FearX","27:29","1250","ShowMaker","MID","Ahri","Victory","=""10/0/9""","8.8","1007","82.6%"
"29","Dplus KIA vs BNK FearX","27:29","5392","Siwoo","TOP","Ambessa","Victory","=""4/1/6""","7.8","521","43.5%"
"29","Dplus KIA vs BNK FearX","27:29","3326","Vicla","MID","Yone","Defeat","=""0/5/2""","8.3","547","66.7%"
"30","Dplus KIA vs BNK FearX","31:38","1328","Aiming","ADC","Ezreal","Defeat","=""2/2/2""","9.1","813","66.7%"
"30","Dplus KIA vs BNK FearX","31:38","2184","BeryL","SUPPORT","Pantheon","Defeat","=""1/5/5""","1.0","353","100%"
"30","Dplus KIA vs BNK FearX","31:38","3421","Clear","TOP","KSante","Victory","=""3/1/8""","7.1","556","64.7%"
"30","Dplus KIA vs BNK FearX","31:38","4943","Diable","ADC","Zeri","Victory","=""9/0/4""","10.2","973","76.5%"
"30","Dplus KIA vs BNK FearX","31:38","1971","Kellin","SUPPORT","Alistar","Victory","=""0/2/11""","0.7","152","64.7%"
"30","Dplus KIA vs BNK FearX","31:38","3895","Lucid","JUNGLE","Sejuani","Defeat","=""1/3/4""","5.9","343","83.3%"
"30","Dplus KIA vs BNK FearX","31:38","4233","Raptor","JUNGLE","Wukong","Victory","=""2/3/6""","5.3","250","47.1%"
"30","Dplus KIA vs BNK FearX","31:38","1250","ShowMaker","MID","Viktor","Defeat","=""2/3/2""","8.1","819","66.7%"
"30","Dplus KIA vs BNK FearX","31:38","5392","Siwoo","TOP","Jayce","Defeat","=""0/4/2""","7.8","511","33.3%"
"30","Dplus KIA vs BNK FearX","31:38","3326","Vicla","MID","Azir","Victory","=""3/0/10""","8.9","646","76.5%"
"31","HLE vs NS","35:40","3411","Delight","SUPPORT","Poppy","Victory","=""3/3/12""","1.3","269","65.2%"
"31","HLE vs NS","35:40","4796","Fisher","MID","Ambessa","Defeat","=""1/5/6""","7.2","551","53.8%"
"31","HLE vs NS","35:40","3327","GIDEON","JUNGLE","Vi","Defeat","=""3/4/3""","5.5","242","46.2%"
"31","HLE vs NS","35:40","4755","Jiwoo","ADC","Kaisa","Defeat","=""5/7/6""","8.3","891","84.6%"
"31","HLE vs NS","35:40","738","Lehends","SUPPORT","Nautilus","Defeat","=""1/5/9""","0.9","201","76.9%"
"31","HLE vs NS","35:40","392","Peanut","JUNGLE","Maokai","Victory","=""3/2/15""","5.2","438","78.3%"
"31","HLE vs NS","35:40","1228","Viper","ADC","Xayah","Victory","=""11/3/7""","10.7","704","78.3%"
"31","HLE vs NS","35:40","2906","Zeka","MID","Yone","Victory","=""5/2/10""","8.6","847","65.2%"
"31","HLE vs NS","35:40","3658","Zeus","TOP","KSante","Victory","=""1/3/12""","6.6","399","56.5%"
"31","HLE vs NS","35:40","1229","kingen","TOP","Aurora","Defeat","=""3/2/7""","8.2","833","76.9%"
"32","HLE vs NS","37:33","3411","Delight","SUPPORT","Lux","Victory","=""0/1/7""","1.1","309","70%"
"32","HLE vs NS","37:33","4796","Fisher","MID","Corki","Defeat","=""0/2/1""","7.8","695","25%"
"32","HLE vs NS","37:33","3327","GIDEON","JUNGLE","Sejuani","Defeat","=""0/2/1""","6.4","226","25%"
"32","HLE vs NS","37:33","4755","Jiwoo","ADC","Lucian","Defeat","=""3/2/1""","8.1","844","100%"
"32","HLE vs NS","37:33","738","Lehends","SUPPORT","Nami","Defeat","=""0/2/4""","1.1","213","100%"
"32","HLE vs NS","37:33","392","Peanut","JUNGLE","Xin Zhao","Victory","=""4/1/3""","6.7","485","70%"
"32","HLE vs NS","37:33","1228","Viper","ADC","Caitlyn","Victory","=""4/0/3""","9.3","922","70%"
"32","HLE vs NS","37:33","2906","Zeka","MID","Azir","Victory","=""2/1/3""","8.4","639","50%"
"32","HLE vs NS","37:33","3658","Zeus","TOP","Galio","Victory","=""0/1/5""","8.0","464","50%"
"32","HLE vs NS","37:33","1229","kingen","TOP","Rumble","Defeat","=""1/2/2""","8.0","578","75%"
"33","OK BRION vs GEN","33:33","1909","Canyon","JUNGLE","Xin Zhao","Defeat","=""2/5/4""","5.5","375","60%"
"33","OK BRION vs GEN","33:33","1629","Chovy","MID","Galio","Defeat","=""3/2/6""","9.6","687","90%"
"33","OK BRION vs GEN","33:33","3195","Clozer","MID","Azir","Victory","=""2/3/9""","9.5","700","55%"
"33","OK BRION vs GEN","33:33","4259","Duro","SUPPORT","Lulu","Defeat","=""0/3/9""","0.8","153","90%"
"33","OK BRION vs GEN","33:33","4217","HamBak","JUNGLE","Lee Sin","Victory","=""6/2/12""","5.2","421","90%"
"33","OK BRION vs GEN","33:33","3694","Hype","ADC","Ashe","Victory","=""7/0/9""","9.1","915","80%"
"33","OK BRION vs GEN","33:33","1115","Kiin","TOP","Urgot","Defeat","=""3/6/4""","7.6","477","70%"
"33","OK BRION vs GEN","33:33","2545","Morgan","TOP","Jax","Victory","=""5/2/8""","8.4","479","65%"
"33","OK BRION vs GEN","33:33","4865","Pollu","SUPPORT","Rell","Victory","=""0/3/16""","0.9","110","80%"
"33","OK BRION vs GEN","33:33","685","Ruler","ADC","Varus","Defeat","=""2/4/4""","8.7","922","60%"
"34","OK BRION vs GEN","46:22","1909","Canyon","JUNGLE","Zyra","Defeat","=""3/6/6""","6.1","1125","81.8%"
"34","OK BRION vs GEN","46:22","1629","Chovy","MID","Yone","Defeat","=""2/7/4""","8.3","406","54.5%"
"34","OK BRION vs GEN","46:22","3195","Clozer","MID","Aurora","Victory","=""7/1/14""","8.3","875","95.5%"
"34","OK BRION vs GEN","46:22","4259","Duro","SUPPORT","Leona","Defeat","=""0/4/7""","0.8","157","63.6%"
"34","OK BRION vs GEN","46:22","4217","HamBak","JUNGLE","Vi","Victory","=""2/3/13""","5.8","240","68.2%"
"34","OK BRION vs GEN","46:22","3694","Hype","ADC","Kaisa","Victory","=""9/1/6""","9.6","774","68.2%"
"34","OK BRION vs GEN","46:22","1115","Kiin","TOP","Jayce","Defeat","=""2/2/9""","8.8","828","100%"
"34","OK BRION vs GEN","46:22","2545","Morgan","TOP","KSante","Victory","=""4/2/11""","7.5","265","68.2%"
"34","OK BRION vs GEN","46:22","4865","Pollu","SUPPORT","Alistar","Victory","=""0/4/17""","0.7","104","77.3%"
"34","OK BRION vs GEN","46:22","685","Ruler","ADC","Jhin","Defeat","=""4/3/6""","9.6","663","90.9%"
"35","DRX vs BNK FearX","27:34","4938","Andil","SUPPORT","Rakan","Defeat","=""0/3/9""","1.1","174","60%"
"35","DRX vs BNK FearX","27:34","3421","Clear","TOP","Renekton","Victory","=""3/2/5""","9.3","483","42.1%"
"35","DRX vs BNK FearX","27:34","4943","Diable","ADC","Varus","Victory","=""9/2/7""","8.5","823","84.2%"
"35","DRX vs BNK FearX","27:34","1971","Kellin","SUPPORT","Elise","Victory","=""2/4/8""","0.9","363","52.6%"
"35","DRX vs BNK FearX","27:34","5919","LazyFeel","ADC","Miss Fortune","Defeat","=""2/5/4""","7.8","480","40%"
"35","DRX vs BNK FearX","27:34","4233","Raptor","JUNGLE","Xin Zhao","Victory","=""1/4/10""","5.5","523","57.9%"
"35","DRX vs BNK FearX","27:34","1613","Rich","TOP","Gnar","Defeat","=""2/4/5""","7.7","837","46.7%"
"35","DRX vs BNK FearX","27:34","4753","Sponge","JUNGLE","Vi","Defeat","=""4/6/7""","5.4","432","73.3%"
"35","DRX vs BNK FearX","27:34","1504","Ucal","MID","Xerath","Defeat","=""7/1/5""","9.2","1018","80%"
"35","DRX vs BNK FearX","27:34","3326","Vicla","MID","Azir","Victory","=""4/3/5""","8.5","396","47.4%"
"36","DRX vs BNK FearX","30:09","4938","Andil","SUPPORT","Rell","Victory","=""2/0/8""","1.1","148","58.8%"
"36","DRX vs BNK FearX","30:09","3421","Clear","TOP","Jax","Defeat","=""0/2/0""","7.2","449","0%"
"36","DRX vs BNK FearX","30:09","4943","Diable","ADC","Ezreal","Defeat","=""1/3/1""","8.8","518","66.7%"
"36","DRX vs BNK FearX","30:09","1971","Kellin","SUPPORT","Leona","Defeat","=""1/5/1""","1.3","98","66.7%"
"36","DRX vs BNK FearX","30:09","5919","LazyFeel","ADC","Kaisa","Victory","=""5/0/5""","10.1","586","58.8%"
"36","DRX vs BNK FearX","30:09","4233","Raptor","JUNGLE","Wukong","Defeat","=""1/3/1""","6.1","296","66.7%"
"36","DRX vs BNK FearX","30:09","1613","Rich","TOP","Ambessa","Victory","=""1/1/4""","7.6","609","29.4%"
"36","DRX vs BNK FearX","30:09","4753","Sponge","JUNGLE","Nidalee","Victory","=""3/1/9""","8.5","562","70.6%"
"36","DRX vs BNK FearX","30:09","1504","Ucal","MID","Jayce","Victory","=""6/1/9""","8.7","722","88.2%"
"36","DRX vs BNK FearX","30:09","3326","Vicla","MID","Taliyah","Defeat","=""0/4/2""","9.7","446","66.7%"
"37","DRX vs BNK FearX","34:04","4938","Andil","SUPPORT","Braum","Victory","=""0/3/12""","0.9","148","66.7%"
"37","DRX vs BNK FearX","34:04","3421","Clear","TOP","Aurora","Defeat","=""1/5/2""","8.2","485","42.9%"
"37","DRX vs BNK FearX","34:04","4943","Diable","ADC","Zeri","Defeat","=""4/2/2""","11.2","577","85.7%"
"37","DRX vs BNK FearX","34:04","1971","Kellin","SUPPORT","Yuumi","Defeat","=""0/3/6""","0.3","316","85.7%"
"37","DRX vs BNK FearX","34:04","5919","LazyFeel","ADC","Ashe","Victory","=""1/3/10""","10.7","561","61.1%"
"37","DRX vs BNK FearX","34:04","4233","Raptor","JUNGLE","Sejuani","Defeat","=""0/4/5""","4.2","209","71.4%"
"37","DRX vs BNK FearX","34:04","1613","Rich","TOP","Rumble","Victory","=""6/0/7""","7.4","656","72.2%"
"37","DRX vs BNK FearX","34:04","4753","Sponge","JUNGLE","Lillia","Victory","=""10/1/5""","8.1","478","83.3%"
"37","DRX vs BNK FearX","34:04","1504","Ucal","MID","Lee Sin","Victory","=""1/0/4""","9.0","194","27.8%"
"37","DRX vs BNK FearX","34:04","3326","Vicla","MID","Corki","Defeat","=""2/4/4""","8.6","737","85.7%"
"38","T1 vs KT Rolster","28:30","650","Bdd","MID","Swain","Defeat","=""1/3/1""","7.8","467","100%"
"38","T1 vs KT Rolster","28:30","983","Cuzz","JUNGLE","Xin Zhao","Defeat","=""0/3/1""","6.9","186","50%"
"38","T1 vs KT Rolster","28:30","1242","Doran","TOP","Rumble","Victory","=""4/1/5""","9.1","625","60%"
"38","T1 vs KT Rolster","28:30","48","Faker","MID","Aurora","Victory","=""2/1/9""","9.3","644","73.3%"
"38","T1 vs KT Rolster","28:30","1258","Keria","SUPPORT","Rakan","Victory","=""1/0/14""","1.2","104","100%"
"38","T1 vs KT Rolster","28:30","3741","Oner","JUNGLE","Pantheon","Victory","=""3/0/9""","7.2","347","80%"
"38","T1 vs KT Rolster","28:30","5122","PerfecT","TOP","Ambessa","Defeat","=""0/2/1""","8.6","318","50%"
"38","T1 vs KT Rolster","28:30","4940","Smash","ADC","Xayah","Victory","=""5/0/7""","11.2","472","80%"
"38","T1 vs KT Rolster","28:30","4572","Way","SUPPORT","Nautilus","Defeat","=""1/5/0""","1.5","94","50%"
"38","T1 vs KT Rolster","28:30","2508","deokdam","ADC","Ziggs","Defeat","=""0/2/1""","9.1","517","50%"
"39","T1 vs KT Rolster","28:37","650","Bdd","MID","Sylas","Defeat","=""2/3/4""","8.1","388","75%"
"39","T1 vs KT Rolster","28:37","983","Cuzz","JUNGLE","Vi","Defeat","=""1/3/5""","6.3","375","75%"
"39","T1 vs KT Rolster","28:37","1242","Doran","TOP","Gnar","Victory","=""4/1/6""","9.4","923","50%"
"39","T1 vs KT Rolster","28:37","48","Faker","MID","Viktor","Victory","=""4/2/4""","8.5","652","40%"
"39","T1 vs KT Rolster","28:37","1258","Keria","SUPPORT","Poppy","Victory","=""1/2/11""","1.4","297","60%"
"39","T1 vs KT Rolster","28:37","3741","Oner","JUNGLE","Skarner","Victory","=""6/1/9""","7.0","497","75%"
"39","T1 vs KT Rolster","28:37","5122","PerfecT","TOP","KSante","Defeat","=""2/3/1""","8.2","361","37.5%"
"39","T1 vs KT Rolster","28:37","4940","Smash","ADC","Kaisa","Victory","=""5/2/6""","9.4","531","55%"
"39","T1 vs KT Rolster","28:37","4572","Way","SUPPORT","Rell","Defeat","=""1/7/5""","0.8","108","75%"
"39","T1 vs KT Rolster","28:37","2508","deokdam","ADC","Varus","Defeat","=""2/4/1""","7.4","550","37.5%"
"40","T1 vs KT Rolster","39:19","650","Bdd","MID","Ahri","Victory","=""7/0/10""","8.4","810","70.8%"
"40","T1 vs KT Rolster","39:19","983","Cuzz","JUNGLE","Wukong","Victory","=""9/0/11""","7.9","749","83.3%"
"40","T1 vs KT Rolster","39:19","1242","Doran","TOP","Jax","Defeat","=""3/6/3""","7.4","452","46.2%"
"40","T1 vs KT Rolster","39:19","48","Faker","MID","Galio","Defeat","=""2/3/8""","7.9","450","76.9%"
"40","T1 vs KT Rolster","39:19","1258","Keria","SUPPORT","Karma","Defeat","=""0/6/12""","1.1","284","92.3%"
"40","T1 vs KT Rolster","39:19","3741","Oner","JUNGLE","Nidalee","Defeat","=""0/7/9""","6.7","544","69.2%"
"40","T1 vs KT Rolster","39:19","5122","PerfecT","TOP","Jayce","Victory","=""3/1/10""","8.7","934","54.2%"
"40","T1 vs KT Rolster","39:19","4940","Smash","ADC","Ezreal","Defeat","=""8/2/2""","9.7","1357","76.9%"
"40","T1 vs KT Rolster","39:19","4572","Way","SUPPORT","Leona","Victory","=""0/7/13""","1.0","205","54.2%"
"40","T1 vs KT Rolster","39:19","2508","deokdam","ADC","Jinx","Victory","=""5/5/10""","9.3","674","62.5%"
"41","GEN vs DN Freecs","28:09","3322","Berserker","ADC","Ashe","Defeat","=""2/3/2""","8.3","650","80%"
"41","GEN vs DN Freecs","28:09","1909","Canyon","JUNGLE","Lee Sin","Victory","=""4/2/11""","7.7","407","88.2%"
"41","GEN vs DN Freecs","28:09","1629","Chovy","MID","Azir","Victory","=""1/1/13""","9.3","862","82.4%"
"41","GEN vs DN Freecs","28:09","3082","DuDu","TOP","Gnar","Defeat","=""0/4/3""","7.9","517","60%"
"41","GEN vs DN Freecs","28:09","4259","Duro","SUPPORT","Rakan","Victory","=""0/0/15""","1.1","189","88.2%"
"41","GEN vs DN Freecs","28:09","1115","Kiin","TOP","KSante","Victory","=""3/2/9""","7.5","529","70.6%"
"41","GEN vs DN Freecs","28:09","1906","Life","SUPPORT","Braum","Defeat","=""0/4/2""","0.9","128","40%"
"41","GEN vs DN Freecs","28:09","5393","Pungyeon","MID","Viktor","Defeat","=""1/3/3""","8.3","770","80%"
"41","GEN vs DN Freecs","28:09","2664","Pyosik","JUNGLE","Wukong","Defeat","=""2/3/3""","5.8","332","100%"
"41","GEN vs DN Freecs","28:09","685","Ruler","ADC","Corki","Victory","=""9/0/7""","10.4","1053","94.1%"
"42","GEN vs DN Freecs","28:31","3322","Berserker","ADC","Kaisa","Defeat","=""1/2/1""","8.6","604","66.7%"
"42","GEN vs DN Freecs","28:31","1909","Canyon","JUNGLE","Vi","Victory","=""2/1/10""","7.7","501","75%"
"42","GEN vs DN Freecs","28:31","1629","Chovy","MID","Galio","Victory","=""2/0/11""","9.5","599","81.2%"
"42","GEN vs DN Freecs","28:31","3082","DuDu","TOP","Ambessa","Defeat","=""1/4/0""","8.1","342","33.3%"
"42","GEN vs DN Freecs","28:31","4259","Duro","SUPPORT","Rell","Victory","=""2/2/12""","0.8","93","87.5%"
"42","GEN vs DN Freecs","28:31","1115","Kiin","TOP","Poppy","Victory","=""4/0/6""","8.0","470","62.5%"
"42","GEN vs DN Freecs","28:31","1906","Life","SUPPORT","Nautilus","Defeat","=""0/4/3""","1.4","69","100%"
"42","GEN vs DN Freecs","28:31","5393","Pungyeon","MID","Aurora","Defeat","=""1/2/2""","8.9","687","100%"
"42","GEN vs DN Freecs","28:31","2664","Pyosik","JUNGLE","Xin Zhao","Defeat","=""0/4/3""","6.1","299","100%"
"42","GEN vs DN Freecs","28:31","685","Ruler","ADC","Ezreal","Victory","=""6/0/7""","9.5","819","81.2%"
"43","HLE vs Dplus KIA","32:19","1328","Aiming","ADC","Varus","Victory","=""2/0/6""","10.3","827","72.7%"
"43","HLE vs Dplus KIA","32:19","2184","BeryL","SUPPORT","Maokai","Victory","=""2/4/5""","1.0","236","63.6%"
"43","HLE vs Dplus KIA","32:19","3411","Delight","SUPPORT","Poppy","Defeat","=""0/2/3""","1.4","107","50%"
"43","HLE vs Dplus KIA","32:19","3895","Lucid","JUNGLE","Nidalee","Victory","=""1/0/5""","6.5","422","54.5%"
"43","HLE vs Dplus KIA","32:19","392","Peanut","JUNGLE","Xin Zhao","Defeat","=""1/3/3""","6.1","242","66.7%"
"43","HLE vs Dplus KIA","32:19","1250","ShowMaker","MID","Yone","Victory","=""5/0/0""","9.3","485","45.5%"
"43","HLE vs Dplus KIA","32:19","5392","Siwoo","TOP","Rumble","Victory","=""1/2/7""","7.8","583","72.7%"
"43","HLE vs Dplus KIA","32:19","1228","Viper","ADC","Ezreal","Defeat","=""2/1/3""","8.6","684","83.3%"
"43","HLE vs Dplus KIA","32:19","2906","Zeka","MID","Azir","Defeat","=""1/1/2""","9.1","447","50%"
"43","HLE vs Dplus KIA","32:19","3658","Zeus","TOP","Jayce","Defeat","=""2/4/3""","8.8","448","83.3%"
"44","HLE vs Dplus KIA","37:29","1328","Aiming","ADC","Ziggs","Victory","=""4/1/9""","8.9","1117","76.5%"
"44","HLE vs Dplus KIA","37:29","2184","BeryL","SUPPORT","Rell","Victory","=""1/1/14""","1.1","122","88.2%"
"44","HLE vs Dplus KIA","37:29","3411","Delight","SUPPORT","Braum","Defeat","=""0/5/6""","0.7","179","100%"
"44","HLE vs Dplus KIA","37:29","3895","Lucid","JUNGLE","Kindred","Victory","=""4/1/10""","6.7","616","82.4%"
"44","HLE vs Dplus KIA","37:29","392","Peanut","JUNGLE","Viego","Defeat","=""0/3/4""","6.4","210","66.7%"
"44","HLE vs Dplus KIA","37:29","1250","ShowMaker","MID","Galio","Victory","=""3/1/12""","7.7","527","88.2%"
"44","HLE vs Dplus KIA","37:29","5392","Siwoo","TOP","Ambessa","Victory","=""5/2/6""","7.9","750","64.7%"
"44","HLE vs Dplus KIA","37:29","1228","Viper","ADC","Jinx","Defeat","=""2/1/4""","10.9","970","100%"
"44","HLE vs Dplus KIA","37:29","2906","Zeka","MID","Sylas","Defeat","=""1/5/2""","7.6","341","50%"
"44","HLE vs Dplus KIA","37:29","3658","Zeus","TOP","KSante","Defeat","=""3/3/1""","6.8","353","66.7%"
"45","HLE vs Dplus KIA","38:05","1328","Aiming","ADC","KogMaw","Defeat","=""4/2/4""","8.9","718","57.1%"
"45","HLE vs Dplus KIA","38:05","2184","BeryL","SUPPORT","Renata Glasc","Defeat","=""0/5/9""","1.0","136","64.3%"
"45","HLE vs Dplus KIA","38:05","3411","Delight","SUPPORT","Neeko","Victory","=""0/4/9""","1.2","229","52.9%"
"45","HLE vs Dplus KIA","38:05","3895","Lucid","JUNGLE","Wukong","Defeat","=""5/4/3""","6.0","293","57.1%"
"45","HLE vs Dplus KIA","38:05","392","Peanut","JUNGLE","Sejuani","Victory","=""3/2/10""","5.1","391","76.5%"
"45","HLE vs Dplus KIA","38:05","1250","ShowMaker","MID","Ahri","Defeat","=""3/2/10""","8.1","508","92.9%"
"45","HLE vs Dplus KIA","38:05","5392","Siwoo","TOP","Jax","Defeat","=""2/4/4""","6.4","280","42.9%"
"45","HLE vs Dplus KIA","38:05","1228","Viper","ADC","Kalista","Victory","=""8/0/3""","10.3","705","64.7%"
"45","HLE vs Dplus KIA","38:05","2906","Zeka","MID","Taliyah","Victory","=""4/4/7""","7.7","715","64.7%"
"45","HLE vs Dplus KIA","38:05","3658","Zeus","TOP","Gnar","Victory","=""2/4/7""","7.4","570","52.9%"
"46","KT Rolster vs OK BRION","33:55","650","Bdd","MID","Yone","Victory","=""3/1/11""","9.1","657","77.8%"
"46","KT Rolster vs OK BRION","33:55","3195","Clozer","MID","Taliyah","Defeat","=""3/3/6""","8.3","785","64.3%"
"46","KT Rolster vs OK BRION","33:55","983","Cuzz","JUNGLE","Zyra","Victory","=""3/3/9""","7.4","578","66.7%"
"46","KT Rolster vs OK BRION","33:55","4217","HamBak","JUNGLE","Vi","Defeat","=""2/8/6""","5.5","402","57.1%"
"46","KT Rolster vs OK BRION","33:55","3694","Hype","ADC","Jhin","Defeat","=""6/1/4""","8.9","722","71.4%"
"46","KT Rolster vs OK BRION","33:55","2545","Morgan","TOP","Jax","Defeat","=""2/3/2""","8.3","488","28.6%"
"46","KT Rolster vs OK BRION","33:55","5122","PerfecT","TOP","Renekton","Victory","=""4/1/8""","7.7","560","66.7%"
"46","KT Rolster vs OK BRION","33:55","4865","Pollu","SUPPORT","Leona","Defeat","=""1/3/7""","0.9","190","57.1%"
"46","KT Rolster vs OK BRION","33:55","4572","Way","SUPPORT","Elise","Victory","=""2/6/7""","1.2","357","50%"
"46","KT Rolster vs OK BRION","33:55","2508","deokdam","ADC","Caitlyn","Victory","=""6/3/3""","8.5","625","50%"
"47","KT Rolster vs OK BRION","39:17","650","Bdd","MID","Azir","Victory","=""5/1/12""","9.8","817","81%"
"47","KT Rolster vs OK BRION","39:17","3195","Clozer","MID","Aurora","Defeat","=""4/3/5""","8.8","729","60%"
"47","KT Rolster vs OK BRION","39:17","983","Cuzz","JUNGLE","Xin Zhao","Victory","=""2/5/9""","6.6","425","52.4%"
"47","KT Rolster vs OK BRION","39:17","4217","HamBak","JUNGLE","Lee Sin","Defeat","=""3/3/5""","6.4","234","53.3%"
"47","KT Rolster vs OK BRION","39:17","3694","Hype","ADC","Varus","Defeat","=""1/4/8""","8.9","799","60%"
"47","KT Rolster vs OK BRION","39:17","2545","Morgan","TOP","Ambessa","Defeat","=""7/5/4""","9.2","777","73.3%"
"47","KT Rolster vs OK BRION","39:17","5122","PerfecT","TOP","Jayce","Victory","=""4/2/10""","6.7","586","66.7%"
"47","KT Rolster vs OK BRION","39:17","4865","Pollu","SUPPORT","Nautilus","Defeat","=""0/6/12""","0.7","159","80%"
"47","KT Rolster vs OK BRION","39:17","4572","Way","SUPPORT","Poppy","Victory","=""3/5/12""","0.9","220","71.4%"
"47","KT Rolster vs OK BRION","39:17","2508","deokdam","ADC","Ezreal","Victory","=""7/2/10""","9.5","750","81%"
"48","T1 vs NS","29:08","1242","Doran","TOP","KSante","Victory","=""1/1/5""","7.3","565","37.5%"
"48","T1 vs NS","29:08","48","Faker","MID","Ambessa","Victory","=""1/1/6""","8.2","747","43.8%"
"48","T1 vs NS","29:08","4796","Fisher","MID","Akali","Defeat","=""6/4/1""","7.2","795","87.5%"
"48","T1 vs NS","29:08","3327","GIDEON","JUNGLE","Sejuani","Defeat","=""0/3/4""","5.8","265","50%"
"48","T1 vs NS","29:08","4755","Jiwoo","ADC","Xayah","Defeat","=""2/1/2""","8.9","995","50%"
"48","T1 vs NS","29:08","1258","Keria","SUPPORT","Lulu","Victory","=""1/2/14""","0.7","395","93.8%"
"48","T1 vs NS","29:08","738","Lehends","SUPPORT","Rell","Defeat","=""0/3/4""","1.0","91","50%"
"48","T1 vs NS","29:08","3741","Oner","JUNGLE","Lillia","Victory","=""10/1/2""","8.0","1060","75%"
"48","T1 vs NS","29:08","4940","Smash","ADC","Jinx","Victory","=""3/3/6""","8.9","924","56.2%"
"48","T1 vs NS","29:08","1229","kingen","TOP","Renekton","Defeat","=""0/5/3""","6.7","520","37.5%"
"49","T1 vs NS","30:02","1242","Doran","TOP","Jayce","Victory","=""1/1/4""","9.0","359","45.5%"
"49","T1 vs NS","30:02","48","Faker","MID","Viktor","Victory","=""0/2/5""","8.6","615","45.5%"
"49","T1 vs NS","30:02","4796","Fisher","MID","Hwei","Defeat","=""2/1/2""","8.7","586","57.1%"
"49","T1 vs NS","30:02","3327","GIDEON","JUNGLE","Vi","Defeat","=""0/2/4""","7.6","127","57.1%"
"49","T1 vs NS","30:02","4755","Jiwoo","ADC","Ezreal","Defeat","=""0/1/4""","9.4","574","57.1%"
"49","T1 vs NS","30:02","1258","Keria","SUPPORT","Elise","Victory","=""1/3/8""","1.2","268","81.8%"
"49","T1 vs NS","30:02","738","Lehends","SUPPORT","Nautilus","Defeat","=""2/3/2""","1.2","106","57.1%"
"49","T1 vs NS","30:02","3741","Oner","JUNGLE","Xin Zhao","Victory","=""5/1/5""","7.3","354","90.9%"
"49","T1 vs NS","30:02","4940","Smash","ADC","Caitlyn","Victory","=""4/0/4""","9.8","486","72.7%"
"49","T1 vs NS","30:02","1229","kingen","TOP","Aurora","Defeat","=""3/4/1""","7.3","503","57.1%"
"50","DN Freecs vs KT Rolster","28:24","650","Bdd","MID","Twisted Fate","Defeat","=""1/1/0""","9.5","646","50%"
"50","DN Freecs vs KT Rolster","28:24","3322","Berserker","ADC","Corki","Victory","=""5/0/8""","10.3","519","81.2%"
"50","DN Freecs vs KT Rolster","28:24","3974","Bulldog","MID","Taliyah","Victory","=""4/1/6""","9.3","483","62.5%"
"50","DN Freecs vs KT Rolster","28:24","983","Cuzz","JUNGLE","Pantheon","Defeat","=""0/5/2""","5.8","283","100%"
"50","DN Freecs vs KT Rolster","28:24","3082","DuDu","TOP","Rumble","Victory","=""5/0/7""","8.1","707","75%"
"50","DN Freecs vs KT Rolster","28:24","1906","Life","SUPPORT","Rakan","Victory","=""0/1/14""","1.1","120","87.5%"
"50","DN Freecs vs KT Rolster","28:24","5122","PerfecT","TOP","Ambessa","Defeat","=""0/3/0""","7.5","133","0%"
"50","DN Freecs vs KT Rolster","28:24","2664","Pyosik","JUNGLE","Vi","Victory","=""2/0/13""","7.1","383","93.8%"
"50","DN Freecs vs KT Rolster","28:24","4572","Way","SUPPORT","Renata Glasc","Defeat","=""0/4/2""","1.2","87","100%"
"50","DN Freecs vs KT Rolster","28:24","2508","deokdam","ADC","Ashe","Defeat","=""1/3/0""","9.3","430","50%"
"51","DN Freecs vs KT Rolster","29:52","650","Bdd","MID","Yone","Victory","=""1/0/5""","10.4","549","40%"
"51","DN Freecs vs KT Rolster","29:52","3322","Berserker","ADC","Miss Fortune","Defeat","=""1/3/2""","9.7","420","100%"
"51","DN Freecs vs KT Rolster","29:52","3974","Bulldog","MID","Ahri","Defeat","=""1/2/2""","8.6","571","100%"
"51","DN Freecs vs KT Rolster","29:52","983","Cuzz","JUNGLE","Nidalee","Victory","=""4/0/7""","8.9","462","73.3%"
"51","DN Freecs vs KT Rolster","29:52","3082","DuDu","TOP","Jax","Defeat","=""1/2/1""","9.0","268","66.7%"
"51","DN Freecs vs KT Rolster","29:52","1906","Life","SUPPORT","Leona","Defeat","=""0/4/3""","1.2","145","100%"
"51","DN Freecs vs KT Rolster","29:52","5122","PerfecT","TOP","Gragas","Victory","=""2/0/6""","9.0","480","53.3%"
"51","DN Freecs vs KT Rolster","29:52","2664","Pyosik","JUNGLE","Lee Sin","Defeat","=""0/4/2""","6.3","125","66.7%"
"51","DN Freecs vs KT Rolster","29:52","4572","Way","SUPPORT","Rell","Victory","=""1/1/14""","1.2","199","100%"
"51","DN Freecs vs KT Rolster","29:52","2508","deokdam","ADC","Kalista","Victory","=""7/2/4""","9.5","484","73.3%"
"52","DN Freecs vs KT Rolster","39:02","650","Bdd","MID","Syndra","Victory","=""4/0/8""","8.2","626","75%"
"52","DN Freecs vs KT Rolster","39:02","3322","Berserker","ADC","Caitlyn","Defeat","=""1/1/0""","9.3","522","33.3%"
"52","DN Freecs vs KT Rolster","39:02","3974","Bulldog","MID","Hwei","Defeat","=""0/2/2""","7.9","679","66.7%"
"52","DN Freecs vs KT Rolster","39:02","983","Cuzz","JUNGLE","Viego","Victory","=""5/1/7""","7.8","503","75%"
"52","DN Freecs vs KT Rolster","39:02","3082","DuDu","TOP","KSante","Defeat","=""2/5/1""","7.9","277","100%"
"52","DN Freecs vs KT Rolster","39:02","1906","Life","SUPPORT","Elise","Defeat","=""0/5/1""","0.9","236","33.3%"
"52","DN Freecs vs KT Rolster","39:02","5122","PerfecT","TOP","Jayce","Victory","=""3/0/9""","8.3","586","75%"
"52","DN Freecs vs KT Rolster","39:02","2664","Pyosik","JUNGLE","Sejuani","Defeat","=""0/3/1""","5.1","200","33.3%"
"52","DN Freecs vs KT Rolster","39:02","4572","Way","SUPPORT","Karma","Victory","=""0/2/15""","0.8","229","93.8%"
"52","DN Freecs vs KT Rolster","39:02","2508","deokdam","ADC","Jhin","Victory","=""4/1/9""","8.3","865","81.2%"
"53","DRX vs HLE","29:45","4938","Andil","SUPPORT","Leona","Defeat","=""1/6/5""","0.9","242","66.7%"
"53","DRX vs HLE","29:45","3411","Delight","SUPPORT","Poppy","Victory","=""3/0/19""","1.3","295","88%"
"53","DRX vs HLE","29:45","392","Peanut","JUNGLE","Sejuani","Victory","=""2/2/18""","6.5","491","80%"
"53","DRX vs HLE","29:45","1613","Rich","TOP","Ambessa","Defeat","=""3/6/2""","6.1","501","55.6%"
"53","DRX vs HLE","29:45","4753","Sponge","JUNGLE","Nidalee","Defeat","=""3/3/5""","6.9","650","88.9%"
"53","DRX vs HLE","29:45","799","Teddy","ADC","Ashe","Defeat","=""1/5/5""","7.9","499","66.7%"
"53","DRX vs HLE","29:45","1504","Ucal","MID","Corki","Defeat","=""1/5/8""","8.7","677","100%"
"53","DRX vs HLE","29:45","1228","Viper","ADC","Varus","Victory","=""10/1/7""","9.4","1041","68%"
"53","DRX vs HLE","29:45","2906","Zeka","MID","Jayce","Victory","=""4/5/12""","9.3","807","64%"
"53","DRX vs HLE","29:45","3658","Zeus","TOP","Camille","Victory","=""6/1/7""","8.1","576","52%"
"54","DRX vs HLE","32:19","4938","Andil","SUPPORT","Neeko","Defeat","=""0/5/2""","0.9","288","20%"
"54","DRX vs HLE","32:19","3411","Delight","SUPPORT","Elise","Victory","=""2/3/9""","1.2","295","50%"
"54","DRX vs HLE","32:19","392","Peanut","JUNGLE","Xin Zhao","Victory","=""3/1/7""","6.1","390","45.5%"
"54","DRX vs HLE","32:19","1613","Rich","TOP","Gragas","Defeat","=""1/4/3""","7.1","455","40%"
"54","DRX vs HLE","32:19","4753","Sponge","JUNGLE","Vi","Defeat","=""4/6/4""","5.8","586","80%"
"54","DRX vs HLE","32:19","799","Teddy","ADC","Caitlyn","Defeat","=""1/3/2""","9.7","938","30%"
"54","DRX vs HLE","32:19","1504","Ucal","MID","Aurora","Defeat","=""4/4/1""","8.0","584","50%"
"54","DRX vs HLE","32:19","1228","Viper","ADC","Ezreal","Victory","=""12/1/6""","8.8","1083","81.8%"
"54","DRX vs HLE","32:19","2906","Zeka","MID","Galio","Victory","=""2/3/11""","8.4","492","59.1%"
"54","DRX vs HLE","32:19","3658","Zeus","TOP","Anivia","Victory","=""3/2/6""","8.6","420","40.9%"
"55","OK BRION vs Dplus KIA","27:22","1328","Aiming","ADC","Kaisa","Victory","=""4/0/9""","10.3","551","86.7%"
"55","OK BRION vs Dplus KIA","27:22","2184","BeryL","SUPPORT","Poppy","Victory","=""1/2/6""","1.0","328","46.7%"
"55","OK BRION vs Dplus KIA","27:22","3195","Clozer","MID","Corki","Defeat","=""1/4/2""","8.7","787","60%"
"55","OK BRION vs Dplus KIA","27:22","4217","HamBak","JUNGLE","Maokai","Defeat","=""1/4/3""","4.7","219","80%"
"55","OK BRION vs Dplus KIA","27:22","3694","Hype","ADC","Ziggs","Defeat","=""1/1/4""","9.4","877","100%"
"55","OK BRION vs Dplus KIA","27:22","3895","Lucid","JUNGLE","Nidalee","Victory","=""3/1/5""","8.1","690","53.3%"
"55","OK BRION vs Dplus KIA","27:22","2545","Morgan","TOP","Renekton","Defeat","=""2/3/2""","9.0","438","80%"
"55","OK BRION vs Dplus KIA","27:22","4865","Pollu","SUPPORT","Alistar","Defeat","=""0/3/4""","0.8","126","80%"
"55","OK BRION vs Dplus KIA","27:22","1250","ShowMaker","MID","Tryndamere","Victory","=""4/1/4""","9.1","493","53.3%"
"55","OK BRION vs Dplus KIA","27:22","5392","Siwoo","TOP","Gnar","Victory","=""3/1/9""","8.3","855","80%"
"56","OK BRION vs Dplus KIA","29:27","1328","Aiming","ADC","Varus","Defeat","=""2/2/4""","9.6","663","75%"
"56","OK BRION vs Dplus KIA","29:27","2184","BeryL","SUPPORT","Karma","Defeat","=""1/1/6""","1.2","208","87.5%"
"56","OK BRION vs Dplus KIA","29:27","3195","Clozer","MID","Ahri","Victory","=""2/0/13""","9.6","858","88.2%"
"56","OK BRION vs Dplus KIA","29:27","4217","HamBak","JUNGLE","Vi","Victory","=""5/3/8""","7.2","423","76.5%"
"56","OK BRION vs Dplus KIA","29:27","3694","Hype","ADC","Ashe","Victory","=""5/0/11""","8.5","603","94.1%"
"56","OK BRION vs Dplus KIA","29:27","3895","Lucid","JUNGLE","Pantheon","Defeat","=""2/4/4""","6.0","201","75%"
"56","OK BRION vs Dplus KIA","29:27","2545","Morgan","TOP","Jayce","Victory","=""2/3/9""","7.0","452","64.7%"
"56","OK BRION vs Dplus KIA","29:27","4865","Pollu","SUPPORT","Elise","Victory","=""3/2/10""","0.9","367","76.5%"
"56","OK BRION vs Dplus KIA","29:27","1250","ShowMaker","MID","Swain","Defeat","=""0/6/4""","6.4","446","50%"
"56","OK BRION vs Dplus KIA","29:27","5392","Siwoo","TOP","KSante","Defeat","=""3/4/1""","7.0","338","50%"
"57","OK BRION vs Dplus KIA","36:14","1328","Aiming","ADC","Ezreal","Victory","=""2/2/6""","10.0","723","57.1%"
"57","OK BRION vs Dplus KIA","36:14","2184","BeryL","SUPPORT","Braum","Victory","=""1/2/8""","1.0","162","64.3%"
"57","OK BRION vs Dplus KIA","36:14","3195","Clozer","MID","Aurora","Defeat","=""1/3/3""","8.7","408","50%"
"57","OK BRION vs Dplus KIA","36:14","4217","HamBak","JUNGLE","Lee Sin","Defeat","=""1/5/4""","6.3","317","62.5%"
"57","OK BRION vs Dplus KIA","36:14","3694","Hype","ADC","Miss Fortune","Defeat","=""1/3/5""","9.9","538","75%"
"57","OK BRION vs Dplus KIA","36:14","3895","Lucid","JUNGLE","Wukong","Victory","=""2/2/9""","6.1","262","78.6%"
"57","OK BRION vs Dplus KIA","36:14","2545","Morgan","TOP","Ambessa","Defeat","=""4/1/1""","8.7","580","62.5%"
"57","OK BRION vs Dplus KIA","36:14","4865","Pollu","SUPPORT","Rell","Defeat","=""1/2/7""","0.8","119","100%"
"57","OK BRION vs Dplus KIA","36:14","1250","ShowMaker","MID","LeBlanc","Victory","=""3/0/7""","9.2","456","71.4%"
"57","OK BRION vs Dplus KIA","36:14","5392","Siwoo","TOP","Camille","Victory","=""6/2/4""","7.7","418","71.4%"
"58","T1 vs GEN","32:07","1909","Canyon","JUNGLE","Jax","Victory","=""1/2/8""","7.3","394","56.2%"
"58","T1 vs GEN","32:07","1629","Chovy","MID","Sylas","Victory","=""3/3/11""","8.2","647","87.5%"
"58","T1 vs GEN","32:07","1242","Doran","TOP","Sion","Defeat","=""2/3/3""","8.5","426","50%"
"58","T1 vs GEN","32:07","4259","Duro","SUPPORT","Rakan","Victory","=""1/2/10""","0.8","148","68.8%"
"58","T1 vs GEN","32:07","48","Faker","MID","Azir","Defeat","=""2/5/4""","8.9","628","60%"
"58","T1 vs GEN","32:07","1258","Keria","SUPPORT","Leona","Defeat","=""0/4/8""","1.1","152","80%"
"58","T1 vs GEN","32:07","1115","Kiin","TOP","Aurora","Victory","=""5/1/6""","9.0","1241","68.8%"
"58","T1 vs GEN","32:07","3741","Oner","JUNGLE","Xin Zhao","Defeat","=""5/3/4""","5.8","583","90%"
"58","T1 vs GEN","32:07","685","Ruler","ADC","Xayah","Victory","=""6/2/2""","10.9","686","50%"
"58","T1 vs GEN","32:07","4940","Smash","ADC","Ezreal","Defeat","=""1/1/6""","9.5","570","70%"
"59","T1 vs GEN","32:37","1909","Canyon","JUNGLE","Maokai","Defeat","=""2/3/3""","5.2","385","71.4%"
"59","T1 vs GEN","32:37","1629","Chovy","MID","Yone","Defeat","=""2/3/3""","9.4","723","71.4%"
"59","T1 vs GEN","32:37","1242","Doran","TOP","Jayce","Victory","=""0/2/14""","7.3","657","60.9%"
"59","T1 vs GEN","32:37","4259","Duro","SUPPORT","Elise","Defeat","=""1/7/3""","0.9","266","57.1%"
"59","T1 vs GEN","32:37","48","Faker","MID","Viktor","Victory","=""5/1/14""","8.9","1034","82.6%"
"59","T1 vs GEN","32:37","1258","Keria","SUPPORT","Poppy","Victory","=""2/2/14""","1.0","284","69.6%"
"59","T1 vs GEN","32:37","1115","Kiin","TOP","KSante","Defeat","=""1/6/2""","7.5","301","42.9%"
"59","T1 vs GEN","32:37","3741","Oner","JUNGLE","Vi","Victory","=""3/2/12""","7.1","343","65.2%"
"59","T1 vs GEN","32:37","685","Ruler","ADC","Varus","Defeat","=""1/4/3""","9.9","651","57.1%"
"59","T1 vs GEN","32:37","4940","Smash","ADC","Kaisa","Victory","=""13/0/4""","9.7","842","73.9%"
"60","T1 vs GEN","40:40","1909","Canyon","JUNGLE","Lee Sin","Defeat","=""1/5/4""","5.6","271","62.5%"
"60","T1 vs GEN","40:40","1629","Chovy","MID","Hwei","Defeat","=""2/2/1""","8.4","882","37.5%"
"60","T1 vs GEN","40:40","1242","Doran","TOP","Rumble","Victory","=""3/3/8""","7.3","536","57.9%"
"60","T1 vs GEN","40:40","4259","Duro","SUPPORT","Thresh","Defeat","=""0/3/7""","0.5","170","87.5%"
"60","T1 vs GEN","40:40","48","Faker","MID","Galio","Victory","=""2/1/11""","7.3","287","68.4%"
"60","T1 vs GEN","40:40","1258","Keria","SUPPORT","Lulu","Victory","=""2/2/16""","0.5","194","94.7%"
"60","T1 vs GEN","40:40","1115","Kiin","TOP","Udyr","Defeat","=""2/5/2""","6.1","243","50%"
"60","T1 vs GEN","40:40","3741","Oner","JUNGLE","Wukong","Victory","=""1/1/13""","6.5","440","73.7%"
"60","T1 vs GEN","40:40","685","Ruler","ADC","Jinx","Defeat","=""3/4/4""","11.0","850","87.5%"
"60","T1 vs GEN","40:40","4940","Smash","ADC","Zeri","Victory","=""11/1/6""","10.6","919","89.5%"
"61","NS vs BNK FearX","27:35","3421","Clear","TOP","Jayce","Defeat","=""2/3/3""","8.2","395","45.5%"
"61","NS vs BNK FearX","27:35","4943","Diable","ADC","Kaisa","Defeat","=""3/3/3""","8.7","484","54.5%"
"61","NS vs BNK FearX","27:35","4796","Fisher","MID","Aurora","Victory","=""3/3/8""","9.0","437","47.8%"
"61","NS vs BNK FearX","27:35","3327","GIDEON","JUNGLE","Sejuani","Victory","=""6/1/10""","7.3","638","69.6%"
"61","NS vs BNK FearX","27:35","4755","Jiwoo","ADC","Xayah","Victory","=""7/1/8""","9.6","621","65.2%"
"61","NS vs BNK FearX","27:35","1971","Kellin","SUPPORT","Poppy","Defeat","=""1/9/4""","0.7","331","45.5%"
"61","NS vs BNK FearX","27:35","738","Lehends","SUPPORT","Elise","Victory","=""5/4/12""","0.9","568","73.9%"
"61","NS vs BNK FearX","27:35","4233","Raptor","JUNGLE","Wukong","Defeat","=""3/5/7""","6.0","482","90.9%"
"61","NS vs BNK FearX","27:35","3326","Vicla","MID","Viktor","Defeat","=""2/3/2""","9.6","708","36.4%"
"61","NS vs BNK FearX","27:35","1229","kingen","TOP","Ambessa","Victory","=""2/2/10""","7.5","535","52.2%"
"62","NS vs BNK FearX","29:48","3421","Clear","TOP","Jax","Defeat","=""0/4/1""","7.2","510","33.3%"
"62","NS vs BNK FearX","29:48","4943","Diable","ADC","Miss Fortune","Defeat","=""1/2/1""","9.6","572","66.7%"
"62","NS vs BNK FearX","29:48","4796","Fisher","MID","Galio","Victory","=""3/1/10""","8.4","512","86.7%"
"62","NS vs BNK FearX","29:48","3327","GIDEON","JUNGLE","Xin Zhao","Victory","=""1/1/9""","7.2","478","66.7%"
"62","NS vs BNK FearX","29:48","4755","Jiwoo","ADC","Ezreal","Victory","=""6/0/6""","10.3","663","80%"
"62","NS vs BNK FearX","29:48","1971","Kellin","SUPPORT","Rell","Defeat","=""0/4/2""","0.6","135","66.7%"
"62","NS vs BNK FearX","29:48","738","Lehends","SUPPORT","Shen","Victory","=""3/1/9""","1.1","221","80%"
"62","NS vs BNK FearX","29:48","4233","Raptor","JUNGLE","Vi","Defeat","=""2/2/1""","6.6","335","100%"
"62","NS vs BNK FearX","29:48","3326","Vicla","MID","Azir","Defeat","=""0/3/1""","9.1","486","33.3%"
"62","NS vs BNK FearX","29:48","1229","kingen","TOP","Camille","Victory","=""2/0/5""","6.7","497","46.7%"
"63","DRX vs DN Freecs","33:07","4938","Andil","SUPPORT","Braum","Victory","=""0/2/16""","0.9","156","84.2%"
"63","DRX vs DN Freecs","33:07","3322","Berserker","ADC","Ziggs","Defeat","=""0/3/8""","9.0","692","66.7%"
"63","DRX vs DN Freecs","33:07","3974","Bulldog","MID","Galio","Defeat","=""4/4/5""","8.9","533","75%"
"63","DRX vs DN Freecs","33:07","3082","DuDu","TOP","Ambessa","Defeat","=""5/2/4""","6.9","668","75%"
"63","DRX vs DN Freecs","33:07","1906","Life","SUPPORT","Leona","Defeat","=""0/4/11""","1.1","209","91.7%"
"63","DRX vs DN Freecs","33:07","2664","Pyosik","JUNGLE","Wukong","Defeat","=""3/6/4""","6.7","409","58.3%"
"63","DRX vs DN Freecs","33:07","1613","Rich","TOP","Camille","Victory","=""3/2/7""","8.0","608","52.6%"
"63","DRX vs DN Freecs","33:07","4753","Sponge","JUNGLE","Xin Zhao","Victory","=""4/3/12""","6.8","511","84.2%"
"63","DRX vs DN Freecs","33:07","799","Teddy","ADC","Ashe","Victory","=""2/3/12""","10.1","469","73.7%"
"63","DRX vs DN Freecs","33:07","1504","Ucal","MID","Aurora","Victory","=""10/2/7""","8.8","1073","89.5%"
"64","DRX vs DN Freecs","33:31","4938","Andil","SUPPORT","Poppy","Victory","=""1/2/10""","0.8","230","68.8%"
"64","DRX vs DN Freecs","33:31","3322","Berserker","ADC","Ezreal","Defeat","=""1/1/5""","9.1","545","66.7%"
"64","DRX vs DN Freecs","33:31","3974","Bulldog","MID","Hwei","Defeat","=""3/4/3""","8.1","768","66.7%"
"64","DRX vs DN Freecs","33:31","3082","DuDu","TOP","Jayce","Defeat","=""2/2/2""","8.0","635","44.4%"
"64","DRX vs DN Freecs","33:31","1906","Life","SUPPORT","Rell","Defeat","=""2/6/5""","0.9","121","77.8%"
"64","DRX vs DN Freecs","33:31","2664","Pyosik","JUNGLE","Nidalee","Defeat","=""1/3/5""","6.4","428","66.7%"
"64","DRX vs DN Freecs","33:31","1613","Rich","TOP","KSante","Victory","=""0/3/7""","6.8","218","43.8%"
"64","DRX vs DN Freecs","33:31","4753","Sponge","JUNGLE","Zyra","Victory","=""4/2/9""","7.3","693","81.2%"
"64","DRX vs DN Freecs","33:31","799","Teddy","ADC","Kaisa","Victory","=""5/0/3""","10.5","547","50%"
"64","DRX vs DN Freecs","33:31","1504","Ucal","MID","Corki","Victory","=""6/2/7""","10.3","756","81.2%"
"65","NS vs OK BRION","28:29","3195","Clozer","MID","Azir","Defeat","=""3/1/1""","10.6","645","66.7%"
"65","NS vs OK BRION","28:29","4796","Fisher","MID","Hwei","Victory","=""4/3/7""","8.6","722","68.8%"
"65","NS vs OK BRION","28:29","3327","GIDEON","JUNGLE","Sejuani","Victory","=""2/0/11""","7.4","397","81.2%"
"65","NS vs OK BRION","28:29","4217","HamBak","JUNGLE","Xin Zhao","Defeat","=""0/7/3""","4.8","255","50%"
"65","NS vs OK BRION","28:29","3694","Hype","ADC","Corki","Defeat","=""1/2/1""","8.8","412","33.3%"
"65","NS vs OK BRION","28:29","4755","Jiwoo","ADC","Caitlyn","Victory","=""4/0/3""","10.6","458","43.8%"
"65","NS vs OK BRION","28:29","738","Lehends","SUPPORT","Shen","Victory","=""4/1/7""","1.3","186","68.8%"
"65","NS vs OK BRION","28:29","2545","Morgan","TOP","Jayce","Defeat","=""2/2/2""","8.3","440","66.7%"
"65","NS vs OK BRION","28:29","4865","Pollu","SUPPORT","Rell","Defeat","=""0/5/5""","1.3","131","83.3%"
"65","NS vs OK BRION","28:29","1229","kingen","TOP","Camille","Victory","=""2/2/2""","8.1","295","25%"
"66","NS vs OK BRION","33:33","3195","Clozer","MID","Ahri","Defeat","=""2/1/10""","9.2","438","80%"
"66","NS vs OK BRION","33:33","4796","Fisher","MID","Taliyah","Victory","=""5/3/10""","7.7","730","88.2%"
"66","NS vs OK BRION","33:33","3327","GIDEON","JUNGLE","Vi","Victory","=""1/2/12""","7.0","230","76.5%"
"66","NS vs OK BRION","33:33","4217","HamBak","JUNGLE","Wukong","Defeat","=""3/5/8""","5.6","312","73.3%"
"66","NS vs OK BRION","33:33","3694","Hype","ADC","Ezreal","Defeat","=""5/3/5""","9.4","743","66.7%"
"66","NS vs OK BRION","33:33","4755","Jiwoo","ADC","Kaisa","Victory","=""6/2/8""","9.1","797","82.4%"
"66","NS vs OK BRION","33:33","738","Lehends","SUPPORT","Nautilus","Victory","=""1/6/14""","0.8","132","88.2%"
"66","NS vs OK BRION","33:33","2545","Morgan","TOP","Rumble","Defeat","=""3/2/7""","7.1","520","66.7%"
"66","NS vs OK BRION","33:33","4865","Pollu","SUPPORT","Poppy","Defeat","=""2/6/11""","1.1","205","86.7%"
"66","NS vs OK BRION","33:33","1229","kingen","TOP","Ambessa","Victory","=""4/2/8""","8.3","480","70.6%"
"67","HLE vs DRX","33:13","4938","Andil","SUPPORT","Elise","Defeat","=""6/7/5""","0.6","291","61.1%"
"67","HLE vs DRX","33:13","3411","Delight","SUPPORT","Pantheon","Victory","=""0/7/16""","0.9","364","76.2%"
"67","HLE vs DRX","33:13","392","Peanut","JUNGLE","Nidalee","Victory","=""5/1/14""","7.5","647","90.5%"
"67","HLE vs DRX","33:13","1613","Rich","TOP","KSante","Defeat","=""1/6/4""","6.3","211","27.8%"
"67","HLE vs DRX","33:13","4753","Sponge","JUNGLE","Sejuani","Defeat","=""1/3/9""","5.6","317","55.6%"
"67","HLE vs DRX","33:13","799","Teddy","ADC","Kaisa","Defeat","=""7/2/1""","9.2","587","44.4%"
"67","HLE vs DRX","33:13","1504","Ucal","MID","Jayce","Defeat","=""3/3/5""","10.4","574","44.4%"
"67","HLE vs DRX","33:13","1228","Viper","ADC","Ashe","Victory","=""5/6/12""","7.8","660","81%"
"67","HLE vs DRX","33:13","2906","Zeka","MID","Corki","Victory","=""9/1/6""","9.5","821","71.4%"
"67","HLE vs DRX","33:13","3658","Zeus","TOP","Gnar","Victory","=""2/3/4""","7.8","425","28.6%"
"68","HLE vs DRX","38:04","4938","Andil","SUPPORT","Rakan","Defeat","=""0/9/13""","1.1","112","72.2%"
"68","HLE vs DRX","38:04","3411","Delight","SUPPORT","Nautilus","Victory","=""2/5/18""","1.1","203","62.5%"
"68","HLE vs DRX","38:04","392","Peanut","JUNGLE","Wukong","Victory","=""7/5/15""","6.5","575","68.8%"
"68","HLE vs DRX","38:04","1613","Rich","TOP","Rumble","Defeat","=""3/4/8""","7.4","631","61.1%"
"68","HLE vs DRX","38:04","4753","Sponge","JUNGLE","Vi","Defeat","=""1/7/11""","6.0","339","66.7%"
"68","HLE vs DRX","38:04","799","Teddy","ADC","Miss Fortune","Defeat","=""10/6/6""","9.5","958","88.9%"
"68","HLE vs DRX","38:04","1504","Ucal","MID","Yone","Defeat","=""4/6/5""","9.9","512","50%"
"68","HLE vs DRX","38:04","1228","Viper","ADC","Varus","Victory","=""10/3/17""","9.3","1146","84.4%"
"68","HLE vs DRX","38:04","2906","Zeka","MID","Galio","Victory","=""8/1/15""","8.1","891","71.9%"
"68","HLE vs DRX","38:04","3658","Zeus","TOP","Aurora","Victory","=""5/4/12""","8.6","727","53.1%"
"69","T1 vs NS","30:32","1242","Doran","TOP","Jayce","Victory","=""1/3/9""","8.3","794","62.5%"
"69","T1 vs NS","30:32","48","Faker","MID","Azir","Victory","=""4/2/4""","8.0","673","50%"
"69","T1 vs NS","30:32","4796","Fisher","MID","Aurora","Defeat","=""1/1/4""","9.1","675","62.5%"
"69","T1 vs NS","30:32","3327","GIDEON","JUNGLE","Vi","Defeat","=""2/4/4""","7.0","242","75%"
"69","T1 vs NS","30:32","4755","Jiwoo","ADC","Ezreal","Defeat","=""4/2/3""","9.0","616","87.5%"
"69","T1 vs NS","30:32","1258","Keria","SUPPORT","Poppy","Victory","=""1/2/13""","1.1","270","87.5%"
"69","T1 vs NS","30:32","738","Lehends","SUPPORT","Blitzcrank","Defeat","=""0/5/5""","0.6","150","62.5%"
"69","T1 vs NS","30:32","3741","Oner","JUNGLE","Xin Zhao","Victory","=""3/1/8""","7.3","576","68.8%"
"69","T1 vs NS","30:32","4940","Smash","ADC","Miss Fortune","Victory","=""7/1/5""","11.0","563","75%"
"69","T1 vs NS","30:32","1229","kingen","TOP","KSante","Defeat","=""1/5/2""","8.0","458","37.5%"
"70","T1 vs NS","30:59","1242","Doran","TOP","Rumble","Victory","=""2/2/8""","7.1","704","29.4%"
"70","T1 vs NS","30:59","48","Faker","MID","Corki","Victory","=""10/4/8""","8.9","1302","52.9%"
"70","T1 vs NS","30:59","4796","Fisher","MID","Yone","Defeat","=""6/6/5""","9.1","757","55%"
"70","T1 vs NS","30:59","3327","GIDEON","JUNGLE","Viego","Defeat","=""4/5/7""","6.5","448","55%"
"70","T1 vs NS","30:59","4755","Jiwoo","ADC","Ashe","Defeat","=""5/8/7""","7.6","565","60%"
"70","T1 vs NS","30:59","1258","Keria","SUPPORT","Pyke","Victory","=""6/6/14""","1.0","440","58.8%"
"70","T1 vs NS","30:59","738","Lehends","SUPPORT","Elise","Defeat","=""5/10/4""","0.8","449","45%"
"70","T1 vs NS","30:59","3741","Oner","JUNGLE","Lee Sin","Victory","=""8/5/10""","6.4","553","52.9%"
"70","T1 vs NS","30:59","4940","Smash","ADC","Kaisa","Victory","=""8/3/12""","9.6","744","58.8%"
"70","T1 vs NS","30:59","1229","kingen","TOP","Anivia","Defeat","=""0/5/7""","8.1","577","35%"
"71","NS vs DRX","26:00","4938","Andil","SUPPORT","Lulu","Defeat","=""0/2/5""","1.0","113","71.4%"
"71","NS vs DRX","26:00","4796","Fisher","MID","Tristana","Victory","=""5/1/2""","9.7","824","53.8%"
"71","NS vs DRX","26:00","3327","GIDEON","JUNGLE","Maokai","Victory","=""0/1/12""","5.9","329","92.3%"
"71","NS vs DRX","26:00","4755","Jiwoo","ADC","Jinx","Victory","=""3/2/8""","8.3","638","84.6%"
"71","NS vs DRX","26:00","738","Lehends","SUPPORT","Blitzcrank","Victory","=""0/2/10""","1.0","149","76.9%"
"71","NS vs DRX","26:00","1613","Rich","TOP","Galio","Defeat","=""0/2/4""","6.9","556","57.1%"
"71","NS vs DRX","26:00","4753","Sponge","JUNGLE","Wukong","Defeat","=""1/4/4""","5.6","247","71.4%"
"71","NS vs DRX","26:00","799","Teddy","ADC","Zeri","Defeat","=""4/2/2""","9.5","597","85.7%"
"71","NS vs DRX","26:00","1504","Ucal","MID","Sylas","Defeat","=""2/3/1""","8.5","395","42.9%"
"71","NS vs DRX","26:00","1229","kingen","TOP","Rumble","Victory","=""5/1/4""","9.3","784","69.2%"
"72","NS vs DRX","26:29","4938","Andil","SUPPORT","Ornn","Defeat","=""0/1/1""","7.5","240","50%"
"72","NS vs DRX","26:29","4796","Fisher","MID","Taliyah","Victory","=""5/0/6""","8.7","981","73.3%"
"72","NS vs DRX","26:29","3327","GIDEON","JUNGLE","Poppy","Victory","=""2/1/7""","6.6","425","60%"
"72","NS vs DRX","26:29","4755","Jiwoo","ADC","Aphelios","Victory","=""8/1/1""","9.7","587","60%"
"72","NS vs DRX","26:29","738","Lehends","SUPPORT","Rell","Victory","=""0/0/9""","0.7","180","60%"
"72","NS vs DRX","26:29","1613","Rich","TOP","Camille","Defeat","=""1/4/1""","6.5","332","100%"
"72","NS vs DRX","26:29","4753","Sponge","JUNGLE","Sejuani","Defeat","=""0/5/1""","5.1","277","50%"
"72","NS vs DRX","26:29","799","Teddy","ADC","Senna","Defeat","=""0/2/1""","1.6","374","50%"
"72","NS vs DRX","26:29","1504","Ucal","MID","Orianna","Defeat","=""1/3/1""","9.3","352","100%"
"72","NS vs DRX","26:29","1229","kingen","TOP","Gnar","Victory","=""0/0/3""","7.9","561","20%"
"73","NS vs DRX","26:59","4938","Andil","SUPPORT","Elise","Defeat","=""2/7/1""","1.2","288","50%"
"73","NS vs DRX","26:59","4796","Fisher","MID","Yone","Victory","=""8/1/7""","8.4","584","57.7%"
"73","NS vs DRX","26:59","3327","GIDEON","JUNGLE","Vi","Victory","=""4/0/15""","8.9","503","73.1%"
"73","NS vs DRX","26:59","4755","Jiwoo","ADC","Ezreal","Victory","=""7/1/8""","10.0","774","57.7%"
"73","NS vs DRX","26:59","738","Lehends","SUPPORT","Nautilus","Victory","=""3/4/16""","1.1","189","73.1%"
"73","NS vs DRX","26:59","1613","Rich","TOP","KSante","Defeat","=""0/3/1""","8.2","259","16.7%"
"73","NS vs DRX","26:59","4753","Sponge","JUNGLE","Xin Zhao","Defeat","=""2/7/2""","6.0","392","66.7%"
"73","NS vs DRX","26:59","799","Teddy","ADC","Varus","Defeat","=""1/3/3""","9.3","430","66.7%"
"73","NS vs DRX","26:59","1504","Ucal","MID","Akali","Defeat","=""1/6/3""","8.0","405","66.7%"
"73","NS vs DRX","26:59","1229","kingen","TOP","Aurora","Victory","=""4/0/10""","9.5","941","53.8%"
"74","NS vs DRX","36:37","4938","Andil","SUPPORT","Leona","Victory","=""1/7/12""","1.0","235","56.5%"
"74","NS vs DRX","36:37","4796","Fisher","MID","Corki","Defeat","=""5/3/7""","8.9","1020","63.2%"
"74","NS vs DRX","36:37","3327","GIDEON","JUNGLE","Lillia","Defeat","=""6/3/10""","6.9","763","84.2%"
"74","NS vs DRX","36:37","4755","Jiwoo","ADC","Ashe","Defeat","=""3/6/8""","7.8","484","57.9%"
"74","NS vs DRX","36:37","738","Lehends","SUPPORT","Braum","Defeat","=""0/7/13""","0.8","232","68.4%"
"74","NS vs DRX","36:37","1613","Rich","TOP","Jax","Victory","=""3/4/9""","7.2","534","52.2%"
"74","NS vs DRX","36:37","4753","Sponge","JUNGLE","Nidalee","Victory","=""1/2/16""","7.3","679","73.9%"
"74","NS vs DRX","36:37","799","Teddy","ADC","Kaisa","Victory","=""9/3/8""","8.8","867","73.9%"
"74","NS vs DRX","36:37","1504","Ucal","MID","Jayce","Victory","=""9/3/7""","9.1","962","69.6%"
"74","NS vs DRX","36:37","1229","kingen","TOP","Ambessa","Defeat","=""5/4/12""","8.1","560","89.5%"
"75","KT Rolster vs NS","28:26","650","Bdd","MID","Zeri","Defeat","=""2/4/2""","8.8","742","80%"
"75","KT Rolster vs NS","28:26","983","Cuzz","JUNGLE","Nidalee","Defeat","=""1/4/3""","6.0","591","80%"
"75","KT Rolster vs NS","28:26","4796","Fisher","MID","Corki","Victory","=""5/1/9""","9.3","961","70%"
"75","KT Rolster vs NS","28:26","3327","GIDEON","JUNGLE","Lillia","Victory","=""7/0/10""","8.2","678","85%"
"75","KT Rolster vs NS","28:26","4755","Jiwoo","ADC","Ezreal","Victory","=""4/0/8""","9.8","1084","60%"
"75","KT Rolster vs NS","28:26","738","Lehends","SUPPORT","Rakan","Victory","=""0/2/16""","1.2","183","80%"
"75","KT Rolster vs NS","28:26","5122","PerfecT","TOP","Renekton","Defeat","=""0/4/0""","7.2","439","0%"
"75","KT Rolster vs NS","28:26","4572","Way","SUPPORT","Rell","Defeat","=""0/6/4""","0.8","246","80%"
"75","KT Rolster vs NS","28:26","2508","deokdam","ADC","Tristana","Defeat","=""2/2/0""","8.2","594","40%"
"75","KT Rolster vs NS","28:26","1229","kingen","TOP","Ornn","Victory","=""4/2/10""","7.4","509","70%"
"76","KT Rolster vs NS","31:40","650","Bdd","MID","Ahri","Defeat","=""4/2/1""","9.4","529","83.3%"
"76","KT Rolster vs NS","31:40","983","Cuzz","JUNGLE","Vi","Defeat","=""1/3/4""","5.3","195","83.3%"
"76","KT Rolster vs NS","31:40","4796","Fisher","MID","Yone","Victory","=""4/3/0""","9.4","385","33.3%"
"76","KT Rolster vs NS","31:40","3327","GIDEON","JUNGLE","Poppy","Victory","=""1/1/3""","7.2","223","33.3%"
"76","KT Rolster vs NS","31:40","4755","Jiwoo","ADC","Miss Fortune","Victory","=""3/1/2""","10.1","563","41.7%"
"76","KT Rolster vs NS","31:40","738","Lehends","SUPPORT","Alistar","Victory","=""0/1/8""","0.7","85","66.7%"
"76","KT Rolster vs NS","31:40","5122","PerfecT","TOP","KSante","Defeat","=""0/2/2""","7.8","191","33.3%"
"76","KT Rolster vs NS","31:40","4572","Way","SUPPORT","Leona","Defeat","=""0/3/5""","1.1","122","83.3%"
"76","KT Rolster vs NS","31:40","2508","deokdam","ADC","Jinx","Defeat","=""1/2/4""","10.7","589","83.3%"
"76","KT Rolster vs NS","31:40","1229","kingen","TOP","Rumble","Victory","=""4/0/5""","9.9","702","75%"
"77","KT Rolster vs NS","35:27","650","Bdd","MID","Azir","Defeat","=""2/3/2""","9.9","715","44.4%"
"77","KT Rolster vs NS","35:27","983","Cuzz","JUNGLE","Maokai","Defeat","=""2/2/6""","5.5","352","88.9%"
"77","KT Rolster vs NS","35:27","4796","Fisher","MID","Aurora","Victory","=""1/2/10""","8.6","791","64.7%"
"77","KT Rolster vs NS","35:27","3327","GIDEON","JUNGLE","Sejuani","Victory","=""4/1/9""","6.3","358","76.5%"
"77","KT Rolster vs NS","35:27","4755","Jiwoo","ADC","Kaisa","Victory","=""7/2/7""","9.8","696","82.4%"
"77","KT Rolster vs NS","35:27","738","Lehends","SUPPORT","Nautilus","Victory","=""1/3/15""","0.9","154","94.1%"
"77","KT Rolster vs NS","35:27","5122","PerfecT","TOP","Ambessa","Defeat","=""4/4/1""","8.3","592","55.6%"
"77","KT Rolster vs NS","35:27","4572","Way","SUPPORT","Braum","Defeat","=""0/4/6""","1.1","145","66.7%"
"77","KT Rolster vs NS","35:27","2508","deokdam","ADC","Varus","Defeat","=""1/4/5""","8.2","484","66.7%"
"77","KT Rolster vs NS","35:27","1229","kingen","TOP","Jayce","Victory","=""4/1/10""","9.3","732","82.4%"
"78","T1 vs HLE","27:03","3411","Delight","SUPPORT","Alistar","Victory","=""1/2/7""","1.8","127","88.9%"
"78","T1 vs HLE","27:03","1242","Doran","TOP","Ambessa","Defeat","=""1/1/0""","9.2","430","50%"
"78","T1 vs HLE","27:03","48","Faker","MID","Aurora","Defeat","=""0/2/0""","9.6","668","0%"
"78","T1 vs HLE","27:03","1258","Keria","SUPPORT","Pyke","Defeat","=""0/3/2""","1.1","100","100%"
"78","T1 vs HLE","27:03","3741","Oner","JUNGLE","Vi","Defeat","=""0/1/0""","7.1","128","0%"
"78","T1 vs HLE","27:03","392","Peanut","JUNGLE","Xin Zhao","Victory","=""1/1/3""","6.9","258","44.4%"
"78","T1 vs HLE","27:03","4940","Smash","ADC","Kaisa","Defeat","=""1/2/0""","9.5","407","50%"
"78","T1 vs HLE","27:03","1228","Viper","ADC","Ezreal","Victory","=""3/0/4""","9.6","653","77.8%"
"78","T1 vs HLE","27:03","2906","Zeka","MID","Azir","Victory","=""2/0/2""","9.4","411","44.4%"
"78","T1 vs HLE","27:03","3658","Zeus","TOP","Jayce","Victory","=""2/0/1""","9.4","683","33.3%"
"79","T1 vs HLE","29:22","3411","Delight","SUPPORT","Leona","Defeat","=""3/5/3""","1.6","163","66.7%"
"79","T1 vs HLE","29:22","1242","Doran","TOP","Rumble","Victory","=""2/2/11""","8.5","815","59.1%"
"79","T1 vs HLE","29:22","48","Faker","MID","Viktor","Victory","=""7/2/10""","8.8","784","77.3%"
"79","T1 vs HLE","29:22","1258","Keria","SUPPORT","Poppy","Victory","=""1/3/13""","1.3","319","63.6%"
"79","T1 vs HLE","29:22","3741","Oner","JUNGLE","Wukong","Victory","=""5/2/10""","7.5","500","68.2%"
"79","T1 vs HLE","29:22","392","Peanut","JUNGLE","Zyra","Defeat","=""0/7/6""","6.4","555","66.7%"
"79","T1 vs HLE","29:22","4940","Smash","ADC","Jhin","Victory","=""7/0/10""","9.3","704","77.3%"
"79","T1 vs HLE","29:22","1228","Viper","ADC","Ashe","Defeat","=""2/4/3""","8.9","531","55.6%"
"79","T1 vs HLE","29:22","2906","Zeka","MID","Hwei","Defeat","=""3/3/3""","8.9","569","66.7%"
"79","T1 vs HLE","29:22","3658","Zeus","TOP","KSante","Defeat","=""1/3/3""","7.4","215","44.4%"
"80","T1 vs HLE","34:13","3411","Delight","SUPPORT","Pantheon","Victory","=""2/4/10""","1.5","362","63.2%"
"80","T1 vs HLE","34:13","1242","Doran","TOP","Irelia","Defeat","=""4/6/3""","8.0","472","87.5%"
"80","T1 vs HLE","34:13","48","Faker","MID","Mel","Defeat","=""2/3/2""","7.5","573","50%"
"80","T1 vs HLE","34:13","1258","Keria","SUPPORT","LeBlanc","Defeat","=""1/4/2""","1.1","401","37.5%"
"80","T1 vs HLE","34:13","3741","Oner","JUNGLE","Sejuani","Defeat","=""0/3/6""","6.0","237","75%"
"80","T1 vs HLE","34:13","392","Peanut","JUNGLE","Nidalee","Victory","=""2/0/15""","8.4","591","89.5%"
"80","T1 vs HLE","34:13","4940","Smash","ADC","Miss Fortune","Defeat","=""1/3/3""","10.0","423","50%"
"80","T1 vs HLE","34:13","1228","Viper","ADC","Varus","Victory","=""5/0/9""","9.4","697","73.7%"
"80","T1 vs HLE","34:13","2906","Zeka","MID","Sylas","Victory","=""5/2/7""","8.1","519","63.2%"
"80","T1 vs HLE","34:13","3658","Zeus","TOP","Gnar","Victory","=""5/2/3""","6.9","495","42.1%"
"81","T1 vs HLE","34:35","3411","Delight","SUPPORT","Elise","Defeat","=""1/8/6""","1.6","327","46.7%"
"81","T1 vs HLE","34:35","1242","Doran","TOP","Jax","Victory","=""7/3/7""","7.5","710","50%"
"81","T1 vs HLE","34:35","48","Faker","MID","Ahri","Victory","=""4/3/12""","8.6","823","57.1%"
"81","T1 vs HLE","34:35","1258","Keria","SUPPORT","Karma","Victory","=""2/3/19""","1.0","403","75%"
"81","T1 vs HLE","34:35","3741","Oner","JUNGLE","Viego","Victory","=""7/4/5""","6.9","572","42.9%"
"81","T1 vs HLE","34:35","392","Peanut","JUNGLE","Diana","Defeat","=""3/6/8""","6.2","441","73.3%"
"81","T1 vs HLE","34:35","4940","Smash","ADC","Caitlyn","Victory","=""8/2/8""","8.6","847","57.1%"
"81","T1 vs HLE","34:35","1228","Viper","ADC","Corki","Defeat","=""4/8/5""","8.9","588","60%"
"81","T1 vs HLE","34:35","2906","Zeka","MID","Yasuo","Defeat","=""4/5/7""","8.6","465","73.3%"
"81","T1 vs HLE","34:35","3658","Zeus","TOP","Aatrox","Defeat","=""3/1/3""","6.9","409","40%"
"82","T1 vs HLE","43:08","3411","Delight","SUPPORT","Renata Glasc","Victory","=""1/2/11""","1.1","157","85.7%"
"82","T1 vs HLE","43:08","1242","Doran","TOP","Akali","Defeat","=""3/3/5""","8.0","580","72.7%"
"82","T1 vs HLE","43:08","48","Faker","MID","Zoe","Defeat","=""3/2/6""","8.3","577","81.8%"
"82","T1 vs HLE","43:08","1258","Keria","SUPPORT","Soraka","Defeat","=""0/3/11""","1.0","146","100%"
"82","T1 vs HLE","43:08","3741","Oner","JUNGLE","Skarner","Defeat","=""1/3/9""","5.9","326","90.9%"
"82","T1 vs HLE","43:08","392","Peanut","JUNGLE","Amumu","Victory","=""0/6/6""","5.0","150","42.9%"
"82","T1 vs HLE","43:08","4940","Smash","ADC","Draven","Defeat","=""4/3/7""","10.3","559","100%"
"82","T1 vs HLE","43:08","1228","Viper","ADC","Kalista","Victory","=""4/1/5""","10.5","787","64.3%"
"82","T1 vs HLE","43:08","2906","Zeka","MID","Taliyah","Victory","=""2/1/6""","9.6","622","57.1%"
"82","T1 vs HLE","43:08","3658","Zeus","TOP","Olaf","Victory","=""7/1/7""","8.3","730","100%"
"83","Dplus KIA vs NS","26:44","1328","Aiming","ADC","Xayah","Victory","=""5/1/12""","9.8","645","73.9%"
"83","Dplus KIA vs NS","26:44","2184","BeryL","SUPPORT","Rakan","Victory","=""0/3/19""","1.0","212","82.6%"
"83","Dplus KIA vs NS","26:44","4796","Fisher","MID","Yone","Defeat","=""1/4/3""","8.4","465","66.7%"
"83","Dplus KIA vs NS","26:44","3327","GIDEON","JUNGLE","Sejuani","Defeat","=""0/4/5""","5.6","261","83.3%"
"83","Dplus KIA vs NS","26:44","4755","Jiwoo","ADC","Kaisa","Defeat","=""4/4/1""","9.1","669","83.3%"
"83","Dplus KIA vs NS","26:44","738","Lehends","SUPPORT","Alistar","Defeat","=""0/6/5""","0.6","211","83.3%"
"83","Dplus KIA vs NS","26:44","3895","Lucid","JUNGLE","Lillia","Victory","=""5/2/7""","7.6","529","52.2%"
"83","Dplus KIA vs NS","26:44","1250","ShowMaker","MID","Pantheon","Victory","=""5/0/13""","6.5","921","78.3%"
"83","Dplus KIA vs NS","26:44","5392","Siwoo","TOP","Jax","Victory","=""8/0/4""","8.3","892","52.2%"
"83","Dplus KIA vs NS","26:44","1229","kingen","TOP","Gangplank","Defeat","=""1/5/0""","7.9","936","16.7%"
"84","Dplus KIA vs NS","27:53","1328","Aiming","ADC","Ziggs","Defeat","=""0/5/3""","9.9","523","100%"
"84","Dplus KIA vs NS","27:53","2184","BeryL","SUPPORT","Camille","Defeat","=""1/10/1""","1.7","320","66.7%"
"84","Dplus KIA vs NS","27:53","4796","Fisher","MID","Galio","Victory","=""9/1/10""","8.2","829","67.9%"
"84","Dplus KIA vs NS","27:53","3327","GIDEON","JUNGLE","Nocturne","Victory","=""8/0/9""","7.3","768","60.7%"
"84","Dplus KIA vs NS","27:53","4755","Jiwoo","ADC","Sivir","Victory","=""3/1/10""","10.5","938","46.4%"
"84","Dplus KIA vs NS","27:53","738","Lehends","SUPPORT","Shen","Victory","=""3/1/19""","1.3","470","78.6%"
"84","Dplus KIA vs NS","27:53","3895","Lucid","JUNGLE","Wukong","Defeat","=""2/4/1""","5.6","340","100%"
"84","Dplus KIA vs NS","27:53","1250","ShowMaker","MID","Zilean","Defeat","=""0/1/2""","7.9","503","66.7%"
"84","Dplus KIA vs NS","27:53","5392","Siwoo","TOP","Aatrox","Defeat","=""0/8/1""","5.7","287","33.3%"
"84","Dplus KIA vs NS","27:53","1229","kingen","TOP","Kennen","Victory","=""5/0/6""","8.1","646","39.3%"
"85","Dplus KIA vs NS","29:10","1328","Aiming","ADC","Ezreal","Victory","=""6/0/7""","9.4","780","76.5%"
"85","Dplus KIA vs NS","29:10","2184","BeryL","SUPPORT","Poppy","Victory","=""1/3/10""","1.3","291","64.7%"
"85","Dplus KIA vs NS","29:10","4796","Fisher","MID","Corki","Defeat","=""1/5/1""","9.3","519","33.3%"
"85","Dplus KIA vs NS","29:10","3327","GIDEON","JUNGLE","Maokai","Defeat","=""1/3/4""","5.8","355","83.3%"
"85","Dplus KIA vs NS","29:10","4755","Jiwoo","ADC","Kalista","Defeat","=""1/3/2""","8.4","424","50%"
"85","Dplus KIA vs NS","29:10","738","Lehends","SUPPORT","Nautilus","Defeat","=""0/4/4""","1.4","145","66.7%"
"85","Dplus KIA vs NS","29:10","3895","Lucid","JUNGLE","Skarner","Victory","=""5/1/7""","6.5","329","70.6%"
"85","Dplus KIA vs NS","29:10","1250","ShowMaker","MID","Ahri","Victory","=""3/0/10""","8.6","592","76.5%"
"85","Dplus KIA vs NS","29:10","5392","Siwoo","TOP","Ambessa","Victory","=""2/2/7""","8.0","620","52.9%"
"85","Dplus KIA vs NS","29:10","1229","kingen","TOP","Rumble","Defeat","=""3/2/2""","8.0","571","83.3%"
"86","Dplus KIA vs NS","30:32","1328","Aiming","ADC","Varus","Victory","=""7/0/11""","9.5","883","81.8%"
"86","Dplus KIA vs NS","30:32","2184","BeryL","SUPPORT","Leona","Victory","=""1/3/11""","1.2","136","54.5%"
"86","Dplus KIA vs NS","30:32","4796","Fisher","MID","Azir","Defeat","=""0/3/1""","9.2","417","16.7%"
"86","Dplus KIA vs NS","30:32","3327","GIDEON","JUNGLE","Lee Sin","Defeat","=""2/4/4""","5.4","270","100%"
"86","Dplus KIA vs NS","30:32","4755","Jiwoo","ADC","Aphelios","Defeat","=""4/4/1""","9.0","624","83.3%"
"86","Dplus KIA vs NS","30:32","738","Lehends","SUPPORT","Taric","Defeat","=""0/7/5""","1.5","79","83.3%"
"86","Dplus KIA vs NS","30:32","3895","Lucid","JUNGLE","Viego","Victory","=""3/1/12""","7.0","518","68.2%"
"86","Dplus KIA vs NS","30:32","1250","ShowMaker","MID","LeBlanc","Victory","=""6/0/10""","8.6","699","72.7%"
"86","Dplus KIA vs NS","30:32","5392","Siwoo","TOP","Gnar","Victory","=""5/2/6""","8.5","498","50%"
"86","Dplus KIA vs NS","30:32","1229","kingen","TOP","Sylas","Defeat","=""0/4/4""","7.1","435","66.7%"
"87","GEN vs HLE","26:00","1909","Canyon","JUNGLE","Viego","Defeat","=""2/6/2""","6.4","314","44.4%"
"87","GEN vs HLE","26:00","1629","Chovy","MID","Sylas","Defeat","=""5/7/2""","6.5","868","77.8%"
"87","GEN vs HLE","26:00","3411","Delight","SUPPORT","Poppy","Victory","=""3/1/19""","0.8","425","68.8%"
"87","GEN vs HLE","26:00","4259","Duro","SUPPORT","Pantheon","Defeat","=""0/10/5""","1.0","303","55.6%"
"87","GEN vs HLE","26:00","1115","Kiin","TOP","Kennen","Defeat","=""1/4/2""","7.3","485","33.3%"
"87","GEN vs HLE","26:00","392","Peanut","JUNGLE","Nidalee","Victory","=""4/1/22""","7.0","535","81.2%"
"87","GEN vs HLE","26:00","685","Ruler","ADC","Twitch","Defeat","=""1/5/3""","8.1","630","44.4%"
"87","GEN vs HLE","26:00","1228","Viper","ADC","Zeri","Victory","=""10/3/12""","8.3","858","68.8%"
"87","GEN vs HLE","26:00","2906","Zeka","MID","Ahri","Victory","=""11/1/8""","8.7","995","59.4%"
"87","GEN vs HLE","26:00","3658","Zeus","TOP","Aatrox","Victory","=""4/3/9""","7.0","752","40.6%"
"88","GEN vs HLE","28:10","1909","Canyon","JUNGLE","Lillia","Defeat","=""2/2/1""","7.2","492","37.5%"
"88","GEN vs HLE","28:10","1629","Chovy","MID","Mel","Defeat","=""3/6/1""","9.0","673","50%"
"88","GEN vs HLE","28:10","3411","Delight","SUPPORT","Pyke","Victory","=""3/3/9""","1.4","261","70.6%"
"88","GEN vs HLE","28:10","4259","Duro","SUPPORT","Leona","Defeat","=""0/4/3""","0.6","146","37.5%"
"88","GEN vs HLE","28:10","1115","Kiin","TOP","Gangplank","Defeat","=""3/4/1""","8.9","683","50%"
"88","GEN vs HLE","28:10","392","Peanut","JUNGLE","Maokai","Victory","=""0/1/10""","6.7","241","58.8%"
"88","GEN vs HLE","28:10","685","Ruler","ADC","Miss Fortune","Defeat","=""0/1/1""","10.2","175","12.5%"
"88","GEN vs HLE","28:10","1228","Viper","ADC","Jhin","Victory","=""10/0/4""","10.0","626","82.4%"
"88","GEN vs HLE","28:10","2906","Zeka","MID","Azir","Victory","=""2/0/7""","10.8","758","52.9%"
"88","GEN vs HLE","28:10","3658","Zeus","TOP","Jax","Victory","=""2/4/2""","7.0","515","23.5%"
"89","GEN vs HLE","29:53","1909","Canyon","JUNGLE","Vi","Defeat","=""1/5/4""","6.2","344","62.5%"
"89","GEN vs HLE","29:53","1629","Chovy","MID","Aurora","Defeat","=""4/4/1""","8.6","890","62.5%"
"89","GEN vs HLE","29:53","3411","Delight","SUPPORT","Rakan","Victory","=""0/0/16""","1.3","199","88.9%"
"89","GEN vs HLE","29:53","4259","Duro","SUPPORT","Alistar","Defeat","=""0/4/3""","0.9","131","37.5%"
"89","GEN vs HLE","29:53","1115","Kiin","TOP","KSante","Defeat","=""1/2/1""","8.6","341","25%"
"89","GEN vs HLE","29:53","392","Peanut","JUNGLE","Sejuani","Victory","=""4/3/8""","7.0","509","66.7%"
"89","GEN vs HLE","29:53","685","Ruler","ADC","Corki","Defeat","=""2/4/2""","10.0","796","50%"
"89","GEN vs HLE","29:53","1228","Viper","ADC","Kaisa","Victory","=""9/1/6""","9.3","1026","83.3%"
"89","GEN vs HLE","29:53","2906","Zeka","MID","Yone","Victory","=""3/1/7""","9.7","593","55.6%"
"89","GEN vs HLE","29:53","3658","Zeus","TOP","Gnar","Victory","=""2/3/6""","8.9","614","44.4%"
"90","GEN vs HLE","29:59","1909","Canyon","JUNGLE","Karthus","Victory","=""4/3/17""","8.0","1196","77.8%"
"90","GEN vs HLE","29:59","1629","Chovy","MID","Smolder","Victory","=""5/3/14""","8.5","1180","70.4%"
"90","GEN vs HLE","29:59","3411","Delight","SUPPORT","Shen","Defeat","=""2/7/9""","1.2","260","68.8%"
"90","GEN vs HLE","29:59","4259","Duro","SUPPORT","Camille","Victory","=""3/5/14""","1.1","431","63%"
"90","GEN vs HLE","29:59","1115","Kiin","TOP","Ambessa","Victory","=""6/4/11""","6.8","946","63%"
"90","GEN vs HLE","29:59","392","Peanut","JUNGLE","Zyra","Defeat","=""2/5/6""","6.7","628","50%"
"90","GEN vs HLE","29:59","685","Ruler","ADC","Ashe","Victory","=""9/1/10""","9.1","759","70.4%"
"90","GEN vs HLE","29:59","1228","Viper","ADC","Xayah","Defeat","=""0/5/6""","9.1","360","37.5%"
"90","GEN vs HLE","29:59","2906","Zeka","MID","Renekton","Defeat","=""2/6/5""","6.3","522","43.8%"
"90","GEN vs HLE","29:59","3658","Zeus","TOP","Fiora","Defeat","=""10/4/1""","8.9","794","68.8%"
"91","GEN vs HLE","32:36","1909","Canyon","JUNGLE","Wukong","Victory","=""6/3/11""","6.9","577","81%"
"91","GEN vs HLE","32:36","1629","Chovy","MID","Jayce","Victory","=""7/4/9""","9.1","1097","76.2%"
"91","GEN vs HLE","32:36","3411","Delight","SUPPORT","Braum","Defeat","=""1/4/13""","0.9","196","87.5%"
"91","GEN vs HLE","32:36","4259","Duro","SUPPORT","Rell","Victory","=""0/3/15""","0.8","212","71.4%"
"91","GEN vs HLE","32:36","1115","Kiin","TOP","Ornn","Victory","=""4/3/7""","7.2","668","52.4%"
"91","GEN vs HLE","32:36","392","Peanut","JUNGLE","Xin Zhao","Defeat","=""6/5/8""","5.9","638","87.5%"
"91","GEN vs HLE","32:36","685","Ruler","ADC","Varus","Victory","=""4/3/5""","9.2","753","42.9%"
"91","GEN vs HLE","32:36","1228","Viper","ADC","Ezreal","Defeat","=""3/4/5""","9.1","694","50%"
"91","GEN vs HLE","32:36","2906","Zeka","MID","Galio","Defeat","=""4/2/10""","8.9","742","87.5%"
"91","GEN vs HLE","32:36","3658","Zeus","TOP","Rumble","Defeat","=""2/6/9""","7.9","740","68.8%"
"92","Dplus KIA vs HLE","28:34","1328","Aiming","ADC","Kaisa","Defeat","=""2/1/1""","10.9","746","75%"
"92","Dplus KIA vs HLE","28:34","2184","BeryL","SUPPORT","Rakan","Defeat","=""0/4/1""","1.3","69","25%"
"92","Dplus KIA vs HLE","28:34","3411","Delight","SUPPORT","Nautilus","Victory","=""1/0/14""","1.4","201","88.2%"
"92","Dplus KIA vs HLE","28:34","3895","Lucid","JUNGLE","Vi","Defeat","=""1/4/2""","6.2","209","75%"
"92","Dplus KIA vs HLE","28:34","392","Peanut","JUNGLE","Maokai","Victory","=""3/1/10""","5.9","312","76.5%"
"92","Dplus KIA vs HLE","28:34","1250","ShowMaker","MID","Twisted Fate","Defeat","=""1/4/1""","8.2","537","50%"
"92","Dplus KIA vs HLE","28:34","5392","Siwoo","TOP","Gnar","Defeat","=""0/4/4""","8.3","553","100%"
"92","Dplus KIA vs HLE","28:34","1228","Viper","ADC","Xayah","Victory","=""7/0/6""","9.6","845","76.5%"
"92","Dplus KIA vs HLE","28:34","2906","Zeka","MID","Yone","Victory","=""3/1/10""","10.0","681","76.5%"
"92","Dplus KIA vs HLE","28:34","3658","Zeus","TOP","KSante","Victory","=""3/2/9""","9.0","416","70.6%"
"93","Dplus KIA vs HLE","30:55","1328","Aiming","ADC","Corki","Defeat","=""1/1/4""","8.9","468","100%"
"93","Dplus KIA vs HLE","30:55","2184","BeryL","SUPPORT","Shen","Defeat","=""1/5/3""","1.7","93","80%"
"93","Dplus KIA vs HLE","30:55","3411","Delight","SUPPORT","Renata Glasc","Victory","=""0/2/8""","1.3","124","66.7%"
"93","Dplus KIA vs HLE","30:55","3895","Lucid","JUNGLE","Nocturne","Defeat","=""0/3/3""","6.0","239","60%"
"93","Dplus KIA vs HLE","30:55","392","Peanut","JUNGLE","Nidalee","Victory","=""5/1/5""","9.3","479","83.3%"
"93","Dplus KIA vs HLE","30:55","1250","ShowMaker","MID","Viktor","Defeat","=""3/0/1""","9.7","691","80%"
"93","Dplus KIA vs HLE","30:55","5392","Siwoo","TOP","Kennen","Defeat","=""0/3/4""","8.5","374","80%"
"93","Dplus KIA vs HLE","30:55","1228","Viper","ADC","Ashe","Victory","=""3/1/4""","8.6","711","58.3%"
"93","Dplus KIA vs HLE","30:55","2906","Zeka","MID","Sylas","Victory","=""1/0/2""","8.8","356","25%"
"93","Dplus KIA vs HLE","30:55","3658","Zeus","TOP","Aatrox","Victory","=""3/1/4""","8.0","413","58.3%"
"94","Dplus KIA vs HLE","31:57","1328","Aiming","ADC","Mel","Defeat","=""6/2/4""","8.8","478","76.9%"
"94","Dplus KIA vs HLE","31:57","2184","BeryL","SUPPORT","Alistar","Defeat","=""0/5/10""","1.0","212","76.9%"
"94","Dplus KIA vs HLE","31:57","3411","Delight","SUPPORT","Rell","Victory","=""1/2/15""","1.2","220","88.9%"
"94","Dplus KIA vs HLE","31:57","3895","Lucid","JUNGLE","Wukong","Defeat","=""3/2/5""","7.4","326","61.5%"
"94","Dplus KIA vs HLE","31:57","392","Peanut","JUNGLE","Jax","Victory","=""5/3/7""","6.1","476","66.7%"
"94","Dplus KIA vs HLE","31:57","1250","ShowMaker","MID","Kled","Defeat","=""2/3/7""","7.9","543","69.2%"
"94","Dplus KIA vs HLE","31:57","5392","Siwoo","TOP","Gragas","Defeat","=""2/6/3""","7.1","353","38.5%"
"94","Dplus KIA vs HLE","31:57","1228","Viper","ADC","Miss Fortune","Victory","=""3/3/10""","9.0","633","72.2%"
"94","Dplus KIA vs HLE","31:57","2906","Zeka","MID","Ahri","Victory","=""8/3/5""","8.0","863","72.2%"
"94","Dplus KIA vs HLE","31:57","3658","Zeus","TOP","Olaf","Victory","=""1/2/6""","9.1","438","38.9%"
"95","Dplus KIA vs HLE","37:14","1328","Aiming","ADC","Varus","Victory","=""11/1/9""","9.3","813","69%"
"95","Dplus KIA vs HLE","37:14","2184","BeryL","SUPPORT","Braum","Victory","=""0/2/22""","0.8","199","75.9%"
"95","Dplus KIA vs HLE","37:14","3411","Delight","SUPPORT","Karma","Defeat","=""1/4/5""","1.0","465","85.7%"
"95","Dplus KIA vs HLE","37:14","3895","Lucid","JUNGLE","Lillia","Victory","=""8/1/17""","7.0","755","86.2%"
"95","Dplus KIA vs HLE","37:14","392","Peanut","JUNGLE","Xin Zhao","Defeat","=""1/7/4""","5.7","429","71.4%"
"95","Dplus KIA vs HLE","37:14","1250","ShowMaker","MID","Pantheon","Victory","=""8/2/10""","6.7","707","62.1%"
"95","Dplus KIA vs HLE","37:14","5392","Siwoo","TOP","Ambessa","Victory","=""2/1/13""","7.8","760","51.7%"
"95","Dplus KIA vs HLE","37:14","1228","Viper","ADC","Ezreal","Defeat","=""2/6/0""","9.4","916","28.6%"
"95","Dplus KIA vs HLE","37:14","2906","Zeka","MID","Galio","Defeat","=""2/7/4""","7.7","557","85.7%"
"95","Dplus KIA vs HLE","37:14","3658","Zeus","TOP","Camille","Defeat","=""1/5/3""","7.0","446","57.1%"
"96","Dplus KIA vs HLE","38:11","1328","Aiming","ADC","Zeri","Victory","=""9/1/11""","10.3","800","80%"
"96","Dplus KIA vs HLE","38:11","2184","BeryL","SUPPORT","Poppy","Victory","=""3/6/12""","1.1","334","60%"
"96","Dplus KIA vs HLE","38:11","3411","Delight","SUPPORT","Leona","Defeat","=""0/8/7""","1.5","130","63.6%"
"96","Dplus KIA vs HLE","38:11","3895","Lucid","JUNGLE","Viego","Victory","=""5/0/12""","6.1","353","68%"
"96","Dplus KIA vs HLE","38:11","392","Peanut","JUNGLE","Sejuani","Defeat","=""4/5/3""","5.1","372","63.6%"
"96","Dplus KIA vs HLE","38:11","1250","ShowMaker","MID","Ryze","Victory","=""5/3/13""","7.7","792","72%"
"96","Dplus KIA vs HLE","38:11","5392","Siwoo","TOP","Rumble","Victory","=""3/1/8""","6.9","541","44%"
"96","Dplus KIA vs HLE","38:11","1228","Viper","ADC","Jhin","Defeat","=""2/4/7""","9.2","757","81.8%"
"96","Dplus KIA vs HLE","38:11","2906","Zeka","MID","Aurora","Defeat","=""4/4/4""","6.9","723","72.7%"
"96","Dplus KIA vs HLE","38:11","3658","Zeus","TOP","Jayce","Defeat","=""1/4/5""","7.4","610","54.5%"
"97","NS vs GEN","32:35","1909","Canyon","JUNGLE","Pantheon","Victory","=""4/3/8""","6.8","428","75%"
"97","NS vs GEN","32:35","1629","Chovy","MID","Azir","Victory","=""3/2/6""","10.5","748","56.2%"
"97","NS vs GEN","32:35","4259","Duro","SUPPORT","Yuumi","Victory","=""0/1/15""","0.4","269","93.8%"
"97","NS vs GEN","32:35","4796","Fisher","MID","Smolder","Defeat","=""4/3/2""","9.5","574","66.7%"
"97","NS vs GEN","32:35","3327","GIDEON","JUNGLE","Maokai","Defeat","=""0/3/7""","6.8","326","77.8%"
"97","NS vs GEN","32:35","4755","Jiwoo","ADC","Lucian","Defeat","=""2/4/3""","8.4","739","55.6%"
"97","NS vs GEN","32:35","1115","Kiin","TOP","Ornn","Victory","=""1/2/8""","6.3","309","56.2%"
"97","NS vs GEN","32:35","738","Lehends","SUPPORT","Nami","Defeat","=""1/4/7""","0.9","195","88.9%"
"97","NS vs GEN","32:35","685","Ruler","ADC","Zeri","Victory","=""8/1/4""","11.7","1033","75%"
"97","NS vs GEN","32:35","1229","kingen","TOP","Gnar","Defeat","=""2/2/4""","7.8","478","66.7%"
"98","NS vs GEN","33:41","1909","Canyon","JUNGLE","Wukong","Defeat","=""3/5/4""","6.4","328","63.6%"
"98","NS vs GEN","33:41","1629","Chovy","MID","Sylas","Defeat","=""6/4/3""","9.7","727","81.8%"
"98","NS vs GEN","33:41","4259","Duro","SUPPORT","Rakan","Defeat","=""0/5/5""","1.0","94","45.5%"
"98","NS vs GEN","33:41","4796","Fisher","MID","Corki","Victory","=""2/3/8""","8.9","1099","52.6%"
"98","NS vs GEN","33:41","3327","GIDEON","JUNGLE","Lillia","Victory","=""6/2/8""","8.1","579","73.7%"
"98","NS vs GEN","33:41","4755","Jiwoo","ADC","Jinx","Victory","=""5/2/10""","9.2","867","78.9%"
"98","NS vs GEN","33:41","1115","Kiin","TOP","Jax","Defeat","=""0/3/7""","7.2","431","63.6%"
"98","NS vs GEN","33:41","738","Lehends","SUPPORT","Renata Glasc","Victory","=""2/1/15""","1.0","229","89.5%"
"98","NS vs GEN","33:41","685","Ruler","ADC","Ziggs","Defeat","=""2/2/5""","10.3","1164","63.6%"
"98","NS vs GEN","33:41","1229","kingen","TOP","Anivia","Victory","=""4/3/4""","6.5","743","42.1%"
"99","NS vs GEN","36:27","1909","Canyon","JUNGLE","Nocturne","Defeat","=""1/5/3""","5.8","312","66.7%"
"99","NS vs GEN","36:27","1629","Chovy","MID","Viktor","Defeat","=""3/4/3""","9.2","1089","100%"
"99","NS vs GEN","36:27","4259","Duro","SUPPORT","Rell","Defeat","=""0/7/4""","0.7","134","66.7%"
"99","NS vs GEN","36:27","4796","Fisher","MID","Orianna","Victory","=""9/2/10""","8.0","690","82.6%"
"99","NS vs GEN","36:27","3327","GIDEON","JUNGLE","Zac","Victory","=""3/0/17""","6.1","339","87%"
"99","NS vs GEN","36:27","4755","Jiwoo","ADC","Varus","Victory","=""8/1/7""","9.4","660","65.2%"
"99","NS vs GEN","36:27","1115","Kiin","TOP","Jayce","Defeat","=""1/3/3""","8.5","532","66.7%"
"99","NS vs GEN","36:27","738","Lehends","SUPPORT","Alistar","Victory","=""0/3/13""","1.2","145","56.5%"
"99","NS vs GEN","36:27","685","Ruler","ADC","Jhin","Defeat","=""1/4/2""","9.0","450","50%"
"99","NS vs GEN","36:27","1229","kingen","TOP","KSante","Victory","=""3/0/8""","7.5","372","47.8%"
"100","NS vs GEN","37:33","1909","Canyon","JUNGLE","Nidalee","Victory","=""6/1/14""","7.6","747","90.9%"
"100","NS vs GEN","37:33","1629","Chovy","MID","Sett","Victory","=""6/3/9""","8.4","694","68.2%"
"100","NS vs GEN","37:33","4259","Duro","SUPPORT","Leona","Victory","=""1/6/16""","0.8","179","77.3%"
"100","NS vs GEN","37:33","4796","Fisher","MID","Yone","Defeat","=""4/5/10""","8.1","764","93.3%"
"100","NS vs GEN","37:33","3327","GIDEON","JUNGLE","Vi","Defeat","=""1/5/7""","6.7","332","53.3%"
"100","NS vs GEN","37:33","4755","Jiwoo","ADC","Ashe","Defeat","=""6/4/7""","9.1","969","86.7%"
"100","NS vs GEN","37:33","1115","Kiin","TOP","Galio","Victory","=""3/4/16""","7.4","741","86.4%"
"100","NS vs GEN","37:33","738","Lehends","SUPPORT","Braum","Defeat","=""1/4/12""","0.8","174","86.7%"
"100","NS vs GEN","37:33","685","Ruler","ADC","Ezreal","Victory","=""6/1/13""","9.0","1251","86.4%"
"100","NS vs GEN","37:33","1229","kingen","TOP","Rumble","Defeat","=""3/4/10""","7.5","1063","86.7%"
"101","NS vs GEN","44:13","1909","Canyon","JUNGLE","Xin Zhao","Victory","=""7/5/15""","5.1","668","81.5%"
"101","NS vs GEN","44:13","1629","Chovy","MID","Aurora","Victory","=""6/3/14""","8.3","1021","74.1%"
"101","NS vs GEN","44:13","4259","Duro","SUPPORT","Poppy","Victory","=""1/8/10""","0.5","191","40.7%"
"101","NS vs GEN","44:13","4796","Fisher","MID","Mel","Defeat","=""9/7/13""","7.5","939","78.6%"
"101","NS vs GEN","44:13","3327","GIDEON","JUNGLE","Sejuani","Defeat","=""4/3/15""","5.6","574","67.9%"
"101","NS vs GEN","44:13","4755","Jiwoo","ADC","Miss Fortune","Defeat","=""5/7/14""","9.0","709","67.9%"
"101","NS vs GEN","44:13","1115","Kiin","TOP","Camille","Victory","=""6/8/11""","6.1","894","63%"
"101","NS vs GEN","44:13","738","Lehends","SUPPORT","Nautilus","Defeat","=""1/4/17""","1.0","299","64.3%"
"101","NS vs GEN","44:13","685","Ruler","ADC","Kaisa","Victory","=""7/4/12""","10.0","802","70.4%"
"101","NS vs GEN","44:13","1229","kingen","TOP","Ambessa","Defeat","=""9/6/8""","6.8","988","60.7%"
"102","Dplus KIA vs GEN","23:50","1328","Aiming","ADC","Zeri","Defeat","=""6/2/0""","9.2","786","100%"
"102","Dplus KIA vs GEN","23:50","2184","BeryL","SUPPORT","Rakan","Defeat","=""0/4/6""","1.0","140","100%"
"102","Dplus KIA vs GEN","23:50","1909","Canyon","JUNGLE","Vi","Victory","=""4/1/8""","7.8","380","66.7%"
"102","Dplus KIA vs GEN","23:50","1629","Chovy","MID","Sylas","Victory","=""1/2/6""","9.0","546","38.9%"
"102","Dplus KIA vs GEN","23:50","4259","Duro","SUPPORT","Alistar","Victory","=""1/1/15""","0.6","190","88.9%"
"102","Dplus KIA vs GEN","23:50","1115","Kiin","TOP","Rumble","Victory","=""6/1/7""","8.6","973","72.2%"
"102","Dplus KIA vs GEN","23:50","3895","Lucid","JUNGLE","Xin Zhao","Defeat","=""0/4/6""","6.3","390","100%"
"102","Dplus KIA vs GEN","23:50","685","Ruler","ADC","Ezreal","Victory","=""6/1/5""","9.6","984","61.1%"
"102","Dplus KIA vs GEN","23:50","1250","ShowMaker","MID","Galio","Defeat","=""0/4/5""","7.9","635","83.3%"
"102","Dplus KIA vs GEN","23:50","5392","Siwoo","TOP","Jayce","Defeat","=""0/4/4""","8.0","400","66.7%"
"103","Dplus KIA vs GEN","27:16","1328","Aiming","ADC","Miss Fortune","Defeat","=""6/3/3""","9.3","707","90%"
"103","Dplus KIA vs GEN","27:16","2184","BeryL","SUPPORT","Nautilus","Defeat","=""0/3/6""","1.1","137","60%"
"103","Dplus KIA vs GEN","27:16","1909","Canyon","JUNGLE","Zyra","Victory","=""3/1/10""","8.3","636","65%"
"103","Dplus KIA vs GEN","27:16","1629","Chovy","MID","Ahri","Victory","=""4/3/9""","9.1","589","65%"
"103","Dplus KIA vs GEN","27:16","4259","Duro","SUPPORT","Poppy","Victory","=""1/3/9""","1.2","244","50%"
"103","Dplus KIA vs GEN","27:16","1115","Kiin","TOP","Gangplank","Victory","=""1/1/8""","7.4","506","45%"
"103","Dplus KIA vs GEN","27:16","3895","Lucid","JUNGLE","Lillia","Defeat","=""1/3/5""","5.8","364","60%"
"103","Dplus KIA vs GEN","27:16","685","Ruler","ADC","Ashe","Victory","=""11/2/5""","8.8","698","80%"
"103","Dplus KIA vs GEN","27:16","1250","ShowMaker","MID","Ryze","Defeat","=""1/6/2""","7.9","459","30%"
"103","Dplus KIA vs GEN","27:16","5392","Siwoo","TOP","Gnar","Defeat","=""2/5/0""","6.6","278","20%"
"104","Dplus KIA vs GEN","28:05","1328","Aiming","ADC","Kaisa","Defeat","=""4/4/1""","7.7","402","100%"
"104","Dplus KIA vs GEN","28:05","2184","BeryL","SUPPORT","Rell","Defeat","=""0/4/5""","1.5","161","100%"
"104","Dplus KIA vs GEN","28:05","1909","Canyon","JUNGLE","Maokai","Victory","=""4/0/10""","6.4","460","82.4%"
"104","Dplus KIA vs GEN","28:05","1629","Chovy","MID","Aurora","Victory","=""2/0/11""","9.5","1020","76.5%"
"104","Dplus KIA vs GEN","28:05","4259","Duro","SUPPORT","Braum","Victory","=""1/2/14""","0.6","234","88.2%"
"104","Dplus KIA vs GEN","28:05","1115","Kiin","TOP","KSante","Victory","=""4/1/10""","7.3","436","82.4%"
"104","Dplus KIA vs GEN","28:05","3895","Lucid","JUNGLE","Sejuani","Defeat","=""0/1/5""","6.1","346","100%"
"104","Dplus KIA vs GEN","28:05","685","Ruler","ADC","Varus","Victory","=""6/2/9""","10.0","785","88.2%"
"104","Dplus KIA vs GEN","28:05","1250","ShowMaker","MID","Azir","Defeat","=""1/4/4""","8.1","537","100%"
"104","Dplus KIA vs GEN","28:05","5392","Siwoo","TOP","Ambessa","Defeat","=""0/4/4""","7.1","393","80%"
"105","HLE vs GEN","26:18","1909","Canyon","JUNGLE","Vi","Victory","=""1/1/7""","7.3","337","66.7%"
"105","HLE vs GEN","26:18","1629","Chovy","MID","Taliyah","Victory","=""2/1/4""","8.9","552","50%"
"105","HLE vs GEN","26:18","3411","Delight","SUPPORT","Poppy","Defeat","=""0/2/3""","1.4","72","60%"
"105","HLE vs GEN","26:18","4259","Duro","SUPPORT","Nautilus","Victory","=""0/1/10""","0.7","149","83.3%"
"105","HLE vs GEN","26:18","1115","Kiin","TOP","Rumble","Victory","=""4/1/2""","8.2","513","50%"
"105","HLE vs GEN","26:18","392","Peanut","JUNGLE","Xin Zhao","Defeat","=""0/1/4""","6.2","284","80%"
"105","HLE vs GEN","26:18","685","Ruler","ADC","Corki","Victory","=""5/1/4""","9.3","815","75%"
"105","HLE vs GEN","26:18","1228","Viper","ADC","Ashe","Defeat","=""1/3/1""","7.8","335","40%"
"105","HLE vs GEN","26:18","2906","Zeka","MID","Azir","Defeat","=""3/2/0""","8.7","352","60%"
"105","HLE vs GEN","26:18","3658","Zeus","TOP","KSante","Defeat","=""1/4/2""","7.1","204","60%"
"106","HLE vs GEN","30:03","1909","Canyon","JUNGLE","Karthus","Victory","=""5/3/11""","8.2","673","84.2%"
"106","HLE vs GEN","30:03","1629","Chovy","MID","Viego","Victory","=""4/0/7""","9.7","763","57.9%"
"106","HLE vs GEN","30:03","3411","Delight","SUPPORT","Pantheon","Defeat","=""0/5/5""","0.9","271","62.5%"
"106","HLE vs GEN","30:03","4259","Duro","SUPPORT","Bard","Victory","=""1/3/18""","0.8","311","100%"
"106","HLE vs GEN","30:03","1115","Kiin","TOP","Sion","Victory","=""2/0/8""","6.6","403","52.6%"
"106","HLE vs GEN","30:03","392","Peanut","JUNGLE","Zyra","Defeat","=""2/5/5""","6.6","551","87.5%"
"106","HLE vs GEN","30:03","685","Ruler","ADC","Varus","Victory","=""7/2/9""","10.4","568","84.2%"
"106","HLE vs GEN","30:03","1228","Viper","ADC","Jhin","Defeat","=""3/2/4""","9.9","632","87.5%"
"106","HLE vs GEN","30:03","2906","Zeka","MID","Sylas","Defeat","=""2/2/1""","7.6","376","37.5%"
"106","HLE vs GEN","30:03","3658","Zeus","TOP","Gnar","Defeat","=""1/5/0""","7.1","326","12.5%"
"107","HLE vs GEN","30:28","1909","Canyon","JUNGLE","Lee Sin","Defeat","=""0/2/3""","6.0","327","100%"
"107","HLE vs GEN","30:28","1629","Chovy","MID","Galio","Defeat","=""0/2/2""","9.6","452","66.7%"
"107","HLE vs GEN","30:28","3411","Delight","SUPPORT","Rell","Victory","=""1/1/11""","1.4","132","70.6%"
"107","HLE vs GEN","30:28","4259","Duro","SUPPORT","Rakan","Defeat","=""0/3/3""","1.0","100","100%"
"107","HLE vs GEN","30:28","1115","Kiin","TOP","Vayne","Defeat","=""1/7/0""","6.9","561","33.3%"
"107","HLE vs GEN","30:28","392","Peanut","JUNGLE","Maokai","Victory","=""1/0/7""","6.0","242","47.1%"
"107","HLE vs GEN","30:28","685","Ruler","ADC","Zeri","Defeat","=""2/3/1""","9.4","761","100%"
"107","HLE vs GEN","30:28","1228","Viper","ADC","Miss Fortune","Victory","=""5/2/3""","9.5","732","47.1%"
"107","HLE vs GEN","30:28","2906","Zeka","MID","Ahri","Victory","=""3/0/6""","9.1","716","52.9%"
"107","HLE vs GEN","30:28","3658","Zeus","TOP","Aatrox","Victory","=""7/0/4""","8.8","872","64.7%"
"108","HLE vs GEN","31:48","1909","Canyon","JUNGLE","Nidalee","Defeat","=""2/1/5""","7.5","552","63.6%"
"108","HLE vs GEN","31:48","1629","Chovy","MID","Ambessa","Defeat","=""1/6/3""","8.6","710","36.4%"
"108","HLE vs GEN","31:48","3411","Delight","SUPPORT","Alistar","Victory","=""3/1/18""","0.6","175","87.5%"
"108","HLE vs GEN","31:48","4259","Duro","SUPPORT","Leona","Defeat","=""1/6/4""","0.8","168","45.5%"
"108","HLE vs GEN","31:48","1115","Kiin","TOP","Mordekaiser","Defeat","=""3/8/4""","6.0","509","63.6%"
"108","HLE vs GEN","31:48","392","Peanut","JUNGLE","Sejuani","Victory","=""2/3/13""","6.1","422","62.5%"
"108","HLE vs GEN","31:48","685","Ruler","ADC","Ezreal","Defeat","=""4/3/2""","9.9","675","54.5%"
"108","HLE vs GEN","31:48","1228","Viper","ADC","Kaisa","Victory","=""12/2/7""","10.6","1055","79.2%"
"108","HLE vs GEN","31:48","2906","Zeka","MID","Yone","Victory","=""4/2/11""","8.9","650","62.5%"
"108","HLE vs GEN","31:48","3658","Zeus","TOP","Camille","Victory","=""3/3/12""","6.5","510","62.5%"
"109","HLE vs GEN","38:59","1909","Canyon","JUNGLE","Trundle","Defeat","=""0/1/1""","5.6","116","50%"
"109","HLE vs GEN","38:59","1629","Chovy","MID","Aurelion Sol","Defeat","=""2/1/0""","9.8","757","100%"
"109","HLE vs GEN","38:59","3411","Delight","SUPPORT","Karma","Victory","=""1/1/6""","1.1","102","100%"
"109","HLE vs GEN","38:59","4259","Duro","SUPPORT","Lulu","Defeat","=""0/0/1""","0.8","79","50%"
"109","HLE vs GEN","38:59","1115","Kiin","TOP","Ornn","Defeat","=""0/4/2""","4.6","155","100%"
"109","HLE vs GEN","38:59","392","Peanut","JUNGLE","Wukong","Victory","=""1/1/5""","7.1","153","85.7%"
"109","HLE vs GEN","38:59","685","Ruler","ADC","Jinx","Defeat","=""0/1/1""","11.8","593","50%"
"109","HLE vs GEN","38:59","1228","Viper","ADC","Caitlyn","Victory","=""4/0/2""","8.7","777","85.7%"
"109","HLE vs GEN","38:59","2906","Zeka","MID","Viktor","Victory","=""0/0/5""","8.8","812","71.4%"
"109","HLE vs GEN","38:59","3658","Zeus","TOP","Gwen","Victory","=""1/0/3""","7.5","272","57.1%"
"110","DRX vs DN Freecs","28:29","4938","Andil","SUPPORT","Braum","Victory","=""0/1/9""","0.9","156","56.2%"
"110","DRX vs DN Freecs","28:29","3322","Berserker","ADC","Varus","Defeat","=""1/2/2""","9.7","554","100%"
"110","DRX vs DN Freecs","28:29","3974","Bulldog","MID","Galio","Defeat","=""0/4/3""","8.0","321","100%"
"110","DRX vs DN Freecs","28:29","3082","DuDu","TOP","Aatrox","Defeat","=""0/3/3""","7.3","476","100%"
"110","DRX vs DN Freecs","28:29","1906","Life","SUPPORT","Renata Glasc","Defeat","=""0/4/3""","0.7","196","100%"
"110","DRX vs DN Freecs","28:29","2664","Pyosik","JUNGLE","Xin Zhao","Defeat","=""2/3/1""","7.4","223","100%"
"110","DRX vs DN Freecs","28:29","1613","Rich","TOP","Ambessa","Victory","=""5/0/6""","9.9","1201","68.8%"
"110","DRX vs DN Freecs","28:29","4753","Sponge","JUNGLE","Vi","Victory","=""1/1/9""","7.4","255","62.5%"
"110","DRX vs DN Freecs","28:29","799","Teddy","ADC","Ashe","Victory","=""7/0/3""","9.9","817","62.5%"
"110","DRX vs DN Freecs","28:29","1504","Ucal","MID","Taliyah","Victory","=""3/2/8""","9.9","646","68.8%"
"111","DRX vs DN Freecs","35:45","4938","Andil","SUPPORT","Rell","Victory","=""0/8/17""","0.8","157","73.9%"
"111","DRX vs DN Freecs","35:45","3322","Berserker","ADC","Ezreal","Defeat","=""7/1/6""","10.2","1084","92.9%"
"111","DRX vs DN Freecs","35:45","3974","Bulldog","MID","Aurora","Defeat","=""5/4/6""","8.3","713","78.6%"
"111","DRX vs DN Freecs","35:45","3082","DuDu","TOP","Rumble","Defeat","=""1/7/6""","8.4","461","50%"
"111","DRX vs DN Freecs","35:45","1906","Life","SUPPORT","Alistar","Defeat","=""0/7/12""","1.0","128","85.7%"
"111","DRX vs DN Freecs","35:45","2664","Pyosik","JUNGLE","Skarner","Defeat","=""1/4/13""","6.0","331","100%"
"111","DRX vs DN Freecs","35:45","1613","Rich","TOP","Gwen","Victory","=""7/2/7""","7.9","741","60.9%"
"111","DRX vs DN Freecs","35:45","4753","Sponge","JUNGLE","Sejuani","Victory","=""2/1/14""","5.7","369","69.6%"
"111","DRX vs DN Freecs","35:45","799","Teddy","ADC","Miss Fortune","Victory","=""6/0/9""","10.1","859","65.2%"
"111","DRX vs DN Freecs","35:45","1504","Ucal","MID","Corki","Victory","=""8/3/7""","10.3","885","65.2%"
"112","HLE vs GEN","28:31","1909","Canyon","JUNGLE","Vi","Victory","=""7/0/13""","7.2","504","83.3%"
"112","HLE vs GEN","28:31","1629","Chovy","MID","Ahri","Victory","=""4/1/14""","10.4","861","75%"
"112","HLE vs GEN","28:31","3411","Delight","SUPPORT","Alistar","Defeat","=""0/5/1""","1.4","53","50%"
"112","HLE vs GEN","28:31","4259","Duro","SUPPORT","Rakan","Victory","=""1/1/15""","0.6","141","66.7%"
"112","HLE vs GEN","28:31","1115","Kiin","TOP","Jayce","Victory","=""4/0/10""","9.3","943","58.3%"
"112","HLE vs GEN","28:31","392","Peanut","JUNGLE","Naafiri","Defeat","=""1/5/1""","6.9","311","100%"
"112","HLE vs GEN","28:31","685","Ruler","ADC","Miss Fortune","Victory","=""8/0/5""","10.4","734","54.2%"
"112","HLE vs GEN","28:31","1228","Viper","ADC","Ezreal","Defeat","=""0/4/1""","8.8","531","50%"
"112","HLE vs GEN","28:31","2906","Zeka","MID","Aurora","Defeat","=""0/6/1""","7.9","693","50%"
"112","HLE vs GEN","28:31","3658","Zeus","TOP","Ambessa","Defeat","=""1/4/0""","8.7","266","50%"
"113","HLE vs GEN","29:10","1909","Canyon","JUNGLE","Xin Zhao","Victory","=""4/0/11""","7.5","656","62.5%"
"113","HLE vs GEN","29:10","1629","Chovy","MID","Azir","Victory","=""3/2/15""","10.6","816","75%"
"113","HLE vs GEN","29:10","3411","Delight","SUPPORT","Braum","Defeat","=""0/5/10""","1.0","184","71.4%"
"113","HLE vs GEN","29:10","4259","Duro","SUPPORT","Nautilus","Victory","=""1/5/16""","0.5","238","70.8%"
"113","HLE vs GEN","29:10","1115","Kiin","TOP","Gnar","Victory","=""5/4/9""","8.1","723","58.3%"
"113","HLE vs GEN","29:10","392","Peanut","JUNGLE","Skarner","Defeat","=""5/4/6""","5.8","448","78.6%"
"113","HLE vs GEN","29:10","685","Ruler","ADC","Corki","Victory","=""11/3/8""","8.7","1134","79.2%"
"113","HLE vs GEN","29:10","1228","Viper","ADC","Ashe","Defeat","=""5/6/7""","9.0","709","85.7%"
"113","HLE vs GEN","29:10","2906","Zeka","MID","Viktor","Defeat","=""2/4/4""","9.2","760","42.9%"
"113","HLE vs GEN","29:10","3658","Zeus","TOP","Aatrox","Defeat","=""2/6/2""","8.0","505","28.6%"
"114","BNK FearX vs Dplus KIA","26:27","1328","Aiming","ADC","Senna","Defeat","=""0/3/6""","2.3","250","85.7%"
"114","BNK FearX vs Dplus KIA","26:27","2184","BeryL","SUPPORT","Chogath","Defeat","=""2/6/0""","6.9","358","28.6%"
"114","BNK FearX vs Dplus KIA","26:27","3421","Clear","TOP","Jax","Victory","=""2/0/4""","8.2","478","27.3%"
"114","BNK FearX vs Dplus KIA","26:27","4943","Diable","ADC","Kalista","Victory","=""14/1/5""","8.9","940","86.4%"
"114","BNK FearX vs Dplus KIA","26:27","1971","Kellin","SUPPORT","Renata Glasc","Victory","=""0/2/18""","1.0","201","81.8%"
"114","BNK FearX vs Dplus KIA","26:27","3895","Lucid","JUNGLE","Skarner","Defeat","=""4/5/2""","6.0","435","85.7%"
"114","BNK FearX vs Dplus KIA","26:27","4233","Raptor","JUNGLE","Xin Zhao","Victory","=""4/2/10""","6.3","615","63.6%"
"114","BNK FearX vs Dplus KIA","26:27","1250","ShowMaker","MID","Taliyah","Defeat","=""1/5/6""","9.0","692","100%"
"114","BNK FearX vs Dplus KIA","26:27","5392","Siwoo","TOP","Gnar","Defeat","=""0/3/2""","7.1","487","28.6%"
"114","BNK FearX vs Dplus KIA","26:27","3326","Vicla","MID","Ahri","Victory","=""2/2/14""","8.6","715","72.7%"
"115","BNK FearX vs Dplus KIA","28:40","1328","Aiming","ADC","Ezreal","Victory","=""6/0/6""","9.2","745","60%"
"115","BNK FearX vs Dplus KIA","28:40","2184","BeryL","SUPPORT","Leona","Victory","=""2/2/13""","1.2","273","75%"
"115","BNK FearX vs Dplus KIA","28:40","3421","Clear","TOP","Gwen","Defeat","=""0/5/2""","7.4","305","66.7%"
"115","BNK FearX vs Dplus KIA","28:40","4943","Diable","ADC","Miss Fortune","Defeat","=""2/3/1""","10.7","382","100%"
"115","BNK FearX vs Dplus KIA","28:40","1971","Kellin","SUPPORT","Rell","Defeat","=""0/6/3""","0.9","160","100%"
"115","BNK FearX vs Dplus KIA","28:40","3895","Lucid","JUNGLE","Ivern","Victory","=""0/0/18""","5.7","261","90%"
"115","BNK FearX vs Dplus KIA","28:40","4233","Raptor","JUNGLE","Maokai","Defeat","=""1/3/2""","5.4","200","100%"
"115","BNK FearX vs Dplus KIA","28:40","1250","ShowMaker","MID","Corki","Victory","=""7/0/7""","10.3","923","70%"
"115","BNK FearX vs Dplus KIA","28:40","5392","Siwoo","TOP","Rumble","Victory","=""5/1/4""","7.9","398","45%"
"115","BNK FearX vs Dplus KIA","28:40","3326","Vicla","MID","Yone","Defeat","=""0/3/2""","8.8","335","66.7%"
"116","BNK FearX vs Dplus KIA","36:55","1328","Aiming","ADC","Kaisa","Victory","=""6/2/5""","8.5","632","61.1%"
"116","BNK FearX vs Dplus KIA","36:55","2184","BeryL","SUPPORT","Gragas","Victory","=""1/4/10""","1.4","233","61.1%"
"116","BNK FearX vs Dplus KIA","36:55","3421","Clear","TOP","KSante","Defeat","=""1/5/6""","5.5","453","58.3%"
"116","BNK FearX vs Dplus KIA","36:55","4943","Diable","ADC","Ashe","Defeat","=""1/4/7""","7.9","680","66.7%"
"116","BNK FearX vs Dplus KIA","36:55","1971","Kellin","SUPPORT","Braum","Defeat","=""0/4/10""","0.8","253","83.3%"
"116","BNK FearX vs Dplus KIA","36:55","3895","Lucid","JUNGLE","Naafiri","Victory","=""3/3/12""","6.2","375","83.3%"
"116","BNK FearX vs Dplus KIA","36:55","4233","Raptor","JUNGLE","Vi","Defeat","=""0/2/9""","6.4","320","75%"
"116","BNK FearX vs Dplus KIA","36:55","1250","ShowMaker","MID","Aurora","Victory","=""4/2/13""","7.3","745","94.4%"
"116","BNK FearX vs Dplus KIA","36:55","5392","Siwoo","TOP","Aatrox","Victory","=""4/1/8""","7.4","688","66.7%"
"116","BNK FearX vs Dplus KIA","36:55","3326","Vicla","MID","Azir","Defeat","=""10/3/2""","7.8","1128","100%"
"117","NS vs OK BRION","32:41","3195","Clozer","MID","LeBlanc","Defeat","=""3/4/6""","8.5","569","64.3%"
"117","NS vs OK BRION","32:41","2919","Ellim","JUNGLE","Naafiri","Defeat","=""9/4/4""","7.1","777","92.9%"
"117","NS vs OK BRION","32:41","4796","Fisher","MID","Orianna","Victory","=""5/3/15""","7.7","873","90.9%"
"117","NS vs OK BRION","32:41","3327","GIDEON","JUNGLE","Nocturne","Victory","=""6/3/13""","7.2","663","86.4%"
"117","NS vs OK BRION","32:41","3694","Hype","ADC","Varus","Defeat","=""0/5/1""","9.4","356","7.1%"
"117","NS vs OK BRION","32:41","4755","Jiwoo","ADC","Kaisa","Victory","=""6/4/11""","9.0","640","77.3%"
"117","NS vs OK BRION","32:41","738","Lehends","SUPPORT","Nautilus","Victory","=""0/2/12""","1.0","203","54.5%"
"117","NS vs OK BRION","32:41","2545","Morgan","TOP","Jax","Defeat","=""2/2/9""","8.2","612","78.6%"
"117","NS vs OK BRION","32:41","4865","Pollu","SUPPORT","Alistar","Defeat","=""0/7/6""","0.9","144","42.9%"
"117","NS vs OK BRION","32:41","1229","kingen","TOP","Gangplank","Victory","=""5/2/10""","7.2","818","68.2%"
"118","NS vs OK BRION","36:08","3195","Clozer","MID","Aurora","Defeat","=""4/1/3""","9.5","773","77.8%"
"118","NS vs OK BRION","36:08","2919","Ellim","JUNGLE","Vi","Defeat","=""2/3/4""","6.2","334","66.7%"
"118","NS vs OK BRION","36:08","4796","Fisher","MID","Yone","Victory","=""4/0/5""","9.6","362","47.4%"
"118","NS vs OK BRION","36:08","3327","GIDEON","JUNGLE","Sejuani","Victory","=""1/1/15""","6.5","434","84.2%"
"118","NS vs OK BRION","36:08","3694","Hype","ADC","Miss Fortune","Defeat","=""2/5/4""","10.8","410","66.7%"
"118","NS vs OK BRION","36:08","4755","Jiwoo","ADC","Ezreal","Victory","=""6/1/3""","10.3","733","47.4%"
"118","NS vs OK BRION","36:08","738","Lehends","SUPPORT","Elise","Victory","=""3/5/9""","1.5","297","63.2%"
"118","NS vs OK BRION","36:08","2545","Morgan","TOP","Jayce","Defeat","=""1/7/4""","8.1","623","55.6%"
"118","NS vs OK BRION","36:08","4865","Pollu","SUPPORT","Rakan","Defeat","=""0/3/8""","1.0","84","88.9%"
"118","NS vs OK BRION","36:08","1229","kingen","TOP","Gwen","Victory","=""5/2/5""","8.6","528","52.6%"
"119","DRX vs T1","33:39","4938","Andil","SUPPORT","Rell","Defeat","=""1/6/3""","1.1","109","40%"
"119","DRX vs T1","33:39","1242","Doran","TOP","Rumble","Victory","=""4/2/8""","8.7","506","48%"
"119","DRX vs T1","33:39","48","Faker","MID","Azir","Victory","=""4/1/13""","9.2","914","68%"
"119","DRX vs T1","33:39","3247","Gumayusi","ADC","Jhin","Victory","=""7/0/10""","9.5","913","68%"
"119","DRX vs T1","33:39","1258","Keria","SUPPORT","Alistar","Victory","=""1/3/18""","0.7","201","76%"
"119","DRX vs T1","33:39","3741","Oner","JUNGLE","Xin Zhao","Victory","=""9/4/12""","7.0","884","84%"
"119","DRX vs T1","33:39","1613","Rich","TOP","Jayce","Defeat","=""0/4/5""","9.1","412","50%"
"119","DRX vs T1","33:39","4753","Sponge","JUNGLE","Naafiri","Defeat","=""0/4/4""","6.2","438","40%"
"119","DRX vs T1","33:39","799","Teddy","ADC","Corki","Defeat","=""2/5/2""","8.7","626","40%"
"119","DRX vs T1","33:39","1504","Ucal","MID","Aurora","Defeat","=""7/6/2""","8.1","867","90%"
"120","DRX vs T1","34:04","4938","Andil","SUPPORT","Braum","Defeat","=""0/4/9""","0.7","230","90%"
"120","DRX vs T1","34:04","1242","Doran","TOP","Ambessa","Victory","=""3/2/7""","7.9","915","71.4%"
"120","DRX vs T1","34:04","48","Faker","MID","Sylas","Victory","=""3/3/7""","8.3","840","71.4%"
"120","DRX vs T1","34:04","3247","Gumayusi","ADC","Miss Fortune","Victory","=""5/0/6""","10.1","862","78.6%"
"120","DRX vs T1","34:04","1258","Keria","SUPPORT","Rakan","Victory","=""0/3/11""","0.9","158","78.6%"
"120","DRX vs T1","34:04","3741","Oner","JUNGLE","Lee Sin","Victory","=""3/2/7""","7.5","476","71.4%"
"120","DRX vs T1","34:04","1613","Rich","TOP","Aatrox","Defeat","=""4/2/3""","8.5","997","70%"
"120","DRX vs T1","34:04","4753","Sponge","JUNGLE","Vi","Defeat","=""2/4/6""","6.1","351","80%"
"120","DRX vs T1","34:04","799","Teddy","ADC","Ashe","Defeat","=""1/3/7""","9.4","386","80%"
"120","DRX vs T1","34:04","1504","Ucal","MID","Ahri","Defeat","=""3/1/5""","8.0","687","80%"
"121","HLE vs KT Rolster","30:30","650","Bdd","MID","Orianna","Defeat","=""2/4/4""","8.9","528","85.7%"
"121","HLE vs KT Rolster","30:30","983","Cuzz","JUNGLE","Naafiri","Defeat","=""2/2/3""","6.7","381","71.4%"
"121","HLE vs KT Rolster","30:30","3411","Delight","SUPPORT","Pantheon","Victory","=""4/2/10""","1.5","369","77.8%"
"121","HLE vs KT Rolster","30:30","392","Peanut","JUNGLE","Sejuani","Victory","=""2/1/10""","6.9","220","66.7%"
"121","HLE vs KT Rolster","30:30","5122","PerfecT","TOP","KSante","Defeat","=""0/3/5""","7.6","298","71.4%"
"121","HLE vs KT Rolster","30:30","4260","Peter","SUPPORT","Leona","Defeat","=""1/5/4""","0.9","173","71.4%"
"121","HLE vs KT Rolster","30:30","1228","Viper","ADC","Varus","Victory","=""3/0/9""","10.2","577","66.7%"
"121","HLE vs KT Rolster","30:30","2906","Zeka","MID","Ryze","Victory","=""5/3/3""","9.6","433","44.4%"
"121","HLE vs KT Rolster","30:30","3658","Zeus","TOP","Jax","Victory","=""4/2/10""","7.9","580","77.8%"
"121","HLE vs KT Rolster","30:30","2508","deokdam","ADC","Miss Fortune","Defeat","=""2/4/2""","8.9","399","57.1%"
"122","HLE vs KT Rolster","34:08","650","Bdd","MID","Azir","Defeat","=""3/5/3""","8.8","666","54.5%"
"122","HLE vs KT Rolster","34:08","983","Cuzz","JUNGLE","Skarner","Defeat","=""0/3/9""","5.5","281","81.8%"
"122","HLE vs KT Rolster","34:08","3411","Delight","SUPPORT","Rakan","Victory","=""1/1/14""","1.4","121","83.3%"
"122","HLE vs KT Rolster","34:08","392","Peanut","JUNGLE","Xin Zhao","Victory","=""1/4/11""","6.6","493","66.7%"
"122","HLE vs KT Rolster","34:08","5122","PerfecT","TOP","Rumble","Defeat","=""4/4/5""","6.4","530","81.8%"
"122","HLE vs KT Rolster","34:08","4260","Peter","SUPPORT","Alistar","Defeat","=""0/4/11""","1.1","171","100%"
"122","HLE vs KT Rolster","34:08","1228","Viper","ADC","Kaisa","Victory","=""9/2/7""","9.6","857","88.9%"
"122","HLE vs KT Rolster","34:08","2906","Zeka","MID","Taliyah","Victory","=""6/1/8""","8.0","725","77.8%"
"122","HLE vs KT Rolster","34:08","3658","Zeus","TOP","Jayce","Victory","=""1/3/12""","8.6","737","72.2%"
"122","HLE vs KT Rolster","34:08","2508","deokdam","ADC","Ezreal","Defeat","=""4/2/6""","9.0","678","90.9%"
"123","HLE vs KT Rolster","35:35","650","Bdd","MID","Tristana","Victory","=""10/1/7""","9.0","717","81%"
"123","HLE vs KT Rolster","35:35","983","Cuzz","JUNGLE","Nidalee","Victory","=""5/1/14""","5.3","689","90.5%"
"123","HLE vs KT Rolster","35:35","3411","Delight","SUPPORT","Renata Glasc","Defeat","=""0/7/8""","1.1","169","80%"
"123","HLE vs KT Rolster","35:35","392","Peanut","JUNGLE","Wukong","Defeat","=""1/4/3""","6.6","218","40%"
"123","HLE vs KT Rolster","35:35","5122","PerfecT","TOP","Gwen","Victory","=""3/2/10""","7.1","595","61.9%"
"123","HLE vs KT Rolster","35:35","4260","Peter","SUPPORT","Neeko","Victory","=""3/2/17""","1.0","388","95.2%"
"123","HLE vs KT Rolster","35:35","1228","Viper","ADC","Kalista","Defeat","=""4/3/3""","8.0","543","70%"
"123","HLE vs KT Rolster","35:35","2906","Zeka","MID","Sylas","Defeat","=""1/5/3""","7.2","467","40%"
"123","HLE vs KT Rolster","35:35","3658","Zeus","TOP","Ambessa","Defeat","=""4/2/3""","7.7","522","70%"
"123","HLE vs KT Rolster","35:35","2508","deokdam","ADC","Ashe","Victory","=""0/4/14""","6.7","554","66.7%"
"124","DN Freecs vs NS","39:34","3322","Berserker","ADC","Ezreal","Defeat","=""7/2/5""","9.4","1169","80%"
"124","DN Freecs vs NS","39:34","3974","Bulldog","MID","Ahri","Defeat","=""2/4/9""","8.9","638","73.3%"
"124","DN Freecs vs NS","39:34","3082","DuDu","TOP","Aatrox","Defeat","=""2/6/2""","7.9","532","26.7%"
"124","DN Freecs vs NS","39:34","4796","Fisher","MID","Galio","Victory","=""2/3/13""","8.7","788","68.2%"
"124","DN Freecs vs NS","39:34","3327","GIDEON","JUNGLE","Skarner","Victory","=""4/3/16""","5.7","529","90.9%"
"124","DN Freecs vs NS","39:34","4755","Jiwoo","ADC","Zeri","Victory","=""14/0/7""","10.8","1270","95.5%"
"124","DN Freecs vs NS","39:34","738","Lehends","SUPPORT","Nautilus","Victory","=""0/5/20""","1.1","249","90.9%"
"124","DN Freecs vs NS","39:34","1906","Life","SUPPORT","Rell","Defeat","=""1/5/10""","0.5","180","73.3%"
"124","DN Freecs vs NS","39:34","2664","Pyosik","JUNGLE","Xin Zhao","Defeat","=""3/5/9""","7.2","611","80%"
"124","DN Freecs vs NS","39:34","1229","kingen","TOP","Gnar","Victory","=""2/4/10""","8.2","702","54.5%"
"125","DN Freecs vs NS","44:39","3322","Berserker","ADC","Corki","Defeat","=""7/2/11""","9.3","897","81.8%"
"125","DN Freecs vs NS","44:39","3974","Bulldog","MID","Taliyah","Defeat","=""0/4/13""","7.8","652","59.1%"
"125","DN Freecs vs NS","44:39","3082","DuDu","TOP","Jayce","Defeat","=""9/3/10""","8.6","915","86.4%"
"125","DN Freecs vs NS","44:39","4796","Fisher","MID","Azir","Victory","=""5/6/8""","8.6","613","65%"
"125","DN Freecs vs NS","44:39","3327","GIDEON","JUNGLE","Naafiri","Victory","=""2/4/10""","6.5","371","60%"
"125","DN Freecs vs NS","44:39","4755","Jiwoo","ADC","Kaisa","Victory","=""9/4/5""","9.4","841","70%"
"125","DN Freecs vs NS","44:39","738","Lehends","SUPPORT","Leona","Victory","=""1/6/12""","1.1","172","65%"
"125","DN Freecs vs NS","44:39","1906","Life","SUPPORT","Rakan","Defeat","=""1/7/11""","1.1","83","54.5%"
"125","DN Freecs vs NS","44:39","2664","Pyosik","JUNGLE","Vi","Defeat","=""5/4/3""","6.0","295","36.4%"
"125","DN Freecs vs NS","44:39","1229","kingen","TOP","Rumble","Victory","=""3/2/7""","7.8","781","50%"
"126","OK BRION vs BNK FearX","24:59","3421","Clear","TOP","Fiora","Victory","=""2/3/5""","7.7","572","46.7%"
"126","OK BRION vs BNK FearX","24:59","3195","Clozer","MID","Tristana","Defeat","=""2/2/1""","9.4","441","50%"
"126","OK BRION vs BNK FearX","24:59","4943","Diable","ADC","Kaisa","Victory","=""5/1/6""","9.6","391","73.3%"
"126","OK BRION vs BNK FearX","24:59","2919","Ellim","JUNGLE","Ivern","Defeat","=""1/3/3""","6.2","153","66.7%"
"126","OK BRION vs BNK FearX","24:59","3694","Hype","ADC","Ashe","Defeat","=""1/2/3""","10.2","464","66.7%"
"126","OK BRION vs BNK FearX","24:59","1971","Kellin","SUPPORT","Leona","Victory","=""1/1/11""","1.0","137","80%"
"126","OK BRION vs BNK FearX","24:59","2545","Morgan","TOP","Gwen","Defeat","=""2/3/1""","8.6","663","50%"
"126","OK BRION vs BNK FearX","24:59","4865","Pollu","SUPPORT","Nautilus","Defeat","=""0/5/3""","1.0","137","50%"
"126","OK BRION vs BNK FearX","24:59","4233","Raptor","JUNGLE","Skarner","Victory","=""4/0/8""","6.4","288","80%"
"126","OK BRION vs BNK FearX","24:59","3326","Vicla","MID","Azir","Victory","=""3/1/4""","9.1","493","46.7%"
"127","OK BRION vs BNK FearX","32:10","3421","Clear","TOP","Ambessa","Defeat","=""1/6/3""","7.4","481","50%"
"127","OK BRION vs BNK FearX","32:10","3195","Clozer","MID","Taliyah","Victory","=""5/0/15""","9.4","923","90.9%"
"127","OK BRION vs BNK FearX","32:10","4943","Diable","ADC","Ezreal","Defeat","=""0/3/5""","10.7","663","62.5%"
"127","OK BRION vs BNK FearX","32:10","2919","Ellim","JUNGLE","Vi","Victory","=""3/2/9""","7.3","295","54.5%"
"127","OK BRION vs BNK FearX","32:10","3694","Hype","ADC","Corki","Victory","=""8/1/9""","9.8","815","77.3%"
"127","OK BRION vs BNK FearX","32:10","1971","Kellin","SUPPORT","Elise","Defeat","=""0/5/6""","1.0","309","75%"
"127","OK BRION vs BNK FearX","32:10","2545","Morgan","TOP","Renekton","Victory","=""6/2/8""","9.0","649","63.6%"
"127","OK BRION vs BNK FearX","32:10","4865","Pollu","SUPPORT","Rell","Victory","=""0/3/18""","1.2","174","81.8%"
"127","OK BRION vs BNK FearX","32:10","4233","Raptor","JUNGLE","Naafiri","Defeat","=""6/5/0""","7.0","393","75%"
"127","OK BRION vs BNK FearX","32:10","3326","Vicla","MID","Sylas","Defeat","=""1/3/4""","8.3","419","62.5%"
"128","OK BRION vs BNK FearX","33:40","3421","Clear","TOP","Rumble","Victory","=""2/1/9""","9.1","808","68.8%"
"128","OK BRION vs BNK FearX","33:40","3195","Clozer","MID","Ahri","Defeat","=""5/4/2""","8.9","749","77.8%"
"128","OK BRION vs BNK FearX","33:40","4943","Diable","ADC","Xayah","Victory","=""7/1/2""","11.6","719","56.2%"
"128","OK BRION vs BNK FearX","33:40","2919","Ellim","JUNGLE","Xin Zhao","Defeat","=""0/4/5""","6.4","413","55.6%"
"128","OK BRION vs BNK FearX","33:40","3694","Hype","ADC","Zeri","Defeat","=""2/3/3""","11.4","601","55.6%"
"128","OK BRION vs BNK FearX","33:40","1971","Kellin","SUPPORT","Alistar","Victory","=""1/1/10""","0.7","130","68.8%"
"128","OK BRION vs BNK FearX","33:40","2545","Morgan","TOP","Jayce","Defeat","=""1/4/4""","8.9","460","55.6%"
"128","OK BRION vs BNK FearX","33:40","4865","Pollu","SUPPORT","Rakan","Defeat","=""1/1/4""","0.9","171","55.6%"
"128","OK BRION vs BNK FearX","33:40","4233","Raptor","JUNGLE","Wukong","Victory","=""6/3/8""","6.3","589","87.5%"
"128","OK BRION vs BNK FearX","33:40","3326","Vicla","MID","Ryze","Victory","=""0/3/8""","8.6","522","50%"
"129","KT Rolster vs Dplus KIA","33:28","1328","Aiming","ADC","Kaisa","Victory","=""5/1/12""","8.7","479","85%"
"129","KT Rolster vs Dplus KIA","33:28","650","Bdd","MID","Taliyah","Defeat","=""1/3/5""","7.8","640","75%"
"129","KT Rolster vs Dplus KIA","33:28","2184","BeryL","SUPPORT","Nautilus","Victory","=""0/5/17""","1.5","224","85%"
"129","KT Rolster vs Dplus KIA","33:28","4925","Casting","TOP","Gnar","Defeat","=""1/3/3""","7.6","537","50%"
"129","KT Rolster vs Dplus KIA","33:28","983","Cuzz","JUNGLE","Vi","Defeat","=""3/4/3""","5.7","271","75%"
"129","KT Rolster vs Dplus KIA","33:28","3895","Lucid","JUNGLE","Naafiri","Victory","=""6/0/9""","6.1","391","75%"
"129","KT Rolster vs Dplus KIA","33:28","4260","Peter","SUPPORT","Rakan","Defeat","=""0/5/8""","1.0","125","100%"
"129","KT Rolster vs Dplus KIA","33:28","1250","ShowMaker","MID","Ahri","Victory","=""5/0/14""","9.7","626","95%"
"129","KT Rolster vs Dplus KIA","33:28","5392","Siwoo","TOP","Aatrox","Victory","=""4/2/5""","7.8","475","45%"
"129","KT Rolster vs Dplus KIA","33:28","2508","deokdam","ADC","Tristana","Defeat","=""3/5/4""","8.1","475","87.5%"
"130","KT Rolster vs Dplus KIA","34:49","1328","Aiming","ADC","Ezreal","Victory","=""5/1/7""","9.8","921","75%"
"130","KT Rolster vs Dplus KIA","34:49","650","Bdd","MID","Aurora","Defeat","=""7/3/4""","9.0","728","68.8%"
"130","KT Rolster vs Dplus KIA","34:49","2184","BeryL","SUPPORT","Poppy","Victory","=""1/6/6""","1.0","222","43.8%"
"130","KT Rolster vs Dplus KIA","34:49","983","Cuzz","JUNGLE","Xin Zhao","Defeat","=""2/4/11""","5.9","475","81.2%"
"130","KT Rolster vs Dplus KIA","34:49","3895","Lucid","JUNGLE","Sejuani","Victory","=""1/3/7""","6.4","269","50%"
"130","KT Rolster vs Dplus KIA","34:49","5122","PerfecT","TOP","Gwen","Defeat","=""1/4/7""","7.0","488","50%"
"130","KT Rolster vs Dplus KIA","34:49","4260","Peter","SUPPORT","Rell","Defeat","=""0/4/14""","0.9","191","87.5%"
"130","KT Rolster vs Dplus KIA","34:49","1250","ShowMaker","MID","Ryze","Victory","=""3/5/10""","8.9","706","81.2%"
"130","KT Rolster vs Dplus KIA","34:49","5392","Siwoo","TOP","Jayce","Victory","=""6/1/5""","9.7","819","68.8%"
"130","KT Rolster vs Dplus KIA","34:49","2508","deokdam","ADC","Jhin","Defeat","=""6/1/4""","8.5","634","62.5%"
"131","T1 vs GEN","33:59","1909","Canyon","JUNGLE","Skarner","Defeat","=""1/5/11""","6.5","453","92.3%"
"131","T1 vs GEN","33:59","1629","Chovy","MID","Azir","Defeat","=""2/7/6""","8.6","618","61.5%"
"131","T1 vs GEN","33:59","1242","Doran","TOP","Gwen","Victory","=""8/4/9""","7.8","683","68%"
"131","T1 vs GEN","33:59","4259","Duro","SUPPORT","Rakan","Defeat","=""0/4/9""","0.9","129","69.2%"
"131","T1 vs GEN","33:59","48","Faker","MID","Ahri","Victory","=""9/1/10""","8.8","847","76%"
"131","T1 vs GEN","33:59","3247","Gumayusi","ADC","Jhin","Victory","=""5/0/17""","10.1","726","88%"
"131","T1 vs GEN","33:59","1258","Keria","SUPPORT","Alistar","Victory","=""0/3/17""","0.8","162","68%"
"131","T1 vs GEN","33:59","1115","Kiin","TOP","Rumble","Defeat","=""3/6/7""","8.6","693","76.9%"
"131","T1 vs GEN","33:59","3741","Oner","JUNGLE","Xin Zhao","Victory","=""3/5/10""","7.1","340","52%"
"131","T1 vs GEN","33:59","685","Ruler","ADC","Miss Fortune","Defeat","=""7/3/3""","10.7","612","76.9%"
"132","T1 vs GEN","38:35","1909","Canyon","JUNGLE","Naafiri","Victory","=""6/3/11""","7.3","551","77.3%"
"132","T1 vs GEN","38:35","1629","Chovy","MID","Galio","Victory","=""2/3/9""","8.7","767","50%"
"132","T1 vs GEN","38:35","1242","Doran","TOP","Ambessa","Defeat","=""5/7/3""","6.5","742","53.3%"
"132","T1 vs GEN","38:35","4259","Duro","SUPPORT","Nautilus","Victory","=""2/4/16""","1.0","258","81.8%"
"132","T1 vs GEN","38:35","48","Faker","MID","Ryze","Defeat","=""5/4/7""","8.0","913","80%"
"132","T1 vs GEN","38:35","3247","Gumayusi","ADC","Corki","Defeat","=""3/2/10""","10.5","854","86.7%"
"132","T1 vs GEN","38:35","1258","Keria","SUPPORT","Poppy","Defeat","=""0/6/10""","1.1","207","66.7%"
"132","T1 vs GEN","38:35","1115","Kiin","TOP","Gnar","Victory","=""3/2/12""","8.8","806","68.2%"
"132","T1 vs GEN","38:35","3741","Oner","JUNGLE","Nocturne","Defeat","=""2/3/8""","6.4","356","66.7%"
"132","T1 vs GEN","38:35","685","Ruler","ADC","Ezreal","Victory","=""9/3/7""","9.3","937","72.7%"
"133","T1 vs GEN","50:39","1909","Canyon","JUNGLE","Lillia","Victory","=""4/3/7""","7.5","662","61.1%"
"133","T1 vs GEN","50:39","1629","Chovy","MID","Viktor","Victory","=""7/0/7""","9.0","1067","77.8%"
"133","T1 vs GEN","50:39","1242","Doran","TOP","Jax","Defeat","=""1/5/5""","8.0","421","50%"
"133","T1 vs GEN","50:39","4259","Duro","SUPPORT","Blitzcrank","Victory","=""2/3/11""","0.5","155","72.2%"
"133","T1 vs GEN","50:39","48","Faker","MID","Taliyah","Defeat","=""3/4/5""","8.8","840","66.7%"
"133","T1 vs GEN","50:39","3247","Gumayusi","ADC","Caitlyn","Defeat","=""6/3/4""","9.9","1087","83.3%"
"133","T1 vs GEN","50:39","1258","Keria","SUPPORT","Bard","Defeat","=""0/3/11""","0.7","138","91.7%"
"133","T1 vs GEN","50:39","1115","Kiin","TOP","KSante","Victory","=""0/4/8""","6.2","332","44.4%"
"133","T1 vs GEN","50:39","3741","Oner","JUNGLE","Sejuani","Defeat","=""2/3/8""","5.3","328","83.3%"
"133","T1 vs GEN","50:39","685","Ruler","ADC","Xayah","Victory","=""5/2/8""","10.6","687","72.2%"
"134","DN Freecs vs HLE","29:30","3322","Berserker","ADC","Miss Fortune","Defeat","=""0/5/0""","9.7","333","0%"
"134","DN Freecs vs HLE","29:30","3974","Bulldog","MID","Orianna","Defeat","=""1/4/1""","8.3","746","66.7%"
"134","DN Freecs vs HLE","29:30","3411","Delight","SUPPORT","Alistar","Victory","=""0/0/19""","1.0","167","79.2%"
"134","DN Freecs vs HLE","29:30","3082","DuDu","TOP","Rumble","Defeat","=""1/3/0""","8.4","462","33.3%"
"134","DN Freecs vs HLE","29:30","1906","Life","SUPPORT","Taric","Defeat","=""0/6/1""","1.4","95","33.3%"
"134","DN Freecs vs HLE","29:30","392","Peanut","JUNGLE","Vi","Victory","=""5/1/11""","8.6","387","66.7%"
"134","DN Freecs vs HLE","29:30","2664","Pyosik","JUNGLE","Wukong","Defeat","=""1/6/1""","5.3","235","66.7%"
"134","DN Freecs vs HLE","29:30","1228","Viper","ADC","Zeri","Victory","=""3/0/13""","10.4","528","66.7%"
"134","DN Freecs vs HLE","29:30","2906","Zeka","MID","Akali","Victory","=""15/1/4""","8.8","985","79.2%"
"134","DN Freecs vs HLE","29:30","3658","Zeus","TOP","Aurora","Victory","=""1/1/11""","9.1","564","50%"
"135","DN Freecs vs HLE","30:48","3322","Berserker","ADC","Tristana","Victory","=""7/0/7""","9.3","651","60.9%"
"135","DN Freecs vs HLE","30:48","3974","Bulldog","MID","Taliyah","Victory","=""3/2/12""","8.4","712","65.2%"
"135","DN Freecs vs HLE","30:48","3411","Delight","SUPPORT","Rell","Defeat","=""0/5/5""","1.4","139","71.4%"
"135","DN Freecs vs HLE","30:48","3082","DuDu","TOP","Ambessa","Victory","=""9/1/8""","8.7","858","73.9%"
"135","DN Freecs vs HLE","30:48","1906","Life","SUPPORT","Nautilus","Victory","=""0/2/12""","1.6","175","52.2%"
"135","DN Freecs vs HLE","30:48","392","Peanut","JUNGLE","Nidalee","Defeat","=""3/5/3""","7.7","444","85.7%"
"135","DN Freecs vs HLE","30:48","2664","Pyosik","JUNGLE","Sejuani","Victory","=""4/2/14""","6.1","388","78.3%"
"135","DN Freecs vs HLE","30:48","1228","Viper","ADC","Ezreal","Defeat","=""0/3/4""","9.8","605","57.1%"
"135","DN Freecs vs HLE","30:48","2906","Zeka","MID","Ryze","Defeat","=""3/3/4""","10.2","600","100%"
"135","DN Freecs vs HLE","30:48","3658","Zeus","TOP","Gnar","Defeat","=""1/7/2""","6.6","487","42.9%"
"136","DN Freecs vs HLE","35:27","3322","Berserker","ADC","Corki","Defeat","=""0/3/2""","9.8","442","50%"
"136","DN Freecs vs HLE","35:27","3974","Bulldog","MID","Ahri","Defeat","=""1/2/1""","8.8","509","50%"
"136","DN Freecs vs HLE","35:27","3411","Delight","SUPPORT","Poppy","Victory","=""1/1/7""","1.2","189","72.7%"
"136","DN Freecs vs HLE","35:27","3082","DuDu","TOP","Gwen","Defeat","=""1/3/0""","8.8","421","25%"
"136","DN Freecs vs HLE","35:27","1906","Life","SUPPORT","Rakan","Defeat","=""0/3/2""","1.2","75","50%"
"136","DN Freecs vs HLE","35:27","392","Peanut","JUNGLE","Xin Zhao","Victory","=""1/1/6""","7.1","361","63.6%"
"136","DN Freecs vs HLE","35:27","2664","Pyosik","JUNGLE","Naafiri","Defeat","=""2/0/2""","7.3","358","100%"
"136","DN Freecs vs HLE","35:27","1228","Viper","ADC","Kaisa","Victory","=""5/1/2""","9.4","537","63.6%"
"136","DN Freecs vs HLE","35:27","2906","Zeka","MID","Azir","Victory","=""1/1/4""","9.3","875","45.5%"
"136","DN Freecs vs HLE","35:27","3658","Zeus","TOP","Jayce","Victory","=""3/1/7""","10.0","684","90.9%"
"137","Dplus KIA vs OK BRION","29:41","1328","Aiming","ADC","Miss Fortune","Victory","=""8/0/10""","9.9","670","100%"
"137","Dplus KIA vs OK BRION","29:41","2184","BeryL","SUPPORT","Maokai","Victory","=""2/4/15""","1.2","354","94.4%"
"137","Dplus KIA vs OK BRION","29:41","3195","Clozer","MID","Azir","Defeat","=""3/3/5""","9.7","702","100%"
"137","Dplus KIA vs OK BRION","29:41","4217","HamBak","JUNGLE","Poppy","Defeat","=""1/3/6""","5.6","366","87.5%"
"137","Dplus KIA vs OK BRION","29:41","3694","Hype","ADC","Corki","Defeat","=""3/3/3""","9.2","705","75%"
"137","Dplus KIA vs OK BRION","29:41","3895","Lucid","JUNGLE","Xin Zhao","Victory","=""4/2/11""","7.0","508","83.3%"
"137","Dplus KIA vs OK BRION","29:41","2545","Morgan","TOP","Ambessa","Defeat","=""1/3/5""","7.4","771","75%"
"137","Dplus KIA vs OK BRION","29:41","4865","Pollu","SUPPORT","Rell","Defeat","=""0/6/7""","0.7","94","87.5%"
"137","Dplus KIA vs OK BRION","29:41","1250","ShowMaker","MID","Taliyah","Victory","=""2/2/10""","8.6","575","66.7%"
"137","Dplus KIA vs OK BRION","29:41","5392","Siwoo","TOP","Renekton","Victory","=""2/0/8""","9.1","764","55.6%"
"138","Dplus KIA vs OK BRION","30:38","1328","Aiming","ADC","Ezreal","Victory","=""1/1/4""","9.8","457","45.5%"
"138","Dplus KIA vs OK BRION","30:38","2184","BeryL","SUPPORT","Alistar","Victory","=""0/2/10""","1.0","114","90.9%"
"138","Dplus KIA vs OK BRION","30:38","3195","Clozer","MID","Yone","Defeat","=""2/2/1""","10.2","561","60%"
"138","Dplus KIA vs OK BRION","30:38","4217","HamBak","JUNGLE","Skarner","Defeat","=""0/3/4""","5.0","202","80%"
"138","Dplus KIA vs OK BRION","30:38","3694","Hype","ADC","Kaisa","Defeat","=""1/2/2""","9.0","373","60%"
"138","Dplus KIA vs OK BRION","30:38","3895","Lucid","JUNGLE","Naafiri","Victory","=""6/0/3""","7.2","478","81.8%"
"138","Dplus KIA vs OK BRION","30:38","2545","Morgan","TOP","Aurora","Defeat","=""2/1/1""","8.2","705","60%"
"138","Dplus KIA vs OK BRION","30:38","4865","Pollu","SUPPORT","Elise","Defeat","=""0/3/2""","0.7","269","40%"
"138","Dplus KIA vs OK BRION","30:38","1250","ShowMaker","MID","Ahri","Victory","=""4/1/5""","9.7","632","81.8%"
"138","Dplus KIA vs OK BRION","30:38","5392","Siwoo","TOP","Rumble","Victory","=""0/1/5""","7.6","443","45.5%"
"139","BNK FearX vs DRX","33:00","4938","Andil","SUPPORT","Pantheon","Defeat","=""2/4/2""","0.8","218","57.1%"
"139","BNK FearX vs DRX","33:00","3421","Clear","TOP","Jayce","Victory","=""4/0/5""","9.4","820","50%"
"139","BNK FearX vs DRX","33:00","4943","Diable","ADC","Xayah","Victory","=""6/1/7""","10.2","873","72.2%"
"139","BNK FearX vs DRX","33:00","1971","Kellin","SUPPORT","Rakan","Victory","=""0/3/16""","1.1","169","88.9%"
"139","BNK FearX vs DRX","33:00","4233","Raptor","JUNGLE","Naafiri","Victory","=""3/1/7""","6.9","572","55.6%"
"139","BNK FearX vs DRX","33:00","1613","Rich","TOP","Sion","Defeat","=""3/2/1""","8.6","608","57.1%"
"139","BNK FearX vs DRX","33:00","4753","Sponge","JUNGLE","Xin Zhao","Defeat","=""1/5/5""","5.9","324","85.7%"
"139","BNK FearX vs DRX","33:00","799","Teddy","ADC","Kaisa","Defeat","=""0/4/4""","9.0","326","57.1%"
"139","BNK FearX vs DRX","33:00","1504","Ucal","MID","Azir","Defeat","=""1/3/2""","10.0","481","42.9%"
"139","BNK FearX vs DRX","33:00","3326","Vicla","MID","Taliyah","Victory","=""5/2/6""","8.3","772","61.1%"
"140","BNK FearX vs DRX","33:21","4938","Andil","SUPPORT","Rell","Defeat","=""2/5/8""","0.9","219","100%"
"140","BNK FearX vs DRX","33:21","3421","Clear","TOP","Renekton","Victory","=""6/2/7""","8.8","808","56.5%"
"140","BNK FearX vs DRX","33:21","4943","Diable","ADC","Ezreal","Victory","=""7/0/8""","10.0","867","65.2%"
"140","BNK FearX vs DRX","33:21","1971","Kellin","SUPPORT","Leona","Victory","=""0/5/13""","0.9","124","56.5%"
"140","BNK FearX vs DRX","33:21","4233","Raptor","JUNGLE","Viego","Victory","=""8/1/8""","7.8","551","69.6%"
"140","BNK FearX vs DRX","33:21","1613","Rich","TOP","Ambessa","Defeat","=""1/3/3""","8.0","585","40%"
"140","BNK FearX vs DRX","33:21","4753","Sponge","JUNGLE","Zyra","Defeat","=""1/6/6""","5.8","559","70%"
"140","BNK FearX vs DRX","33:21","799","Teddy","ADC","Miss Fortune","Defeat","=""3/4/5""","9.5","548","80%"
"140","BNK FearX vs DRX","33:21","1504","Ucal","MID","Corki","Defeat","=""3/5/2""","9.7","697","50%"
"140","BNK FearX vs DRX","33:21","3326","Vicla","MID","Ahri","Victory","=""2/2/12""","8.7","450","60.9%"
"141","T1 vs KT Rolster","24:33","650","Bdd","MID","Corki","Defeat","=""3/3/0""","10.1","653","100%"
"141","T1 vs KT Rolster","24:33","4925","Casting","TOP","Rumble","Defeat","=""0/6/0""","6.6","375","0%"
"141","T1 vs KT Rolster","24:33","983","Cuzz","JUNGLE","Xin Zhao","Defeat","=""0/3/1""","7.4","285","33.3%"
"141","T1 vs KT Rolster","24:33","1242","Doran","TOP","Galio","Victory","=""1/0/11""","8.7","472","52.2%"
"141","T1 vs KT Rolster","24:33","48","Faker","MID","Ahri","Victory","=""1/2/10""","8.9","564","47.8%"
"141","T1 vs KT Rolster","24:33","1258","Keria","SUPPORT","Gragas","Victory","=""2/1/11""","0.8","302","56.5%"
"141","T1 vs KT Rolster","24:33","3741","Oner","JUNGLE","Vi","Victory","=""5/0/13""","8.4","623","78.3%"
"141","T1 vs KT Rolster","24:33","4215","Paduck","ADC","Ezreal","Defeat","=""0/5/2""","7.7","518","66.7%"
"141","T1 vs KT Rolster","24:33","4260","Peter","SUPPORT","Alistar","Defeat","=""0/6/1""","1.1","126","33.3%"
"141","T1 vs KT Rolster","24:33","4940","Smash","ADC","Kaisa","Victory","=""14/0/5""","9.8","1040","82.6%"
"142","T1 vs KT Rolster","30:11","650","Bdd","MID","Taliyah","Defeat","=""2/3/6""","8.6","406","80%"
"142","T1 vs KT Rolster","30:11","4925","Casting","TOP","Renekton","Defeat","=""4/2/2""","7.5","478","60%"
"142","T1 vs KT Rolster","30:11","983","Cuzz","JUNGLE","Viego","Defeat","=""2/3/8""","7.3","413","100%"
"142","T1 vs KT Rolster","30:11","1242","Doran","TOP","Ambessa","Victory","=""3/2/6""","8.2","614","60%"
"142","T1 vs KT Rolster","30:11","48","Faker","MID","Viktor","Victory","=""2/2/5""","8.9","557","46.7%"
"142","T1 vs KT Rolster","30:11","1258","Keria","SUPPORT","Rakan","Victory","=""1/1/12""","1.5","150","86.7%"
"142","T1 vs KT Rolster","30:11","3741","Oner","JUNGLE","Nocturne","Victory","=""3/3/7""","6.8","442","66.7%"
"142","T1 vs KT Rolster","30:11","4215","Paduck","ADC","Ashe","Defeat","=""1/4/5""","8.2","361","60%"
"142","T1 vs KT Rolster","30:11","4260","Peter","SUPPORT","Leona","Defeat","=""1/3/7""","1.5","166","80%"
"142","T1 vs KT Rolster","30:11","4940","Smash","ADC","Miss Fortune","Victory","=""6/2/8""","9.8","589","93.3%"
"143","GEN vs NS","28:06","1909","Canyon","JUNGLE","Skarner","Victory","=""3/1/7""","6.3","444","52.6%"
"143","GEN vs NS","28:06","1629","Chovy","MID","Viktor","Victory","=""5/1/3""","10.5","818","42.1%"
"143","GEN vs NS","28:06","4259","Duro","SUPPORT","Alistar","Victory","=""0/0/13""","0.6","174","68.4%"
"143","GEN vs NS","28:06","4796","Fisher","MID","Aurora","Defeat","=""0/4/2""","8.1","637","66.7%"
"143","GEN vs NS","28:06","3327","GIDEON","JUNGLE","Wukong","Defeat","=""0/3/1""","6.4","274","33.3%"
"143","GEN vs NS","28:06","4755","Jiwoo","ADC","Zeri","Defeat","=""1/4/1""","7.3","447","66.7%"
"143","GEN vs NS","28:06","1115","Kiin","TOP","Sion","Victory","=""4/1/4""","8.3","533","42.1%"
"143","GEN vs NS","28:06","738","Lehends","SUPPORT","Rakan","Defeat","=""0/6/2""","0.7","147","66.7%"
"143","GEN vs NS","28:06","685","Ruler","ADC","Ezreal","Victory","=""7/0/7""","10.0","962","73.7%"
"143","GEN vs NS","28:06","1229","kingen","TOP","Jayce","Defeat","=""2/2/1""","8.7","978","100%"
"144","GEN vs NS","28:17","1909","Canyon","JUNGLE","Xin Zhao","Victory","=""4/0/1""","8.4","389","38.5%"
"144","GEN vs NS","28:17","1629","Chovy","MID","Azir","Victory","=""2/0/4""","10.9","800","46.2%"
"144","GEN vs NS","28:17","4259","Duro","SUPPORT","Braum","Victory","=""0/2/10""","0.7","163","76.9%"
"144","GEN vs NS","28:17","4796","Fisher","MID","Ahri","Defeat","=""2/1/0""","9.5","351","40%"
"144","GEN vs NS","28:17","3327","GIDEON","JUNGLE","Naafiri","Defeat","=""2/0/1""","6.9","296","60%"
"144","GEN vs NS","28:17","4755","Jiwoo","ADC","Kaisa","Defeat","=""0/4/3""","7.6","300","60%"
"144","GEN vs NS","28:17","1115","Kiin","TOP","Gwen","Victory","=""2/1/5""","10.0","608","53.8%"
"144","GEN vs NS","28:17","738","Lehends","SUPPORT","Nautilus","Defeat","=""1/5/3""","1.4","110","80%"
"144","GEN vs NS","28:17","685","Ruler","ADC","Miss Fortune","Victory","=""5/2/1""","10.3","443","46.2%"
"144","GEN vs NS","28:17","1229","kingen","TOP","Diana","Defeat","=""0/4/0""","8.2","222","0%"
"145","OK BRION vs DN Freecs","29:53","3322","Berserker","ADC","Corki","Defeat","=""0/1/5""","10.9","490","83.3%"
"145","OK BRION vs DN Freecs","29:53","3974","Bulldog","MID","Ahri","Defeat","=""3/4/2""","7.2","768","83.3%"
"145","OK BRION vs DN Freecs","29:53","3195","Clozer","MID","Taliyah","Victory","=""4/1/8""","9.3","819","75%"
"145","OK BRION vs DN Freecs","29:53","3082","DuDu","TOP","Aatrox","Defeat","=""1/3/2""","8.2","531","50%"
"145","OK BRION vs DN Freecs","29:53","4217","HamBak","JUNGLE","Wukong","Victory","=""3/2/5""","7.2","412","50%"
"145","OK BRION vs DN Freecs","29:53","3694","Hype","ADC","Varus","Victory","=""8/1/7""","10.2","795","93.8%"
"145","OK BRION vs DN Freecs","29:53","1906","Life","SUPPORT","Rell","Defeat","=""1/6/5""","0.6","235","100%"
"145","OK BRION vs DN Freecs","29:53","2545","Morgan","TOP","Renekton","Victory","=""1/2/4""","8.8","532","31.2%"
"145","OK BRION vs DN Freecs","29:53","4865","Pollu","SUPPORT","Alistar","Victory","=""0/0/14""","0.9","139","87.5%"
"145","OK BRION vs DN Freecs","29:53","2664","Pyosik","JUNGLE","Naafiri","Defeat","=""1/2/1""","6.9","282","33.3%"
"146","OK BRION vs DN Freecs","31:04","3322","Berserker","ADC","Kaisa","Defeat","=""0/1/1""","9.7","369","100%"
"146","OK BRION vs DN Freecs","31:04","3974","Bulldog","MID","Viktor","Defeat","=""0/1/1""","9.5","617","100%"
"146","OK BRION vs DN Freecs","31:04","3195","Clozer","MID","Sylas","Victory","=""3/0/6""","9.5","454","90%"
"146","OK BRION vs DN Freecs","31:04","3082","DuDu","TOP","Yorick","Defeat","=""0/3/0""","9.4","442","0%"
"146","OK BRION vs DN Freecs","31:04","4217","HamBak","JUNGLE","Pantheon","Victory","=""2/1/8""","7.5","325","100%"
"146","OK BRION vs DN Freecs","31:04","3694","Hype","ADC","Ezreal","Victory","=""3/0/5""","10.3","864","80%"
"146","OK BRION vs DN Freecs","31:04","1906","Life","SUPPORT","Nautilus","Defeat","=""1/4/0""","1.4","95","100%"
"146","OK BRION vs DN Freecs","31:04","2545","Morgan","TOP","Fiora","Victory","=""2/0/3""","10.6","498","50%"
"146","OK BRION vs DN Freecs","31:04","4865","Pollu","SUPPORT","Poppy","Victory","=""0/0/9""","1.2","157","90%"
"146","OK BRION vs DN Freecs","31:04","2664","Pyosik","JUNGLE","Sejuani","Defeat","=""0/1/1""","5.8","246","100%"
"147","OK BRION vs DN Freecs","31:15","3322","Berserker","ADC","Caitlyn","Victory","=""8/0/4""","10.2","1002","92.3%"
"147","OK BRION vs DN Freecs","31:15","3974","Bulldog","MID","Azir","Victory","=""1/1/7""","8.9","609","61.5%"
"147","OK BRION vs DN Freecs","31:15","3195","Clozer","MID","Aurora","Defeat","=""1/1/3""","9.1","654","66.7%"
"147","OK BRION vs DN Freecs","31:15","3082","DuDu","TOP","Rumble","Victory","=""2/1/8""","8.2","669","76.9%"
"147","OK BRION vs DN Freecs","31:15","4217","HamBak","JUNGLE","Xin Zhao","Defeat","=""0/2/6""","6.6","346","100%"
"147","OK BRION vs DN Freecs","31:15","3694","Hype","ADC","Kalista","Defeat","=""2/4/4""","8.9","531","100%"
"147","OK BRION vs DN Freecs","31:15","1906","Life","SUPPORT","Karma","Victory","=""1/1/11""","1.2","321","92.3%"
"147","OK BRION vs DN Freecs","31:15","2545","Morgan","TOP","Ambessa","Defeat","=""2/3/1""","8.0","391","50%"
"147","OK BRION vs DN Freecs","31:15","4865","Pollu","SUPPORT","Renata Glasc","Defeat","=""1/3/5""","1.0","140","100%"
"147","OK BRION vs DN Freecs","31:15","2664","Pyosik","JUNGLE","Skarner","Victory","=""1/3/9""","6.5","410","76.9%"
"148","HLE vs T1","27:49","3411","Delight","SUPPORT","Renata Glasc","Victory","=""1/0/14""","1.7","130","65.2%"
"148","HLE vs T1","27:49","1242","Doran","TOP","Ambessa","Defeat","=""0/5/1""","7.7","634","25%"
"148","HLE vs T1","27:49","48","Faker","MID","Viktor","Defeat","=""0/7/1""","8.7","874","25%"
"148","HLE vs T1","27:49","1258","Keria","SUPPORT","Ashe","Defeat","=""0/3/3""","1.5","379","75%"
"148","HLE vs T1","27:49","3741","Oner","JUNGLE","Jarvan IV","Defeat","=""0/5/2""","5.9","156","50%"
"148","HLE vs T1","27:49","392","Peanut","JUNGLE","Xin Zhao","Victory","=""6/2/7""","7.6","685","56.5%"
"148","HLE vs T1","27:49","4940","Smash","ADC","Kalista","Defeat","=""4/3/0""","9.5","550","100%"
"148","HLE vs T1","27:49","1228","Viper","ADC","Caitlyn","Victory","=""5/0/7""","9.1","571","52.2%"
"148","HLE vs T1","27:49","2906","Zeka","MID","Sylas","Victory","=""6/0/3""","9.1","677","39.1%"
"148","HLE vs T1","27:49","3658","Zeus","TOP","Jax","Victory","=""5/2/6""","8.5","823","47.8%"
"149","HLE vs T1","31:39","3411","Delight","SUPPORT","Rell","Victory","=""1/3/22""","1.5","237","79.3%"
"149","HLE vs T1","31:39","1242","Doran","TOP","Rumble","Defeat","=""2/7/8""","7.3","559","76.9%"
"149","HLE vs T1","31:39","48","Faker","MID","Ahri","Defeat","=""1/4/4""","9.3","538","38.5%"
"149","HLE vs T1","31:39","1258","Keria","SUPPORT","Pantheon","Defeat","=""3/8/2""","1.4","221","38.5%"
"149","HLE vs T1","31:39","3741","Oner","JUNGLE","Naafiri","Defeat","=""5/5/4""","6.5","524","69.2%"
"149","HLE vs T1","31:39","392","Peanut","JUNGLE","Sejuani","Victory","=""3/3/14""","6.0","381","58.6%"
"149","HLE vs T1","31:39","4940","Smash","ADC","Corki","Defeat","=""2/5/4""","9.8","587","46.2%"
"149","HLE vs T1","31:39","1228","Viper","ADC","Miss Fortune","Victory","=""12/1/10""","10.1","817","75.9%"
"149","HLE vs T1","31:39","2906","Zeka","MID","Yone","Victory","=""8/0/6""","10.2","691","48.3%"
"149","HLE vs T1","31:39","3658","Zeus","TOP","Jayce","Victory","=""5/6/16""","8.9","832","72.4%"
"150","KT Rolster vs BNK FearX","26:15","650","Bdd","MID","Ahri","Victory","=""6/1/9""","8.7","743","62.5%"
"150","KT Rolster vs BNK FearX","26:15","4925","Casting","TOP","Aatrox","Victory","=""3/2/9""","7.8","691","50%"
"150","KT Rolster vs BNK FearX","26:15","3421","Clear","TOP","Ambessa","Defeat","=""3/4/1""","8.2","715","50%"
"150","KT Rolster vs BNK FearX","26:15","983","Cuzz","JUNGLE","Pantheon","Victory","=""10/2/9""","6.7","604","79.2%"
"150","KT Rolster vs BNK FearX","26:15","4943","Diable","ADC","Miss Fortune","Defeat","=""2/4/3""","8.3","519","62.5%"
"150","KT Rolster vs BNK FearX","26:15","1971","Kellin","SUPPORT","Rell","Defeat","=""2/8/5""","1.0","213","87.5%"
"150","KT Rolster vs BNK FearX","26:15","4215","Paduck","ADC","Ashe","Victory","=""5/2/9""","8.6","587","58.3%"
"150","KT Rolster vs BNK FearX","26:15","4260","Peter","SUPPORT","Elise","Victory","=""0/1/17""","1.2","283","70.8%"
"150","KT Rolster vs BNK FearX","26:15","4233","Raptor","JUNGLE","Lillia","Defeat","=""0/3/7""","7.7","671","87.5%"
"150","KT Rolster vs BNK FearX","26:15","3326","Vicla","MID","Galio","Defeat","=""1/5/4""","7.2","399","62.5%"
"151","KT Rolster vs BNK FearX","29:04","650","Bdd","MID","Viktor","Defeat","=""2/1/2""","10.4","735","66.7%"
"151","KT Rolster vs BNK FearX","29:04","4925","Casting","TOP","Gnar","Defeat","=""1/2/1""","8.5","746","33.3%"
"151","KT Rolster vs BNK FearX","29:04","3421","Clear","TOP","KSante","Victory","=""1/0/6""","7.8","374","50%"
"151","KT Rolster vs BNK FearX","29:04","983","Cuzz","JUNGLE","Viego","Defeat","=""1/3/2""","7.3","183","50%"
"151","KT Rolster vs BNK FearX","29:04","4943","Diable","ADC","Ezreal","Victory","=""7/1/4""","9.9","1218","78.6%"
"151","KT Rolster vs BNK FearX","29:04","1971","Kellin","SUPPORT","Leona","Victory","=""0/3/9""","1.1","159","64.3%"
"151","KT Rolster vs BNK FearX","29:04","4215","Paduck","ADC","Varus","Defeat","=""1/4/3""","7.6","567","66.7%"
"151","KT Rolster vs BNK FearX","29:04","4260","Peter","SUPPORT","Alistar","Defeat","=""1/4/5""","1.0","126","100%"
"151","KT Rolster vs BNK FearX","29:04","4233","Raptor","JUNGLE","Zyra","Victory","=""2/1/8""","7.6","550","71.4%"
"151","KT Rolster vs BNK FearX","29:04","3326","Vicla","MID","Azir","Victory","=""4/1/4""","9.3","550","57.1%"
"152","KT Rolster vs BNK FearX","29:59","650","Bdd","MID","Sylas","Victory","=""6/4/5""","8.6","621","64.7%"
"152","KT Rolster vs BNK FearX","29:59","4925","Casting","TOP","Jayce","Victory","=""5/2/4""","9.5","987","52.9%"
"152","KT Rolster vs BNK FearX","29:59","3421","Clear","TOP","Sion","Defeat","=""0/3/4""","7.3","513","44.4%"
"152","KT Rolster vs BNK FearX","29:59","983","Cuzz","JUNGLE","Nidalee","Victory","=""1/0/12""","7.0","734","76.5%"
"152","KT Rolster vs BNK FearX","29:59","4943","Diable","ADC","Xayah","Defeat","=""4/3/3""","9.6","603","77.8%"
"152","KT Rolster vs BNK FearX","29:59","1971","Kellin","SUPPORT","Rakan","Defeat","=""1/4/6""","1.2","166","77.8%"
"152","KT Rolster vs BNK FearX","29:59","4215","Paduck","ADC","Kalista","Victory","=""4/3/6""","8.9","852","58.8%"
"152","KT Rolster vs BNK FearX","29:59","4260","Peter","SUPPORT","Neeko","Victory","=""1/0/8""","1.4","533","52.9%"
"152","KT Rolster vs BNK FearX","29:59","4233","Raptor","JUNGLE","Xin Zhao","Defeat","=""3/3/1""","6.1","509","44.4%"
"152","KT Rolster vs BNK FearX","29:59","3326","Vicla","MID","Taliyah","Defeat","=""1/4/4""","8.8","592","55.6%"
"153","Dplus KIA vs GEN","28:33","1328","Aiming","ADC","Xayah","Victory","=""2/0/9""","11.1","600","68.8%"
"153","Dplus KIA vs GEN","28:33","2184","BeryL","SUPPORT","Rakan","Victory","=""0/0/14""","0.7","179","87.5%"
"153","Dplus KIA vs GEN","28:33","1909","Canyon","JUNGLE","Xin Zhao","Defeat","=""2/5/1""","7.0","322","100%"
"153","Dplus KIA vs GEN","28:33","1629","Chovy","MID","Ahri","Defeat","=""1/2/1""","9.9","529","66.7%"
"153","Dplus KIA vs GEN","28:33","4259","Duro","SUPPORT","Alistar","Defeat","=""0/2/3""","0.7","74","100%"
"153","Dplus KIA vs GEN","28:33","1115","Kiin","TOP","Sion","Defeat","=""0/5/1""","6.7","473","33.3%"
"153","Dplus KIA vs GEN","28:33","3895","Lucid","JUNGLE","Skarner","Victory","=""3/1/8""","6.3","328","68.8%"
"153","Dplus KIA vs GEN","28:33","685","Ruler","ADC","Ezreal","Defeat","=""0/2/1""","8.9","613","33.3%"
"153","Dplus KIA vs GEN","28:33","1250","ShowMaker","MID","Ryze","Victory","=""3/2/5""","8.2","655","50%"
"153","Dplus KIA vs GEN","28:33","5392","Siwoo","TOP","Jayce","Victory","=""8/0/5""","8.3","1201","81.2%"
"154","Dplus KIA vs GEN","31:22","1328","Aiming","ADC","Miss Fortune","Defeat","=""3/1/6""","10.1","471","60%"
"154","Dplus KIA vs GEN","31:22","2184","BeryL","SUPPORT","Poppy","Defeat","=""2/3/6""","1.2","261","53.3%"
"154","Dplus KIA vs GEN","31:22","1909","Canyon","JUNGLE","Lillia","Victory","=""0/4/11""","7.5","545","100%"
"154","Dplus KIA vs GEN","31:22","1629","Chovy","MID","Corki","Victory","=""5/2/2""","10.4","766","63.6%"
"154","Dplus KIA vs GEN","31:22","4259","Duro","SUPPORT","Leona","Victory","=""0/3/6""","0.7","113","54.5%"
"154","Dplus KIA vs GEN","31:22","1115","Kiin","TOP","Gwen","Victory","=""3/4/6""","7.7","667","81.8%"
"154","Dplus KIA vs GEN","31:22","3895","Lucid","JUNGLE","Sejuani","Defeat","=""1/3/10""","5.5","315","73.3%"
"154","Dplus KIA vs GEN","31:22","685","Ruler","ADC","Jhin","Victory","=""3/2/7""","9.4","425","90.9%"
"154","Dplus KIA vs GEN","31:22","1250","ShowMaker","MID","Chogath","Defeat","=""6/2/6""","7.5","511","80%"
"154","Dplus KIA vs GEN","31:22","5392","Siwoo","TOP","Ambessa","Defeat","=""3/2/6""","9.1","505","60%"
"155","Dplus KIA vs GEN","32:24","1328","Aiming","ADC","Varus","Defeat","=""0/2/4""","9.6","596","57.1%"
"155","Dplus KIA vs GEN","32:24","2184","BeryL","SUPPORT","Neeko","Defeat","=""0/3/4""","1.3","309","57.1%"
"155","Dplus KIA vs GEN","32:24","1909","Canyon","JUNGLE","Zed","Victory","=""5/0/8""","8.1","563","81.2%"
"155","Dplus KIA vs GEN","32:24","1629","Chovy","MID","Sylas","Victory","=""2/3/6""","8.8","564","50%"
"155","Dplus KIA vs GEN","32:24","4259","Duro","SUPPORT","Renata Glasc","Victory","=""2/2/13""","0.8","98","93.8%"
"155","Dplus KIA vs GEN","32:24","1115","Kiin","TOP","Camille","Victory","=""5/1/6""","8.9","672","68.8%"
"155","Dplus KIA vs GEN","32:24","3895","Lucid","JUNGLE","Naafiri","Defeat","=""2/3/3""","6.5","316","71.4%"
"155","Dplus KIA vs GEN","32:24","685","Ruler","ADC","Kalista","Victory","=""2/1/7""","10.4","361","56.2%"
"155","Dplus KIA vs GEN","32:24","1250","ShowMaker","MID","Vex","Defeat","=""3/3/4""","8.2","757","100%"
"155","Dplus KIA vs GEN","32:24","5392","Siwoo","TOP","KSante","Defeat","=""2/5/2""","7.8","338","57.1%"
"156","NS vs DRX","27:36","4796","Fisher","MID","Yone","Defeat","=""0/5/1""","9.0","461","50%"
"156","NS vs DRX","27:36","3327","GIDEON","JUNGLE","Skarner","Defeat","=""1/5/0""","4.7","338","50%"
"156","NS vs DRX","27:36","4755","Jiwoo","ADC","Kalista","Defeat","=""1/5/0""","8.6","179","50%"
"156","NS vs DRX","27:36","738","Lehends","SUPPORT","Nautilus","Defeat","=""0/4/1""","1.1","155","50%"
"156","NS vs DRX","27:36","2650","Pleata","SUPPORT","Braum","Victory","=""1/0/11""","0.7","179","57.1%"
"156","NS vs DRX","27:36","1613","Rich","TOP","Renekton","Victory","=""2/1/4""","9.7","566","28.6%"
"156","NS vs DRX","27:36","4753","Sponge","JUNGLE","Naafiri","Victory","=""8/0/7""","7.9","741","71.4%"
"156","NS vs DRX","27:36","799","Teddy","ADC","Varus","Victory","=""4/1/7""","8.9","656","52.4%"
"156","NS vs DRX","27:36","1504","Ucal","MID","Viktor","Victory","=""6/0/4""","9.6","716","47.6%"
"156","NS vs DRX","27:36","1229","kingen","TOP","KSante","Defeat","=""0/2/1""","9.9","460","50%"
"157","NS vs DRX","30:39","4796","Fisher","MID","Orianna","Victory","=""4/1/9""","8.9","729","68.4%"
"157","NS vs DRX","30:39","3327","GIDEON","JUNGLE","Nocturne","Victory","=""5/2/7""","6.9","335","63.2%"
"157","NS vs DRX","30:39","4755","Jiwoo","ADC","Zeri","Victory","=""5/2/4""","10.2","454","47.4%"
"157","NS vs DRX","30:39","738","Lehends","SUPPORT","Alistar","Victory","=""0/3/11""","0.6","93","57.9%"
"157","NS vs DRX","30:39","2650","Pleata","SUPPORT","Rell","Defeat","=""0/5/7""","1.1","176","87.5%"
"157","NS vs DRX","30:39","1613","Rich","TOP","Rumble","Defeat","=""3/5/2""","6.2","449","62.5%"
"157","NS vs DRX","30:39","4753","Sponge","JUNGLE","Lillia","Defeat","=""0/5/6""","5.7","298","75%"
"157","NS vs DRX","30:39","799","Teddy","ADC","Kaisa","Defeat","=""0/2/5""","9.8","284","62.5%"
"157","NS vs DRX","30:39","1504","Ucal","MID","Corki","Defeat","=""5/2/2""","10.6","461","87.5%"
"157","NS vs DRX","30:39","1229","kingen","TOP","Jayce","Victory","=""5/0/10""","8.8","1019","78.9%"
"158","NS vs DRX","31:09","4796","Fisher","MID","Aurora","Victory","=""0/0/5""","9.6","746","41.7%"
"158","NS vs DRX","31:09","3327","GIDEON","JUNGLE","Poppy","Victory","=""4/0/8""","5.7","376","100%"
"158","NS vs DRX","31:09","4755","Jiwoo","ADC","Ashe","Victory","=""3/1/4""","9.1","657","58.3%"
"158","NS vs DRX","31:09","738","Lehends","SUPPORT","Renata Glasc","Victory","=""1/1/5""","1.4","135","50%"
"158","NS vs DRX","31:09","2650","Pleata","SUPPORT","Rakan","Defeat","=""0/2/2""","1.0","114","100%"
"158","NS vs DRX","31:09","1613","Rich","TOP","Ambessa","Defeat","=""0/5/0""","8.0","418","0%"
"158","NS vs DRX","31:09","4753","Sponge","JUNGLE","Xin Zhao","Defeat","=""0/3/2""","5.5","192","100%"
"158","NS vs DRX","31:09","799","Teddy","ADC","Miss Fortune","Defeat","=""1/1/1""","9.5","441","100%"
"158","NS vs DRX","31:09","1504","Ucal","MID","Azir","Defeat","=""1/1/1""","9.8","557","100%"
"158","NS vs DRX","31:09","1229","kingen","TOP","Gwen","Victory","=""4/0/4""","9.1","604","66.7%"
"159","BNK FearX vs GEN","24:34","1909","Canyon","JUNGLE","Nidalee","Victory","=""6/0/9""","8.5","680","75%"
"159","BNK FearX vs GEN","24:34","1629","Chovy","MID","Ryze","Victory","=""6/0/4""","10.7","928","50%"
"159","BNK FearX vs GEN","24:34","3421","Clear","TOP","KSante","Defeat","=""0/2/0""","8.4","368","0%"
"159","BNK FearX vs GEN","24:34","4943","Diable","ADC","Zeri","Defeat","=""0/4/0""","8.4","586","0%"
"159","BNK FearX vs GEN","24:34","4259","Duro","SUPPORT","Alistar","Victory","=""1/0/14""","0.7","152","75%"
"159","BNK FearX vs GEN","24:34","1971","Kellin","SUPPORT","Lulu","Defeat","=""0/3/0""","0.8","208","0%"
"159","BNK FearX vs GEN","24:34","1115","Kiin","TOP","Poppy","Victory","=""1/0/8""","8.0","578","45%"
"159","BNK FearX vs GEN","24:34","4233","Raptor","JUNGLE","Zyra","Defeat","=""0/6/0""","6.4","684","0%"
"159","BNK FearX vs GEN","24:34","685","Ruler","ADC","Jhin","Victory","=""6/0/5""","9.3","891","55%"
"159","BNK FearX vs GEN","24:34","3326","Vicla","MID","Corki","Defeat","=""0/5/0""","8.1","626","0%"
"160","BNK FearX vs GEN","30:10","1909","Canyon","JUNGLE","Xin Zhao","Victory","=""6/3/15""","6.4","949","72.4%"
"160","BNK FearX vs GEN","30:10","1629","Chovy","MID","Viktor","Victory","=""9/1/13""","9.2","1192","75.9%"
"160","BNK FearX vs GEN","30:10","3421","Clear","TOP","Renekton","Defeat","=""2/6/4""","7.3","589","54.5%"
"160","BNK FearX vs GEN","30:10","4943","Diable","ADC","Xayah","Defeat","=""2/5/1""","9.4","466","27.3%"
"160","BNK FearX vs GEN","30:10","4259","Duro","SUPPORT","Renata Glasc","Victory","=""0/3/23""","0.6","324","79.3%"
"160","BNK FearX vs GEN","30:10","1971","Kellin","SUPPORT","Rakan","Defeat","=""1/5/5""","1.0","120","54.5%"
"160","BNK FearX vs GEN","30:10","1115","Kiin","TOP","Ambessa","Victory","=""6/1/6""","8.3","835","41.4%"
"160","BNK FearX vs GEN","30:10","4233","Raptor","JUNGLE","Viego","Defeat","=""5/6/2""","5.5","562","63.6%"
"160","BNK FearX vs GEN","30:10","685","Ruler","ADC","Ashe","Victory","=""8/3/12""","9.1","791","69%"
"160","BNK FearX vs GEN","30:10","3326","Vicla","MID","Sylas","Defeat","=""1/7/3""","7.9","670","36.4%"
"161","BNK FearX vs GEN","34:30","1909","Canyon","JUNGLE","Sejuani","Defeat","=""2/3/7""","6.2","235","69.2%"
"161","BNK FearX vs GEN","34:30","1629","Chovy","MID","Azir","Defeat","=""4/5/7""","9.5","887","84.6%"
"161","BNK FearX vs GEN","34:30","3421","Clear","TOP","Jax","Victory","=""5/1/9""","7.7","668","73.7%"
"161","BNK FearX vs GEN","34:30","4943","Diable","ADC","Varus","Victory","=""4/4/7""","9.4","880","57.9%"
"161","BNK FearX vs GEN","34:30","4259","Duro","SUPPORT","Braum","Defeat","=""0/3/12""","0.5","150","92.3%"
"161","BNK FearX vs GEN","34:30","1971","Kellin","SUPPORT","Nautilus","Victory","=""0/5/13""","1.0","199","68.4%"
"161","BNK FearX vs GEN","34:30","1115","Kiin","TOP","Gnar","Defeat","=""7/2/3""","8.8","746","76.9%"
"161","BNK FearX vs GEN","34:30","4233","Raptor","JUNGLE","Naafiri","Victory","=""8/1/5""","7.5","727","68.4%"
"161","BNK FearX vs GEN","34:30","685","Ruler","ADC","Miss Fortune","Defeat","=""0/6/7""","9.0","358","53.8%"
"161","BNK FearX vs GEN","34:30","3326","Vicla","MID","Taliyah","Victory","=""2/2/11""","9.0","656","68.4%"
"162","T1 vs NS","30:50","5058","Calix","MID","Galio","Victory","=""5/1/8""","8.1","534","65%"
"162","T1 vs NS","30:50","1242","Doran","TOP","Gnar","Defeat","=""5/7/3""","8.1","634","66.7%"
"162","T1 vs NS","30:50","48","Faker","MID","Ryze","Defeat","=""0/3/4""","8.9","715","33.3%"
"162","T1 vs NS","30:50","3327","GIDEON","JUNGLE","Xin Zhao","Victory","=""2/2/11""","6.5","543","65%"
"162","T1 vs NS","30:50","4755","Jiwoo","ADC","Ashe","Victory","=""5/1/9""","7.6","732","70%"
"162","T1 vs NS","30:50","1258","Keria","SUPPORT","Neeko","Defeat","=""2/4/3""","1.9","303","41.7%"
"162","T1 vs NS","30:50","738","Lehends","SUPPORT","Elise","Victory","=""1/3/11""","1.4","489","60%"
"162","T1 vs NS","30:50","3741","Oner","JUNGLE","Sejuani","Defeat","=""3/2/7""","5.7","580","83.3%"
"162","T1 vs NS","30:50","4940","Smash","ADC","Miss Fortune","Defeat","=""2/4/5""","8.5","641","58.3%"
"162","T1 vs NS","30:50","1229","kingen","TOP","Sylas","Victory","=""7/5/5""","7.4","528","60%"
"163","T1 vs NS","34:20","5058","Calix","MID","Azir","Defeat","=""3/1/2""","9.9","464","62.5%"
"163","T1 vs NS","34:20","1242","Doran","TOP","Gwen","Victory","=""3/4/2""","7.8","378","33.3%"
"163","T1 vs NS","34:20","48","Faker","MID","Taliyah","Victory","=""4/0/6""","8.9","690","66.7%"
"163","T1 vs NS","34:20","3327","GIDEON","JUNGLE","Poppy","Defeat","=""0/3/7""","5.5","292","87.5%"
"163","T1 vs NS","34:20","4755","Jiwoo","ADC","Varus","Defeat","=""3/2/4""","9.0","677","87.5%"
"163","T1 vs NS","34:20","1258","Keria","SUPPORT","Lulu","Victory","=""0/0/14""","1.0","199","93.3%"
"163","T1 vs NS","34:20","738","Lehends","SUPPORT","Alistar","Defeat","=""0/5/6""","0.8","137","75%"
"163","T1 vs NS","34:20","3741","Oner","JUNGLE","Skarner","Victory","=""2/2/9""","5.8","336","73.3%"
"163","T1 vs NS","34:20","4940","Smash","ADC","Zeri","Victory","=""6/2/6""","11.1","570","80%"
"163","T1 vs NS","34:20","1229","kingen","TOP","Jayce","Defeat","=""2/4/3""","9.7","893","62.5%"
"164","T1 vs NS","35:21","5058","Calix","MID","Ahri","Defeat","=""4/2/2""","8.5","561","66.7%"
"164","T1 vs NS","35:21","1242","Doran","TOP","Sion","Victory","=""3/2/11""","8.3","554","77.8%"
"164","T1 vs NS","35:21","48","Faker","MID","Viktor","Victory","=""2/1/14""","8.6","864","88.9%"
"164","T1 vs NS","35:21","3327","GIDEON","JUNGLE","Nocturne","Defeat","=""3/4/5""","5.6","219","88.9%"
"164","T1 vs NS","35:21","4755","Jiwoo","ADC","Kaisa","Defeat","=""2/2/7""","8.9","614","100%"
"164","T1 vs NS","35:21","1258","Keria","SUPPORT","Tahm Kench","Victory","=""2/3/10""","0.7","201","66.7%"
"164","T1 vs NS","35:21","738","Lehends","SUPPORT","Rakan","Defeat","=""0/6/6""","1.3","121","66.7%"
"164","T1 vs NS","35:21","3741","Oner","JUNGLE","Viego","Victory","=""5/2/7""","7.5","460","66.7%"
"164","T1 vs NS","35:21","4940","Smash","ADC","Jinx","Victory","=""6/1/7""","10.5","816","72.2%"
"164","T1 vs NS","35:21","1229","kingen","TOP","Gangplank","Defeat","=""0/4/8""","8.2","719","88.9%"
"165","DRX vs HLE","30:03","3411","Delight","SUPPORT","Alistar","Victory","=""0/3/17""","1.1","168","77.3%"
"165","DRX vs HLE","30:03","392","Peanut","JUNGLE","Xin Zhao","Victory","=""4/3/14""","5.6","467","81.8%"
"165","DRX vs HLE","30:03","2650","Pleata","SUPPORT","Nautilus","Defeat","=""0/6/6""","1.0","162","66.7%"
"165","DRX vs HLE","30:03","1613","Rich","TOP","Jayce","Defeat","=""3/3/1""","9.3","503","44.4%"
"165","DRX vs HLE","30:03","4753","Sponge","JUNGLE","Naafiri","Defeat","=""1/6/6""","7.2","555","77.8%"
"165","DRX vs HLE","30:03","799","Teddy","ADC","Xayah","Defeat","=""5/3/3""","8.3","546","88.9%"
"165","DRX vs HLE","30:03","1504","Ucal","MID","Taliyah","Defeat","=""0/4/5""","8.7","450","55.6%"
"165","DRX vs HLE","30:03","1228","Viper","ADC","Kaisa","Victory","=""8/1/7""","10.3","728","68.2%"
"165","DRX vs HLE","30:03","2906","Zeka","MID","Ahri","Victory","=""7/1/10""","9.7","594","77.3%"
"165","DRX vs HLE","30:03","3658","Zeus","TOP","Rumble","Victory","=""3/1/10""","9.7","824","59.1%"
"166","DRX vs HLE","32:00","3411","Delight","SUPPORT","Blitzcrank","Victory","=""0/3/13""","1.0","217","76.5%"
"166","DRX vs HLE","32:00","392","Peanut","JUNGLE","Maokai","Victory","=""5/1/11""","6.2","582","94.1%"
"166","DRX vs HLE","32:00","2650","Pleata","SUPPORT","Braum","Defeat","=""0/3/12""","0.6","203","75%"
"166","DRX vs HLE","32:00","1613","Rich","TOP","Sion","Defeat","=""0/4/7""","6.7","714","43.8%"
"166","DRX vs HLE","32:00","4753","Sponge","JUNGLE","Skarner","Defeat","=""3/6/5""","6.5","566","50%"
"166","DRX vs HLE","32:00","799","Teddy","ADC","Ezreal","Defeat","=""8/2/3""","8.7","834","68.8%"
"166","DRX vs HLE","32:00","1504","Ucal","MID","Viktor","Defeat","=""5/2/7""","10.2","971","75%"
"166","DRX vs HLE","32:00","1228","Viper","ADC","Varus","Victory","=""3/4/8""","9.5","971","64.7%"
"166","DRX vs HLE","32:00","2906","Zeka","MID","Azir","Victory","=""8/4/7""","9.1","829","88.2%"
"166","DRX vs HLE","32:00","3658","Zeus","TOP","Nidalee","Victory","=""1/4/3""","9.2","931","23.5%"
"167","OK BRION vs KT Rolster","29:32","650","Bdd","MID","Taliyah","Defeat","=""0/4/2""","9.8","384","50%"
"167","OK BRION vs KT Rolster","29:32","3438","Bull","ADC","Varus","Victory","=""3/0/5""","9.3","744","61.5%"
"167","OK BRION vs KT Rolster","29:32","4925","Casting","TOP","Aatrox","Defeat","=""2/2/1""","7.7","580","75%"
"167","OK BRION vs KT Rolster","29:32","3195","Clozer","MID","Ahri","Victory","=""5/0/8""","10.1","711","100%"
"167","OK BRION vs KT Rolster","29:32","983","Cuzz","JUNGLE","Zyra","Defeat","=""0/2/2""","6.9","472","50%"
"167","OK BRION vs KT Rolster","29:32","4217","HamBak","JUNGLE","Wukong","Victory","=""2/0/10""","8.4","256","92.3%"
"167","OK BRION vs KT Rolster","29:32","2545","Morgan","TOP","Yorick","Victory","=""2/2/3""","9.0","566","38.5%"
"167","OK BRION vs KT Rolster","29:32","4215","Paduck","ADC","Ezreal","Defeat","=""2/1/1""","9.0","402","75%"
"167","OK BRION vs KT Rolster","29:32","4260","Peter","SUPPORT","Leona","Defeat","=""0/4/2""","1.1","159","50%"
"167","OK BRION vs KT Rolster","29:32","4865","Pollu","SUPPORT","Rell","Victory","=""1/2/10""","1.1","156","84.6%"
"168","OK BRION vs KT Rolster","34:25","650","Bdd","MID","Galio","Defeat","=""2/3/4""","7.9","862","60%"
"168","OK BRION vs KT Rolster","34:25","3438","Bull","ADC","Draven","Victory","=""5/5/6""","9.2","476","64.7%"
"168","OK BRION vs KT Rolster","34:25","4925","Casting","TOP","Jayce","Defeat","=""3/4/3""","7.7","666","60%"
"168","OK BRION vs KT Rolster","34:25","3195","Clozer","MID","Sylas","Victory","=""4/3/6""","8.1","580","58.8%"
"168","OK BRION vs KT Rolster","34:25","983","Cuzz","JUNGLE","Xin Zhao","Defeat","=""1/3/4""","6.0","458","50%"
"168","OK BRION vs KT Rolster","34:25","4217","HamBak","JUNGLE","Naafiri","Victory","=""6/0/8""","8.2","714","82.4%"
"168","OK BRION vs KT Rolster","34:25","2545","Morgan","TOP","Sion","Victory","=""2/1/11""","6.4","380","76.5%"
"168","OK BRION vs KT Rolster","34:25","4215","Paduck","ADC","Kaisa","Defeat","=""4/4/4""","8.9","470","80%"
"168","OK BRION vs KT Rolster","34:25","4260","Peter","SUPPORT","Elise","Defeat","=""0/3/7""","1.0","240","70%"
"168","OK BRION vs KT Rolster","34:25","4865","Pollu","SUPPORT","Poppy","Victory","=""0/1/11""","1.0","273","64.7%"
"169","OK BRION vs KT Rolster","43:48","650","Bdd","MID","Yone","Victory","=""4/1/7""","9.7","715","61.1%"
"169","OK BRION vs KT Rolster","43:48","3438","Bull","ADC","Xayah","Defeat","=""3/3/6""","9.8","865","75%"
"169","OK BRION vs KT Rolster","43:48","4925","Casting","TOP","Rumble","Victory","=""5/3/10""","7.1","914","83.3%"
"169","OK BRION vs KT Rolster","43:48","3195","Clozer","MID","Azir","Defeat","=""2/3/3""","8.6","897","41.7%"
"169","OK BRION vs KT Rolster","43:48","983","Cuzz","JUNGLE","Lillia","Victory","=""4/1/7""","6.7","659","61.1%"
"169","OK BRION vs KT Rolster","43:48","4217","HamBak","JUNGLE","Sejuani","Defeat","=""0/6/6""","4.7","302","50%"
"169","OK BRION vs KT Rolster","43:48","2545","Morgan","TOP","Ambessa","Defeat","=""6/3/1""","8.1","837","58.3%"
"169","OK BRION vs KT Rolster","43:48","4215","Paduck","ADC","Miss Fortune","Victory","=""4/3/3""","9.6","449","38.9%"
"169","OK BRION vs KT Rolster","43:48","4260","Peter","SUPPORT","Alistar","Victory","=""1/4/14""","0.7","147","83.3%"
"169","OK BRION vs KT Rolster","43:48","4865","Pollu","SUPPORT","Rakan","Defeat","=""1/3/8""","0.8","140","75%"
"170","BNK FearX vs T1","28:32","3421","Clear","TOP","Sion","Victory","=""2/1/5""","7.7","504","50%"
"170","BNK FearX vs T1","28:32","4943","Diable","ADC","Zeri","Victory","=""2/0/7""","11.4","945","64.3%"
"170","BNK FearX vs T1","28:32","1242","Doran","TOP","Yorick","Defeat","=""0/5/3""","8.8","623","100%"
"170","BNK FearX vs T1","28:32","48","Faker","MID","Viktor","Defeat","=""1/2/1""","8.7","910","66.7%"
"170","BNK FearX vs T1","28:32","3247","Gumayusi","ADC","Jinx","Defeat","=""1/3/1""","9.6","507","66.7%"
"170","BNK FearX vs T1","28:32","1971","Kellin","SUPPORT","Alistar","Victory","=""1/0/10""","0.9","131","78.6%"
"170","BNK FearX vs T1","28:32","1258","Keria","SUPPORT","Lulu","Defeat","=""0/2/2""","0.8","294","66.7%"
"170","BNK FearX vs T1","28:32","3741","Oner","JUNGLE","Lee Sin","Defeat","=""1/2/2""","7.7","223","100%"
"170","BNK FearX vs T1","28:32","4233","Raptor","JUNGLE","Viego","Victory","=""7/2/2""","7.4","391","64.3%"
"170","BNK FearX vs T1","28:32","3326","Vicla","MID","Ahri","Victory","=""2/0/7""","9.5","568","64.3%"
"171","BNK FearX vs T1","33:39","3421","Clear","TOP","Jayce","Victory","=""4/2/7""","8.1","928","68.8%"
"171","BNK FearX vs T1","33:39","4943","Diable","ADC","Miss Fortune","Victory","=""3/1/6""","10.2","1103","56.2%"
"171","BNK FearX vs T1","33:39","1242","Doran","TOP","Gwen","Defeat","=""2/6/4""","7.9","606","60%"
"171","BNK FearX vs T1","33:39","48","Faker","MID","Corki","Defeat","=""3/1/4""","10.0","802","70%"
"171","BNK FearX vs T1","33:39","1971","Kellin","SUPPORT","Rell","Victory","=""3/3/8""","0.7","244","68.8%"
"171","BNK FearX vs T1","33:39","1258","Keria","SUPPORT","Renata Glasc","Defeat","=""1/2/9""","1.0","219","100%"
"171","BNK FearX vs T1","33:39","3741","Oner","JUNGLE","Sejuani","Defeat","=""1/4/7""","5.5","503","80%"
"171","BNK FearX vs T1","33:39","4233","Raptor","JUNGLE","Skarner","Victory","=""1/2/9""","5.6","359","62.5%"
"171","BNK FearX vs T1","33:39","4940","Smash","ADC","Ashe","Defeat","=""3/3/3""","8.6","588","60%"
"171","BNK FearX vs T1","33:39","3326","Vicla","MID","Ryze","Victory","=""5/2/6""","10.0","857","68.8%"
"172","BNK FearX vs T1","37:34","3421","Clear","TOP","Jax","Defeat","=""2/2/2""","7.1","588","33.3%"
"172","BNK FearX vs T1","37:34","4943","Diable","ADC","Varus","Defeat","=""6/2/3""","8.9","741","75%"
"172","BNK FearX vs T1","37:34","1242","Doran","TOP","Gragas","Victory","=""1/1/12""","8.3","727","59.1%"
"172","BNK FearX vs T1","37:34","48","Faker","MID","Azir","Victory","=""8/4/3""","8.9","735","50%"
"172","BNK FearX vs T1","37:34","1971","Kellin","SUPPORT","Poppy","Defeat","=""1/9/7""","1.0","261","66.7%"
"172","BNK FearX vs T1","37:34","1258","Keria","SUPPORT","Rakan","Victory","=""1/3/18""","1.1","125","86.4%"
"172","BNK FearX vs T1","37:34","3741","Oner","JUNGLE","Xin Zhao","Victory","=""8/1/9""","7.6","705","77.3%"
"172","BNK FearX vs T1","37:34","4233","Raptor","JUNGLE","Naafiri","Defeat","=""1/6/7""","6.4","666","66.7%"
"172","BNK FearX vs T1","37:34","4940","Smash","ADC","Ezreal","Victory","=""4/3/12""","8.4","1034","72.7%"
"172","BNK FearX vs T1","37:34","3326","Vicla","MID","Taliyah","Defeat","=""2/3/8""","8.5","887","83.3%"
"173","DN Freecs vs Dplus KIA","28:30","1328","Aiming","ADC","Jhin","Victory","=""4/0/8""","10.2","464","66.7%"
"173","DN Freecs vs Dplus KIA","28:30","3322","Berserker","ADC","Varus","Defeat","=""1/1/2""","10.0","428","100%"
"173","DN Freecs vs Dplus KIA","28:30","2184","BeryL","SUPPORT","Alistar","Victory","=""1/2/12""","1.2","154","72.2%"
"173","DN Freecs vs Dplus KIA","28:30","3974","Bulldog","MID","Taliyah","Defeat","=""0/4/1""","8.5","598","33.3%"
"173","DN Freecs vs Dplus KIA","28:30","3082","DuDu","TOP","Ambessa","Defeat","=""1/3/1""","8.6","511","66.7%"
"173","DN Freecs vs Dplus KIA","28:30","1906","Life","SUPPORT","Rell","Defeat","=""1/6/1""","1.1","204","66.7%"
"173","DN Freecs vs Dplus KIA","28:30","3895","Lucid","JUNGLE","Xin Zhao","Victory","=""6/0/9""","7.4","526","83.3%"
"173","DN Freecs vs Dplus KIA","28:30","2664","Pyosik","JUNGLE","Viego","Defeat","=""0/4/1""","5.9","158","33.3%"
"173","DN Freecs vs Dplus KIA","28:30","1250","ShowMaker","MID","Ahri","Victory","=""3/1/10""","8.9","563","72.2%"
"173","DN Freecs vs Dplus KIA","28:30","5392","Siwoo","TOP","Gwen","Victory","=""4/0/5""","9.6","567","50%"
"174","DN Freecs vs Dplus KIA","30:04","1328","Aiming","ADC","Miss Fortune","Victory","=""4/1/5""","10.4","767","69.2%"
"174","DN Freecs vs Dplus KIA","30:04","3322","Berserker","ADC","Caitlyn","Defeat","=""1/4/3""","9.4","472","66.7%"
"174","DN Freecs vs Dplus KIA","30:04","2184","BeryL","SUPPORT","Leona","Victory","=""1/4/6""","1.4","192","53.8%"
"174","DN Freecs vs Dplus KIA","30:04","3974","Bulldog","MID","Azir","Defeat","=""3/2/3""","9.1","465","100%"
"174","DN Freecs vs Dplus KIA","30:04","3082","DuDu","TOP","KSante","Defeat","=""0/2/3""","7.9","269","50%"
"174","DN Freecs vs Dplus KIA","30:04","1906","Life","SUPPORT","Elise","Defeat","=""0/3/4""","1.0","164","66.7%"
"174","DN Freecs vs Dplus KIA","30:04","3895","Lucid","JUNGLE","Ivern","Victory","=""0/1/12""","5.2","261","92.3%"
"174","DN Freecs vs Dplus KIA","30:04","2664","Pyosik","JUNGLE","Skarner","Defeat","=""2/2/2""","6.3","191","66.7%"
"174","DN Freecs vs Dplus KIA","30:04","1250","ShowMaker","MID","Jayce","Victory","=""1/0/5""","11.1","678","46.2%"
"174","DN Freecs vs Dplus KIA","30:04","5392","Siwoo","TOP","Rumble","Victory","=""7/0/4""","8.7","1115","84.6%"
"175","GEN vs OK BRION","28:48","1909","Canyon","JUNGLE","Xin Zhao","Victory","=""3/1/8""","7.4","579","52.4%"
"175","GEN vs OK BRION","28:48","1629","Chovy","MID","Viktor","Victory","=""6/0/12""","9.2","1059","85.7%"
"175","GEN vs OK BRION","28:48","3195","Clozer","MID","Yone","Defeat","=""2/4/0""","10.0","681","40%"
"175","GEN vs OK BRION","28:48","4259","Duro","SUPPORT","Nautilus","Victory","=""1/3/18""","1.0","257","90.5%"
"175","GEN vs OK BRION","28:48","4217","HamBak","JUNGLE","Lillia","Defeat","=""1/3/3""","7.0","480","80%"
"175","GEN vs OK BRION","28:48","3694","Hype","ADC","Ashe","Defeat","=""2/3/2""","9.1","387","80%"
"175","GEN vs OK BRION","28:48","1115","Kiin","TOP","Aatrox","Victory","=""4/0/8""","9.1","830","57.1%"
"175","GEN vs OK BRION","28:48","2545","Morgan","TOP","Sion","Defeat","=""0/4/1""","8.1","657","20%"
"175","GEN vs OK BRION","28:48","4865","Pollu","SUPPORT","Rell","Defeat","=""0/7/4""","1.0","161","80%"
"175","GEN vs OK BRION","28:48","685","Ruler","ADC","Miss Fortune","Victory","=""7/1/5""","10.6","629","57.1%"
"176","GEN vs OK BRION","33:52","1909","Canyon","JUNGLE","Vi","Victory","=""0/3/5""","7.4","162","25%"
"176","GEN vs OK BRION","33:52","1629","Chovy","MID","Ahri","Victory","=""3/0/12""","9.6","922","75%"
"176","GEN vs OK BRION","33:52","3195","Clozer","MID","Taliyah","Defeat","=""2/2/3""","9.5","577","71.4%"
"176","GEN vs OK BRION","33:52","4259","Duro","SUPPORT","Rakan","Victory","=""0/1/16""","1.0","218","80%"
"176","GEN vs OK BRION","33:52","4217","HamBak","JUNGLE","Wukong","Defeat","=""1/5/4""","5.6","517","71.4%"
"176","GEN vs OK BRION","33:52","3694","Hype","ADC","Zeri","Defeat","=""3/3/4""","10.1","645","100%"
"176","GEN vs OK BRION","33:52","1115","Kiin","TOP","Aurora","Victory","=""6/3/6""","8.3","770","60%"
"176","GEN vs OK BRION","33:52","2545","Morgan","TOP","Rumble","Defeat","=""1/3/2""","7.8","298","42.9%"
"176","GEN vs OK BRION","33:52","4865","Pollu","SUPPORT","Alistar","Defeat","=""0/7/4""","0.7","83","57.1%"
"176","GEN vs OK BRION","33:52","685","Ruler","ADC","Jhin","Victory","=""11/0/7""","9.7","876","90%"
"177","NS vs HLE","25:00","5058","Calix","MID","Sylas","Defeat","=""0/3/1""","7.8","429","25%"
"177","NS vs HLE","25:00","3411","Delight","SUPPORT","Rakan","Victory","=""1/0/9""","1.6","167","76.9%"
"177","NS vs HLE","25:00","3327","GIDEON","JUNGLE","Naafiri","Defeat","=""1/1/3""","6.8","284","100%"
"177","NS vs HLE","25:00","4755","Jiwoo","ADC","Kalista","Defeat","=""0/2/2""","9.2","350","50%"
"177","NS vs HLE","25:00","738","Lehends","SUPPORT","Elise","Defeat","=""1/3/2""","1.2","357","75%"
"177","NS vs HLE","25:00","392","Peanut","JUNGLE","Xin Zhao","Victory","=""2/1/6""","7.4","508","61.5%"
"177","NS vs HLE","25:00","1228","Viper","ADC","Draven","Victory","=""2/0/5""","8.7","331","53.8%"
"177","NS vs HLE","25:00","2906","Zeka","MID","Azir","Victory","=""7/2/0""","9.1","502","53.8%"
"177","NS vs HLE","25:00","3658","Zeus","TOP","Rumble","Victory","=""1/1/4""","9.4","658","38.5%"
"177","NS vs HLE","25:00","1229","kingen","TOP","Jayce","Defeat","=""2/4/0""","9.3","585","50%"
"178","NS vs HLE","27:32","5058","Calix","MID","Yone","Defeat","=""3/3/5""","8.4","476","72.7%"
"178","NS vs HLE","27:32","3411","Delight","SUPPORT","Leona","Victory","=""0/5/15""","1.2","313","48.4%"
"178","NS vs HLE","27:32","3327","GIDEON","JUNGLE","Maokai","Defeat","=""2/6/7""","5.2","427","81.8%"
"178","NS vs HLE","27:32","4755","Jiwoo","ADC","Ashe","Defeat","=""4/8/4""","6.5","594","72.7%"
"178","NS vs HLE","27:32","738","Lehends","SUPPORT","Blitzcrank","Defeat","=""0/8/5""","1.0","217","45.5%"
"178","NS vs HLE","27:32","392","Peanut","JUNGLE","Skarner","Victory","=""7/2/16""","5.8","761","74.2%"
"178","NS vs HLE","27:32","1228","Viper","ADC","Jhin","Victory","=""10/1/12""","7.4","1041","71%"
"178","NS vs HLE","27:32","2906","Zeka","MID","Aurora","Victory","=""5/2/10""","7.8","922","48.4%"
"178","NS vs HLE","27:32","3658","Zeus","TOP","Jax","Victory","=""9/1/8""","6.5","881","54.8%"
"178","NS vs HLE","27:32","1229","kingen","TOP","Anivia","Defeat","=""2/6/2""","6.5","653","36.4%"
"179","Dplus KIA vs DRX","28:18","1328","Aiming","ADC","Zeri","Victory","=""5/2/11""","9.3","760","69.6%"
"179","Dplus KIA vs DRX","28:18","2184","BeryL","SUPPORT","Poppy","Victory","=""2/2/14""","1.6","316","69.6%"
"179","Dplus KIA vs DRX","28:18","3895","Lucid","JUNGLE","Pantheon","Victory","=""4/1/9""","7.6","525","56.5%"
"179","Dplus KIA vs DRX","28:18","2650","Pleata","SUPPORT","Braum","Defeat","=""1/5/5""","1.2","197","85.7%"
"179","Dplus KIA vs DRX","28:18","1613","Rich","TOP","Sion","Defeat","=""1/2/1""","8.6","457","28.6%"
"179","Dplus KIA vs DRX","28:18","1250","ShowMaker","MID","Azir","Victory","=""10/1/10""","9.6","1001","87%"
"179","Dplus KIA vs DRX","28:18","5392","Siwoo","TOP","Jax","Victory","=""2/1/7""","9.1","656","39.1%"
"179","Dplus KIA vs DRX","28:18","4753","Sponge","JUNGLE","Maokai","Defeat","=""3/7/2""","5.4","678","71.4%"
"179","Dplus KIA vs DRX","28:18","799","Teddy","ADC","Varus","Defeat","=""2/5/4""","8.4","559","85.7%"
"179","Dplus KIA vs DRX","28:18","1504","Ucal","MID","Yone","Defeat","=""0/4/5""","8.7","317","71.4%"
"180","Dplus KIA vs DRX","30:21","1328","Aiming","ADC","Miss Fortune","Victory","=""14/0/5""","10.6","1034","79.2%"
"180","Dplus KIA vs DRX","30:21","2184","BeryL","SUPPORT","Leona","Victory","=""0/1/17""","1.4","212","70.8%"
"180","Dplus KIA vs DRX","30:21","3895","Lucid","JUNGLE","Xin Zhao","Victory","=""3/1/16""","7.1","645","79.2%"
"180","Dplus KIA vs DRX","30:21","2650","Pleata","SUPPORT","Elise","Defeat","=""1/7/3""","1.1","237","44.4%"
"180","Dplus KIA vs DRX","30:21","1613","Rich","TOP","Ambessa","Defeat","=""1/4/4""","7.5","469","55.6%"
"180","Dplus KIA vs DRX","30:21","1250","ShowMaker","MID","Taliyah","Victory","=""5/3/11""","6.9","533","66.7%"
"180","Dplus KIA vs DRX","30:21","5392","Siwoo","TOP","Renekton","Victory","=""2/4/7""","8.1","564","37.5%"
"180","Dplus KIA vs DRX","30:21","4753","Sponge","JUNGLE","Sejuani","Defeat","=""2/6/6""","5.4","430","88.9%"
"180","Dplus KIA vs DRX","30:21","799","Teddy","ADC","Jhin","Defeat","=""1/3/4""","8.9","560","55.6%"
"180","Dplus KIA vs DRX","30:21","1504","Ucal","MID","Viktor","Defeat","=""4/4/3""","7.9","719","77.8%"
"181","Dplus KIA vs DRX","45:19","1328","Aiming","ADC","Kaisa","Defeat","=""5/1/3""","9.9","349","66.7%"
"181","Dplus KIA vs DRX","45:19","2184","BeryL","SUPPORT","Neeko","Defeat","=""1/3/7""","1.1","223","66.7%"
"181","Dplus KIA vs DRX","45:19","3895","Lucid","JUNGLE","Skarner","Defeat","=""4/4/8""","5.0","289","100%"
"181","Dplus KIA vs DRX","45:19","2650","Pleata","SUPPORT","Rell","Victory","=""0/5/9""","0.8","101","81.8%"
"181","Dplus KIA vs DRX","45:19","1613","Rich","TOP","Rumble","Victory","=""1/1/3""","7.7","556","36.4%"
"181","Dplus KIA vs DRX","45:19","1250","ShowMaker","MID","Ahri","Defeat","=""1/0/7""","9.3","425","66.7%"
"181","Dplus KIA vs DRX","45:19","5392","Siwoo","TOP","Jayce","Defeat","=""1/3/6""","8.9","651","58.3%"
"181","Dplus KIA vs DRX","45:19","4753","Sponge","JUNGLE","Naafiri","Victory","=""3/1/6""","6.9","522","81.8%"
"181","Dplus KIA vs DRX","45:19","799","Teddy","ADC","Ezreal","Victory","=""3/1/5""","10.0","734","72.7%"
"181","Dplus KIA vs DRX","45:19","1504","Ucal","MID","Aurora","Victory","=""4/4/5""","8.4","584","81.8%"
"182","KT Rolster vs DN Freecs","32:19","650","Bdd","MID","Aurora","Victory","=""6/2/16""","7.9","799","81.5%"
"182","KT Rolster vs DN Freecs","32:19","3322","Berserker","ADC","Jhin","Defeat","=""2/1/3""","8.2","453","50%"
"182","KT Rolster vs DN Freecs","32:19","3974","Bulldog","MID","Ryze","Defeat","=""0/6/2""","8.0","576","20%"
"182","KT Rolster vs DN Freecs","32:19","4925","Casting","TOP","Jayce","Victory","=""5/2/16""","8.7","813","77.8%"
"182","KT Rolster vs DN Freecs","32:19","983","Cuzz","JUNGLE","Fiddlesticks","Victory","=""7/1/16""","6.7","546","85.2%"
"182","KT Rolster vs DN Freecs","32:19","3082","DuDu","TOP","Ambessa","Defeat","=""6/4/2""","7.4","502","80%"
"182","KT Rolster vs DN Freecs","32:19","1906","Life","SUPPORT","Leona","Defeat","=""1/11/7""","0.9","221","80%"
"182","KT Rolster vs DN Freecs","32:19","4260","Peter","SUPPORT","Poppy","Victory","=""4/3/21""","0.9","250","92.6%"
"182","KT Rolster vs DN Freecs","32:19","2664","Pyosik","JUNGLE","Naafiri","Defeat","=""1/5/3""","6.7","255","40%"
"182","KT Rolster vs DN Freecs","32:19","2508","deokdam","ADC","Ezreal","Victory","=""5/2/14""","8.4","912","70.4%"
"183","KT Rolster vs DN Freecs","44:27","650","Bdd","MID","Ahri","Victory","=""4/3/14""","8.0","1040","75%"
"183","KT Rolster vs DN Freecs","44:27","3322","Berserker","ADC","Xayah","Defeat","=""11/2/4""","9.5","1336","93.8%"
"183","KT Rolster vs DN Freecs","44:27","3974","Bulldog","MID","Taliyah","Defeat","=""2/4/11""","7.4","633","81.2%"
"183","KT Rolster vs DN Freecs","44:27","4925","Casting","TOP","Galio","Victory","=""2/6/11""","6.4","522","54.2%"
"183","KT Rolster vs DN Freecs","44:27","983","Cuzz","JUNGLE","Xin Zhao","Victory","=""6/1/13""","6.4","637","79.2%"
"183","KT Rolster vs DN Freecs","44:27","3082","DuDu","TOP","Rumble","Defeat","=""3/5/9""","7.7","684","75%"
"183","KT Rolster vs DN Freecs","44:27","1906","Life","SUPPORT","Rakan","Defeat","=""0/6/15""","0.9","121","93.8%"
"183","KT Rolster vs DN Freecs","44:27","4260","Peter","SUPPORT","Neeko","Victory","=""1/4/17""","1.4","562","75%"
"183","KT Rolster vs DN Freecs","44:27","2664","Pyosik","JUNGLE","Skarner","Defeat","=""0/7/12""","4.6","310","75%"
"183","KT Rolster vs DN Freecs","44:27","2508","deokdam","ADC","Kalista","Victory","=""11/2/11""","8.5","779","91.7%"
"184","DRX vs KT Rolster","28:45","650","Bdd","MID","Taliyah","Victory","=""5/1/12""","7.5","731","81%"
"184","DRX vs KT Rolster","28:45","4925","Casting","TOP","Aatrox","Victory","=""7/1/8""","7.3","847","71.4%"
"184","DRX vs KT Rolster","28:45","983","Cuzz","JUNGLE","Lillia","Victory","=""3/1/12""","7.9","505","71.4%"
"184","DRX vs KT Rolster","28:45","4260","Peter","SUPPORT","Rell","Victory","=""0/1/18""","1.5","219","85.7%"
"184","DRX vs KT Rolster","28:45","2650","Pleata","SUPPORT","Bard","Defeat","=""0/4/4""","1.1","139","100%"
"184","DRX vs KT Rolster","28:45","1613","Rich","TOP","Ambessa","Defeat","=""1/4/2""","8.3","820","75%"
"184","DRX vs KT Rolster","28:45","4753","Sponge","JUNGLE","Skarner","Defeat","=""1/6/2""","5.1","333","75%"
"184","DRX vs KT Rolster","28:45","799","Teddy","ADC","Ezreal","Defeat","=""1/4/2""","9.4","544","75%"
"184","DRX vs KT Rolster","28:45","1504","Ucal","MID","Aurora","Defeat","=""1/3/3""","7.3","419","100%"
"184","DRX vs KT Rolster","28:45","2508","deokdam","ADC","Varus","Victory","=""6/0/6""","9.4","650","57.1%"
"185","DRX vs KT Rolster","40:56","650","Bdd","MID","Ryze","Victory","=""3/1/5""","9.2","609","57.1%"
"185","DRX vs KT Rolster","40:56","4925","Casting","TOP","Rumble","Victory","=""2/4/8""","6.3","592","71.4%"
"185","DRX vs KT Rolster","40:56","983","Cuzz","JUNGLE","Xin Zhao","Victory","=""3/4/7""","5.0","352","71.4%"
"185","DRX vs KT Rolster","40:56","4260","Peter","SUPPORT","Poppy","Victory","=""2/4/8""","0.8","164","71.4%"
"185","DRX vs KT Rolster","40:56","2650","Pleata","SUPPORT","Rakan","Defeat","=""1/3/11""","1.0","129","80%"
"185","DRX vs KT Rolster","40:56","1613","Rich","TOP","Jayce","Defeat","=""2/3/7""","7.4","817","60%"
"185","DRX vs KT Rolster","40:56","4753","Sponge","JUNGLE","Naafiri","Defeat","=""6/4/3""","7.1","467","60%"
"185","DRX vs KT Rolster","40:56","799","Teddy","ADC","Xayah","Defeat","=""4/3/3""","9.5","560","46.7%"
"185","DRX vs KT Rolster","40:56","1504","Ucal","MID","Ahri","Defeat","=""2/1/10""","7.7","624","80%"
"185","DRX vs KT Rolster","40:56","2508","deokdam","ADC","Miss Fortune","Victory","=""4/2/9""","9.6","731","92.9%"
"186","NS vs BNK FearX","30:32","5058","Calix","MID","Ryze","Victory","=""11/1/10""","9.3","1007","70%"
"186","NS vs BNK FearX","30:32","3421","Clear","TOP","Rumble","Defeat","=""3/7/6""","7.5","760","60%"
"186","NS vs BNK FearX","30:32","4943","Diable","ADC","Varus","Defeat","=""7/7/5""","9.0","1118","80%"
"186","NS vs BNK FearX","30:32","3327","GIDEON","JUNGLE","Xin Zhao","Victory","=""5/5/17""","6.3","621","73.3%"
"186","NS vs BNK FearX","30:32","4755","Jiwoo","ADC","Zeri","Victory","=""9/2/12""","8.6","1188","70%"
"186","NS vs BNK FearX","30:32","1971","Kellin","SUPPORT","Renata Glasc","Defeat","=""0/5/11""","0.7","212","73.3%"
"186","NS vs BNK FearX","30:32","738","Lehends","SUPPORT","Alistar","Victory","=""2/5/22""","0.6","191","80%"
"186","NS vs BNK FearX","30:32","4233","Raptor","JUNGLE","Skarner","Defeat","=""2/5/12""","5.7","555","93.3%"
"186","NS vs BNK FearX","30:32","3326","Vicla","MID","Yone","Defeat","=""3/6/6""","9.1","809","60%"
"186","NS vs BNK FearX","30:32","1229","kingen","TOP","Gwen","Victory","=""3/2/14""","8.4","845","56.7%"
"187","NS vs BNK FearX","32:26","5058","Calix","MID","Azir","Victory","=""10/1/10""","9.9","1451","90.9%"
"187","NS vs BNK FearX","32:26","3421","Clear","TOP","Sion","Defeat","=""1/3/8""","6.7","640","52.9%"
"187","NS vs BNK FearX","32:26","4943","Diable","ADC","Ezreal","Defeat","=""7/4/8""","8.9","1097","88.2%"
"187","NS vs BNK FearX","32:26","3327","GIDEON","JUNGLE","Poppy","Victory","=""2/3/11""","4.9","492","59.1%"
"187","NS vs BNK FearX","32:26","4755","Jiwoo","ADC","Kaisa","Victory","=""2/5/9""","8.7","494","50%"
"187","NS vs BNK FearX","32:26","1971","Kellin","SUPPORT","Rell","Defeat","=""0/5/15""","1.1","247","88.2%"
"187","NS vs BNK FearX","32:26","738","Lehends","SUPPORT","Leona","Victory","=""0/6/17""","1.2","257","77.3%"
"187","NS vs BNK FearX","32:26","4233","Raptor","JUNGLE","Naafiri","Defeat","=""5/6/8""","6.5","722","76.5%"
"187","NS vs BNK FearX","32:26","3326","Vicla","MID","Taliyah","Defeat","=""4/4/9""","8.5","840","76.5%"
"187","NS vs BNK FearX","32:26","1229","kingen","TOP","Nidalee","Victory","=""8/2/4""","8.0","988","54.5%"
"188","GEN vs DN Freecs","28:05","3322","Berserker","ADC","Zeri","Defeat","=""0/5/1""","8.3","412","33.3%"
"188","GEN vs DN Freecs","28:05","1909","Canyon","JUNGLE","Pantheon","Victory","=""3/1/8""","7.6","396","40.7%"
"188","GEN vs DN Freecs","28:05","1629","Chovy","MID","Sylas","Victory","=""13/0/6""","8.8","1038","70.4%"
"188","GEN vs DN Freecs","28:05","3082","DuDu","TOP","Jayce","Defeat","=""1/3/0""","8.2","646","33.3%"
"188","GEN vs DN Freecs","28:05","4259","Duro","SUPPORT","Blitzcrank","Victory","=""0/1/16""","0.8","241","59.3%"
"188","GEN vs DN Freecs","28:05","1115","Kiin","TOP","Rumble","Victory","=""4/1/8""","7.7","806","44.4%"
"188","GEN vs DN Freecs","28:05","1906","Life","SUPPORT","Lulu","Defeat","=""0/6/3""","0.9","198","100%"
"188","GEN vs DN Freecs","28:05","5393","Pungyeon","MID","Ahri","Defeat","=""2/6/1""","7.8","666","100%"
"188","GEN vs DN Freecs","28:05","2664","Pyosik","JUNGLE","Xin Zhao","Defeat","=""0/7/3""","5.4","393","100%"
"188","GEN vs DN Freecs","28:05","685","Ruler","ADC","Xayah","Victory","=""7/0/12""","9.8","984","70.4%"
"189","GEN vs DN Freecs","32:54","3322","Berserker","ADC","Ezreal","Defeat","=""1/1/3""","9.8","741","80%"
"189","GEN vs DN Freecs","32:54","1909","Canyon","JUNGLE","Naafiri","Victory","=""0/0/13""","7.7","579","76.5%"
"189","GEN vs DN Freecs","32:54","1629","Chovy","MID","Taliyah","Victory","=""4/0/11""","9.9","1137","88.2%"
"189","GEN vs DN Freecs","32:54","3082","DuDu","TOP","Ambessa","Defeat","=""2/4/0""","8.3","378","40%"
"189","GEN vs DN Freecs","32:54","4259","Duro","SUPPORT","Nautilus","Victory","=""0/3/11""","0.9","185","64.7%"
"189","GEN vs DN Freecs","32:54","1115","Kiin","TOP","Gwen","Victory","=""8/1/5""","9.3","769","76.5%"
"189","GEN vs DN Freecs","32:54","1906","Life","SUPPORT","Braum","Defeat","=""0/5/4""","0.9","121","80%"
"189","GEN vs DN Freecs","32:54","5393","Pungyeon","MID","Azir","Defeat","=""1/6/1""","8.3","489","40%"
"189","GEN vs DN Freecs","32:54","2664","Pyosik","JUNGLE","Sejuani","Defeat","=""1/1/3""","6.2","194","80%"
"189","GEN vs DN Freecs","32:54","685","Ruler","ADC","Jhin","Victory","=""5/1/6""","9.4","712","64.7%"
"190","HLE vs OK BRION","33:13","3195","Clozer","MID","Ahri","Defeat","=""1/2/5""","9.5","464","75%"
"190","HLE vs OK BRION","33:13","3411","Delight","SUPPORT","Rakan","Victory","=""0/2/13""","1.5","119","76.5%"
"190","HLE vs OK BRION","33:13","4217","HamBak","JUNGLE","Naafiri","Defeat","=""2/4/5""","6.1","324","87.5%"
"190","HLE vs OK BRION","33:13","3694","Hype","ADC","Jhin","Defeat","=""2/2/4""","8.8","547","75%"
"190","HLE vs OK BRION","33:13","2545","Morgan","TOP","Rumble","Defeat","=""2/4/4""","7.9","737","75%"
"190","HLE vs OK BRION","33:13","392","Peanut","JUNGLE","Poppy","Victory","=""1/1/11""","6.4","246","70.6%"
"190","HLE vs OK BRION","33:13","4865","Pollu","SUPPORT","Nautilus","Defeat","=""1/5/4""","1.1","217","62.5%"
"190","HLE vs OK BRION","33:13","1228","Viper","ADC","Xayah","Victory","=""3/2/5""","9.6","637","47.1%"
"190","HLE vs OK BRION","33:13","2906","Zeka","MID","Azir","Victory","=""2/1/9""","9.2","770","64.7%"
"190","HLE vs OK BRION","33:13","3658","Zeus","TOP","Jayce","Victory","=""11/2/4""","9.6","949","88.2%"
"191","HLE vs OK BRION","35:24","3195","Clozer","MID","Akali","Defeat","=""7/4/4""","7.9","763","64.7%"
"191","HLE vs OK BRION","35:24","3411","Delight","SUPPORT","Neeko","Victory","=""1/2/14""","1.5","485","65.2%"
"191","HLE vs OK BRION","35:24","4217","HamBak","JUNGLE","Xin Zhao","Defeat","=""4/4/10""","6.2","669","82.4%"
"191","HLE vs OK BRION","35:24","3694","Hype","ADC","Lucian","Defeat","=""6/4/5""","9.6","763","64.7%"
"191","HLE vs OK BRION","35:24","2545","Morgan","TOP","Jax","Defeat","=""0/7/7""","7.6","674","41.2%"
"191","HLE vs OK BRION","35:24","392","Peanut","JUNGLE","Nidalee","Victory","=""11/2/6""","8.0","817","73.9%"
"191","HLE vs OK BRION","35:24","4865","Pollu","SUPPORT","Braum","Defeat","=""0/4/13""","0.7","195","76.5%"
"191","HLE vs OK BRION","35:24","1228","Viper","ADC","Kaisa","Victory","=""6/2/8""","9.1","836","60.9%"
"191","HLE vs OK BRION","35:24","2906","Zeka","MID","Yone","Victory","=""3/5/10""","8.0","897","56.5%"
"191","HLE vs OK BRION","35:24","3658","Zeus","TOP","Renekton","Victory","=""2/6/10""","8.2","701","52.2%"
"192","KT Rolster vs NS","30:53","650","Bdd","MID","Corki","Defeat","=""2/1/2""","9.7","765","44.4%"
"192","KT Rolster vs NS","30:53","5058","Calix","MID","Yone","Victory","=""2/2/1""","9.6","320","30%"
"192","KT Rolster vs NS","30:53","4925","Casting","TOP","Rumble","Defeat","=""1/3/1""","7.3","597","22.2%"
"192","KT Rolster vs NS","30:53","983","Cuzz","JUNGLE","Lillia","Defeat","=""2/1/5""","7.5","507","77.8%"
"192","KT Rolster vs NS","30:53","3327","GIDEON","JUNGLE","Sejuani","Victory","=""0/3/4""","6.4","253","40%"
"192","KT Rolster vs NS","30:53","4755","Jiwoo","ADC","Ezreal","Victory","=""2/3/3""","8.9","649","50%"
"192","KT Rolster vs NS","30:53","738","Lehends","SUPPORT","Elise","Victory","=""2/1/4""","1.7","369","60%"
"192","KT Rolster vs NS","30:53","4260","Peter","SUPPORT","Neeko","Defeat","=""0/3/5""","1.3","316","55.6%"
"192","KT Rolster vs NS","30:53","2508","deokdam","ADC","Kalista","Defeat","=""4/2/4""","8.6","498","88.9%"
"192","KT Rolster vs NS","30:53","1229","kingen","TOP","Anivia","Victory","=""4/0/3""","8.5","840","70%"
"193","KT Rolster vs NS","33:00","650","Bdd","MID","Ahri","Defeat","=""5/2/7""","7.9","803","80%"
"193","KT Rolster vs NS","33:00","5058","Calix","MID","Taliyah","Victory","=""5/3/7""","7.3","632","66.7%"
"193","KT Rolster vs NS","33:00","4925","Casting","TOP","Jayce","Defeat","=""1/4/5""","7.5","761","40%"
"193","KT Rolster vs NS","33:00","983","Cuzz","JUNGLE","Pantheon","Defeat","=""4/6/7""","5.8","695","73.3%"
"193","KT Rolster vs NS","33:00","3327","GIDEON","JUNGLE","Xin Zhao","Victory","=""5/2/11""","6.7","598","88.9%"
"193","KT Rolster vs NS","33:00","4755","Jiwoo","ADC","Ashe","Victory","=""3/1/8""","8.8","638","61.1%"
"193","KT Rolster vs NS","33:00","738","Lehends","SUPPORT","Leona","Victory","=""1/8/15""","1.5","257","88.9%"
"193","KT Rolster vs NS","33:00","4260","Peter","SUPPORT","Rakan","Defeat","=""0/3/11""","1.0","141","73.3%"
"193","KT Rolster vs NS","33:00","2508","deokdam","ADC","Kaisa","Defeat","=""5/3/4""","9.2","743","60%"
"193","KT Rolster vs NS","33:00","1229","kingen","TOP","Nidalee","Victory","=""4/1/5""","7.3","488","50%"
"194","T1 vs Dplus KIA","27:13","1328","Aiming","ADC","Miss Fortune","Victory","=""5/1/11""","9.8","954","69.6%"
"194","T1 vs Dplus KIA","27:13","2184","BeryL","SUPPORT","Rell","Victory","=""4/0/18""","1.5","263","95.7%"
"194","T1 vs Dplus KIA","27:13","1242","Doran","TOP","Jayce","Defeat","=""2/5/1""","8.9","608","100%"
"194","T1 vs Dplus KIA","27:13","48","Faker","MID","Yone","Defeat","=""0/4/0""","8.7","616","0%"
"194","T1 vs Dplus KIA","27:13","3247","Gumayusi","ADC","Xayah","Defeat","=""0/5/0""","8.9","319","0%"
"194","T1 vs Dplus KIA","27:13","1258","Keria","SUPPORT","Rakan","Defeat","=""0/5/1""","1.0","81","33.3%"
"194","T1 vs Dplus KIA","27:13","3895","Lucid","JUNGLE","Viego","Victory","=""8/0/11""","7.3","695","82.6%"
"194","T1 vs Dplus KIA","27:13","3741","Oner","JUNGLE","Sejuani","Defeat","=""1/4/2""","6.2","585","100%"
"194","T1 vs Dplus KIA","27:13","1250","ShowMaker","MID","Ahri","Victory","=""3/0/10""","8.6","727","56.5%"
"194","T1 vs Dplus KIA","27:13","5392","Siwoo","TOP","Gwen","Victory","=""3/2/9""","9.4","694","52.2%"
"195","T1 vs Dplus KIA","36:15","1328","Aiming","ADC","Varus","Defeat","=""4/3/8""","9.4","852","75%"
"195","T1 vs Dplus KIA","36:15","2184","BeryL","SUPPORT","Leona","Defeat","=""3/6/6""","1.2","144","56.2%"
"195","T1 vs Dplus KIA","36:15","1242","Doran","TOP","Ornn","Victory","=""3/4/11""","7.4","348","70%"
"195","T1 vs Dplus KIA","36:15","48","Faker","MID","Azir","Victory","=""5/2/7""","8.1","595","60%"
"195","T1 vs Dplus KIA","36:15","3247","Gumayusi","ADC","Jhin","Victory","=""3/4/9""","9.5","536","60%"
"195","T1 vs Dplus KIA","36:15","1258","Keria","SUPPORT","Neeko","Victory","=""1/2/14""","1.5","433","75%"
"195","T1 vs Dplus KIA","36:15","3895","Lucid","JUNGLE","Skarner","Defeat","=""2/4/7""","5.8","311","56.2%"
"195","T1 vs Dplus KIA","36:15","3741","Oner","JUNGLE","Naafiri","Victory","=""8/4/6""","6.9","497","70%"
"195","T1 vs Dplus KIA","36:15","1250","ShowMaker","MID","Taliyah","Defeat","=""6/4/7""","8.1","579","81.2%"
"195","T1 vs Dplus KIA","36:15","5392","Siwoo","TOP","Rumble","Defeat","=""1/3/6""","8.1","464","43.8%"
"196","T1 vs Dplus KIA","44:35","1328","Aiming","ADC","Ashe","Defeat","=""4/1/6""","10.9","853","83.3%"
"196","T1 vs Dplus KIA","44:35","2184","BeryL","SUPPORT","Poppy","Defeat","=""0/4/6""","1.2","183","50%"
"196","T1 vs Dplus KIA","44:35","1242","Doran","TOP","Renekton","Victory","=""2/3/4""","8.6","547","37.5%"
"196","T1 vs Dplus KIA","44:35","48","Faker","MID","Viktor","Victory","=""5/3/7""","8.5","752","75%"
"196","T1 vs Dplus KIA","44:35","3247","Gumayusi","ADC","Lucian","Victory","=""7/2/6""","9.7","1028","81.2%"
"196","T1 vs Dplus KIA","44:35","1258","Keria","SUPPORT","Braum","Victory","=""1/3/14""","0.8","206","93.8%"
"196","T1 vs Dplus KIA","44:35","3895","Lucid","JUNGLE","Pantheon","Defeat","=""2/4/7""","6.2","378","75%"
"196","T1 vs Dplus KIA","44:35","3741","Oner","JUNGLE","Lillia","Victory","=""1/2/15""","7.5","755","100%"
"196","T1 vs Dplus KIA","44:35","1250","ShowMaker","MID","Sylas","Defeat","=""4/3/4""","7.2","432","66.7%"
"196","T1 vs Dplus KIA","44:35","5392","Siwoo","TOP","Aatrox","Defeat","=""2/4/8""","8.4","782","83.3%"
"197","DN Freecs vs BNK FearX","28:55","3322","Berserker","ADC","Draven","Defeat","=""3/3/2""","9.3","644","71.4%"
"197","DN Freecs vs BNK FearX","28:55","3421","Clear","TOP","Renekton","Victory","=""4/0/7""","10.4","547","73.3%"
"197","DN Freecs vs BNK FearX","28:55","4943","Diable","ADC","Kalista","Victory","=""2/1/11""","9.3","609","86.7%"
"197","DN Freecs vs BNK FearX","28:55","3082","DuDu","TOP","KSante","Defeat","=""2/2/2""","8.4","525","57.1%"
"197","DN Freecs vs BNK FearX","28:55","1971","Kellin","SUPPORT","Ashe","Victory","=""1/3/12""","1.4","360","86.7%"
"197","DN Freecs vs BNK FearX","28:55","1906","Life","SUPPORT","Renata Glasc","Defeat","=""0/3/5""","1.1","167","71.4%"
"197","DN Freecs vs BNK FearX","28:55","5393","Pungyeon","MID","Ahri","Defeat","=""1/4/2""","8.9","500","42.9%"
"197","DN Freecs vs BNK FearX","28:55","2664","Pyosik","JUNGLE","Skarner","Defeat","=""1/3/5""","5.7","395","85.7%"
"197","DN Freecs vs BNK FearX","28:55","4233","Raptor","JUNGLE","Lillia","Victory","=""6/1/7""","7.8","588","86.7%"
"197","DN Freecs vs BNK FearX","28:55","3326","Vicla","MID","Ryze","Victory","=""2/2/11""","10.3","807","86.7%"
"198","DN Freecs vs BNK FearX","30:07","3322","Berserker","ADC","Miss Fortune","Defeat","=""0/3/0""","7.7","252","0%"
"198","DN Freecs vs BNK FearX","30:07","3421","Clear","TOP","Jax","Victory","=""6/0/5""","8.2","735","73.3%"
"198","DN Freecs vs BNK FearX","30:07","4943","Diable","ADC","Lucian","Victory","=""1/1/9""","9.2","728","66.7%"
"198","DN Freecs vs BNK FearX","30:07","3082","DuDu","TOP","Gragas","Defeat","=""0/2/2""","8.2","463","40%"
"198","DN Freecs vs BNK FearX","30:07","1971","Kellin","SUPPORT","Alistar","Victory","=""1/0/8""","0.7","142","60%"
"198","DN Freecs vs BNK FearX","30:07","1906","Life","SUPPORT","Rakan","Defeat","=""0/2/3""","0.9","154","60%"
"198","DN Freecs vs BNK FearX","30:07","5393","Pungyeon","MID","Orianna","Defeat","=""1/6/3""","8.3","573","80%"
"198","DN Freecs vs BNK FearX","30:07","2664","Pyosik","JUNGLE","Naafiri","Defeat","=""4/2/1""","8.0","509","100%"
"198","DN Freecs vs BNK FearX","30:07","4233","Raptor","JUNGLE","Pantheon","Victory","=""5/3/7""","6.5","568","80%"
"198","DN Freecs vs BNK FearX","30:07","3326","Vicla","MID","Viktor","Victory","=""2/1/8""","7.8","633","66.7%"
"199","DN Freecs vs BNK FearX","40:03","3322","Berserker","ADC","Kaisa","Victory","=""5/2/7""","8.5","554","70.6%"
"199","DN Freecs vs BNK FearX","40:03","3421","Clear","TOP","Jayce","Defeat","=""5/5/6""","8.2","752","61.1%"
"199","DN Freecs vs BNK FearX","40:03","4943","Diable","ADC","Ezreal","Defeat","=""5/3/4""","9.1","1030","50%"
"199","DN Freecs vs BNK FearX","40:03","3082","DuDu","TOP","Ambessa","Victory","=""1/3/8""","6.9","446","52.9%"
"199","DN Freecs vs BNK FearX","40:03","1971","Kellin","SUPPORT","Karma","Defeat","=""0/3/7""","0.8","303","38.9%"
"199","DN Freecs vs BNK FearX","40:03","1906","Life","SUPPORT","Neeko","Victory","=""2/8/6""","0.8","294","47.1%"
"199","DN Freecs vs BNK FearX","40:03","5393","Pungyeon","MID","Taliyah","Victory","=""5/1/7""","9.3","950","70.6%"
"199","DN Freecs vs BNK FearX","40:03","2664","Pyosik","JUNGLE","Xin Zhao","Victory","=""4/4/6""","6.1","423","58.8%"
"199","DN Freecs vs BNK FearX","40:03","4233","Raptor","JUNGLE","Poppy","Defeat","=""5/3/8""","4.8","383","72.2%"
"199","DN Freecs vs BNK FearX","40:03","3326","Vicla","MID","Azir","Defeat","=""3/3/7""","8.3","785","55.6%"
"200","DRX vs GEN","28:03","4938","Andil","SUPPORT","Leona","Defeat","=""0/4/1""","1.1","84","33.3%"
"200","DRX vs GEN","28:03","1909","Canyon","JUNGLE","Naafiri","Victory","=""5/0/11""","7.7","537","69.6%"
"200","DRX vs GEN","28:03","1629","Chovy","MID","Ahri","Victory","=""6/0/8""","10.8","607","60.9%"
"200","DRX vs GEN","28:03","4259","Duro","SUPPORT","Poppy","Victory","=""0/1/14""","0.7","250","60.9%"
"200","DRX vs GEN","28:03","1115","Kiin","TOP","Rumble","Victory","=""8/2/11""","7.9","671","82.6%"
"200","DRX vs GEN","28:03","1613","Rich","TOP","Jayce","Defeat","=""2/7/1""","7.7","471","100%"
"200","DRX vs GEN","28:03","685","Ruler","ADC","Jhin","Victory","=""4/0/13""","10.1","692","73.9%"
"200","DRX vs GEN","28:03","4753","Sponge","JUNGLE","Skarner","Defeat","=""0/5/3""","5.3","379","100%"
"200","DRX vs GEN","28:03","799","Teddy","ADC","Ezreal","Defeat","=""0/2/0""","9.8","325","0%"
"200","DRX vs GEN","28:03","1504","Ucal","MID","Azir","Defeat","=""1/5/0""","8.4","459","33.3%"
"201","DRX vs GEN","29:32","4938","Andil","SUPPORT","Braum","Defeat","=""0/5/0""","0.9","132","0%"
"201","DRX vs GEN","29:32","1909","Canyon","JUNGLE","Nidalee","Victory","=""6/0/10""","8.5","673","84.2%"
"201","DRX vs GEN","29:32","1629","Chovy","MID","Galio","Victory","=""5/0/11""","9.9","657","84.2%"
"201","DRX vs GEN","29:32","4259","Duro","SUPPORT","Alistar","Victory","=""0/0/16""","0.6","187","84.2%"
"201","DRX vs GEN","29:32","1115","Kiin","TOP","Renekton","Victory","=""1/0/6""","9.2","517","36.8%"
"201","DRX vs GEN","29:32","1613","Rich","TOP","Yorick","Defeat","=""0/1/0""","9.5","529","0%"
"201","DRX vs GEN","29:32","685","Ruler","ADC","Miss Fortune","Victory","=""7/0/6""","10.6","822","68.4%"
"201","DRX vs GEN","29:32","4753","Sponge","JUNGLE","Lillia","Defeat","=""0/5/0""","6.5","393","0%"
"201","DRX vs GEN","29:32","799","Teddy","ADC","Varus","Defeat","=""0/3/0""","8.5","430","0%"
"201","DRX vs GEN","29:32","1504","Ucal","MID","Ryze","Defeat","=""0/5/0""","9.0","369","0%"
"202","Dplus KIA vs HLE","33:12","1328","Aiming","ADC","Miss Fortune","Defeat","=""4/3/6""","8.9","846","83.3%"
"202","Dplus KIA vs HLE","33:12","2184","BeryL","SUPPORT","Leona","Defeat","=""0/6/8""","1.3","211","66.7%"
"202","Dplus KIA vs HLE","33:12","3411","Delight","SUPPORT","Alistar","Victory","=""2/4/15""","1.1","180","81%"
"202","Dplus KIA vs HLE","33:12","3895","Lucid","JUNGLE","Viego","Defeat","=""5/6/3""","6.0","377","66.7%"
"202","Dplus KIA vs HLE","33:12","392","Peanut","JUNGLE","Wukong","Victory","=""3/3/10""","6.6","373","61.9%"
"202","Dplus KIA vs HLE","33:12","1250","ShowMaker","MID","Viktor","Defeat","=""2/3/5""","7.0","784","58.3%"
"202","Dplus KIA vs HLE","33:12","5392","Siwoo","TOP","Sion","Defeat","=""1/3/3""","6.4","507","33.3%"
"202","Dplus KIA vs HLE","33:12","1228","Viper","ADC","Jhin","Victory","=""6/1/9""","8.9","911","71.4%"
"202","Dplus KIA vs HLE","33:12","2906","Zeka","MID","Taliyah","Victory","=""5/1/11""","8.6","1012","76.2%"
"202","Dplus KIA vs HLE","33:12","3658","Zeus","TOP","Gnar","Victory","=""5/3/9""","7.1","896","66.7%"
"203","Dplus KIA vs HLE","34:34","1328","Aiming","ADC","Corki","Defeat","=""2/1/3""","10.6","574","71.4%"
"203","Dplus KIA vs HLE","34:34","2184","BeryL","SUPPORT","Braum","Defeat","=""0/3/6""","1.1","172","85.7%"
"203","Dplus KIA vs HLE","34:34","3411","Delight","SUPPORT","Gragas","Victory","=""0/2/11""","1.4","190","91.7%"
"203","Dplus KIA vs HLE","34:34","3895","Lucid","JUNGLE","Nidalee","Defeat","=""2/1/4""","6.9","691","85.7%"
"203","Dplus KIA vs HLE","34:34","392","Peanut","JUNGLE","Sejuani","Victory","=""3/1/7""","6.1","396","83.3%"
"203","Dplus KIA vs HLE","34:34","1250","ShowMaker","MID","Pantheon","Defeat","=""1/4/4""","6.8","338","71.4%"
"203","Dplus KIA vs HLE","34:34","5392","Siwoo","TOP","Renekton","Defeat","=""2/3/1""","9.4","628","42.9%"
"203","Dplus KIA vs HLE","34:34","1228","Viper","ADC","Kalista","Victory","=""4/0/6""","10.0","540","83.3%"
"203","Dplus KIA vs HLE","34:34","2906","Zeka","MID","Yone","Victory","=""3/2/7""","9.3","642","83.3%"
"203","Dplus KIA vs HLE","34:34","3658","Zeus","TOP","Jax","Victory","=""2/2/6""","9.2","582","66.7%"
"204","Dplus KIA vs HLE","35:12","1328","Aiming","ADC","Ezreal","Victory","=""7/0/3""","10.0","527","58.8%"
"204","Dplus KIA vs HLE","35:12","2184","BeryL","SUPPORT","Rell","Victory","=""2/4/11""","1.0","175","76.5%"
"204","Dplus KIA vs HLE","35:12","3411","Delight","SUPPORT","Nautilus","Defeat","=""1/5/1""","1.2","100","25%"
"204","Dplus KIA vs HLE","35:12","3895","Lucid","JUNGLE","Poppy","Victory","=""3/1/9""","5.3","379","70.6%"
"204","Dplus KIA vs HLE","35:12","392","Peanut","JUNGLE","Naafiri","Defeat","=""2/2/5""","8.1","358","87.5%"
"204","Dplus KIA vs HLE","35:12","1250","ShowMaker","MID","Azir","Victory","=""3/3/1""","10.1","604","23.5%"
"204","Dplus KIA vs HLE","35:12","5392","Siwoo","TOP","Ambessa","Victory","=""2/0/6""","9.7","495","47.1%"
"204","Dplus KIA vs HLE","35:12","1228","Viper","ADC","Varus","Defeat","=""1/2/5""","9.1","789","75%"
"204","Dplus KIA vs HLE","35:12","2906","Zeka","MID","Ahri","Defeat","=""2/2/1""","8.7","348","37.5%"
"204","Dplus KIA vs HLE","35:12","3658","Zeus","TOP","Rumble","Defeat","=""2/6/4""","8.1","507","75%"
"205","OK BRION vs T1","25:03","3195","Clozer","MID","Ahri","Defeat","=""1/2/2""","9.6","675","42.9%"
"205","OK BRION vs T1","25:03","1242","Doran","TOP","Gwen","Victory","=""5/1/3""","7.9","893","38.1%"
"205","OK BRION vs T1","25:03","48","Faker","MID","Sylas","Victory","=""4/0/6""","7.3","678","47.6%"
"205","OK BRION vs T1","25:03","3247","Gumayusi","ADC","Xayah","Victory","=""1/1/7""","9.0","483","38.1%"
"205","OK BRION vs T1","25:03","4217","HamBak","JUNGLE","Naafiri","Defeat","=""1/6/3""","6.4","357","57.1%"
"205","OK BRION vs T1","25:03","3694","Hype","ADC","Ezreal","Defeat","=""0/1/4""","9.2","491","57.1%"
"205","OK BRION vs T1","25:03","1258","Keria","SUPPORT","Elise","Victory","=""4/3/8""","1.2","428","57.1%"
"205","OK BRION vs T1","25:03","2545","Morgan","TOP","Ambessa","Defeat","=""4/7/0""","6.9","672","57.1%"
"205","OK BRION vs T1","25:03","3741","Oner","JUNGLE","Pantheon","Victory","=""7/2/9""","7.7","828","76.2%"
"205","OK BRION vs T1","25:03","4865","Pollu","SUPPORT","Rell","Defeat","=""1/5/3""","1.3","146","57.1%"
"206","OK BRION vs T1","35:39","3195","Clozer","MID","Taliyah","Victory","=""3/5/10""","8.5","881","61.9%"
"206","OK BRION vs T1","35:39","1242","Doran","TOP","Sion","Defeat","=""2/2/4""","8.2","447","54.5%"
"206","OK BRION vs T1","35:39","48","Faker","MID","Galio","Defeat","=""1/5/9""","7.0","429","90.9%"
"206","OK BRION vs T1","35:39","3247","Gumayusi","ADC","Lucian","Defeat","=""3/4/4""","10.8","658","63.6%"
"206","OK BRION vs T1","35:39","4217","HamBak","JUNGLE","Wukong","Victory","=""3/2/14""","6.3","427","81%"
"206","OK BRION vs T1","35:39","3694","Hype","ADC","Miss Fortune","Victory","=""11/1/3""","10.1","1005","66.7%"
"206","OK BRION vs T1","35:39","1258","Keria","SUPPORT","Alistar","Defeat","=""0/4/6""","1.0","131","54.5%"
"206","OK BRION vs T1","35:39","2545","Morgan","TOP","Yorick","Victory","=""3/0/7""","9.3","789","47.6%"
"206","OK BRION vs T1","35:39","3741","Oner","JUNGLE","Viego","Defeat","=""5/6/2""","6.7","345","63.6%"
"206","OK BRION vs T1","35:39","4865","Pollu","SUPPORT","Nautilus","Victory","=""1/3/13""","0.9","182","66.7%"
"207","OK BRION vs T1","38:42","3195","Clozer","MID","Yone","Victory","=""3/2/7""","9.9","714","76.9%"
"207","OK BRION vs T1","38:42","1242","Doran","TOP","Aurora","Defeat","=""3/2/5""","8.1","566","50%"
"207","OK BRION vs T1","38:42","48","Faker","MID","Viktor","Defeat","=""4/4/6""","8.4","783","62.5%"
"207","OK BRION vs T1","38:42","3247","Gumayusi","ADC","Varus","Defeat","=""7/2/5""","9.4","781","75%"
"207","OK BRION vs T1","38:42","4217","HamBak","JUNGLE","Sejuani","Victory","=""0/3/7""","6.0","319","53.8%"
"207","OK BRION vs T1","38:42","3694","Hype","ADC","Jhin","Victory","=""3/4/6""","9.8","788","69.2%"
"207","OK BRION vs T1","38:42","1258","Keria","SUPPORT","Poppy","Defeat","=""0/3/11""","1.3","365","68.8%"
"207","OK BRION vs T1","38:42","2545","Morgan","TOP","Rumble","Victory","=""6/4/2""","7.4","1046","61.5%"
"207","OK BRION vs T1","38:42","3741","Oner","JUNGLE","Skarner","Defeat","=""2/2/11""","6.1","547","81.2%"
"207","OK BRION vs T1","38:42","4865","Pollu","SUPPORT","Rakan","Victory","=""1/3/3""","1.0","117","30.8%"
"208","BNK FearX vs HLE","31:00","3421","Clear","TOP","Jax","Defeat","=""0/5/3""","8.4","294","27.3%"
"208","BNK FearX vs HLE","31:00","3411","Delight","SUPPORT","Renata Glasc","Victory","=""1/3/12""","1.6","193","72.2%"
"208","BNK FearX vs HLE","31:00","4943","Diable","ADC","Kalista","Defeat","=""8/3/2""","9.5","631","90.9%"
"208","BNK FearX vs HLE","31:00","1971","Kellin","SUPPORT","Neeko","Defeat","=""1/4/6""","0.9","359","63.6%"
"208","BNK FearX vs HLE","31:00","392","Peanut","JUNGLE","Poppy","Victory","=""1/3/7""","7.1","251","44.4%"
"208","BNK FearX vs HLE","31:00","4233","Raptor","JUNGLE","Skarner","Defeat","=""1/2/7""","5.1","427","72.7%"
"208","BNK FearX vs HLE","31:00","3326","Vicla","MID","Viktor","Defeat","=""1/4/5""","8.2","587","54.5%"
"208","BNK FearX vs HLE","31:00","1228","Viper","ADC","Ashe","Victory","=""8/2/2""","10.8","897","55.6%"
"208","BNK FearX vs HLE","31:00","2906","Zeka","MID","Sylas","Victory","=""4/2/6""","8.5","702","55.6%"
"208","BNK FearX vs HLE","31:00","3658","Zeus","TOP","Kennen","Victory","=""4/3/4""","9.1","932","44.4%"
"209","BNK FearX vs HLE","34:50","3421","Clear","TOP","Jayce","Defeat","=""3/3/2""","8.5","728","71.4%"
"209","BNK FearX vs HLE","34:50","3411","Delight","SUPPORT","Rakan","Victory","=""1/1/14""","0.8","158","100%"
"209","BNK FearX vs HLE","34:50","4943","Diable","ADC","Kaisa","Defeat","=""2/5/3""","8.7","430","71.4%"
"209","BNK FearX vs HLE","34:50","1971","Kellin","SUPPORT","Alistar","Defeat","=""0/3/6""","0.9","165","85.7%"
"209","BNK FearX vs HLE","34:50","392","Peanut","JUNGLE","Xin Zhao","Victory","=""2/1/11""","6.7","372","86.7%"
"209","BNK FearX vs HLE","34:50","4233","Raptor","JUNGLE","Sejuani","Defeat","=""0/3/6""","5.1","395","85.7%"
"209","BNK FearX vs HLE","34:50","3326","Vicla","MID","Taliyah","Defeat","=""2/1/5""","8.4","892","100%"
"209","BNK FearX vs HLE","34:50","1228","Viper","ADC","Varus","Victory","=""3/2/6""","9.3","547","60%"
"209","BNK FearX vs HLE","34:50","2906","Zeka","MID","Ryze","Victory","=""2/2/8""","8.2","532","66.7%"
"209","BNK FearX vs HLE","34:50","3658","Zeus","TOP","Gwen","Victory","=""7/1/6""","9.2","769","86.7%"
"210","NS vs Dplus KIA","30:01","1328","Aiming","ADC","Ezreal","Defeat","=""1/3/0""","9.6","621","33.3%"
"210","NS vs Dplus KIA","30:01","2184","BeryL","SUPPORT","Bard","Defeat","=""0/4/1""","2.3","132","33.3%"
"210","NS vs Dplus KIA","30:01","5058","Calix","MID","Sylas","Victory","=""3/1/5""","8.7","446","53.3%"
"210","NS vs Dplus KIA","30:01","3327","GIDEON","JUNGLE","Lillia","Victory","=""4/0/9""","7.9","741","86.7%"
"210","NS vs Dplus KIA","30:01","4755","Jiwoo","ADC","Miss Fortune","Victory","=""4/0/4""","10.3","747","53.3%"
"210","NS vs Dplus KIA","30:01","738","Lehends","SUPPORT","Lulu","Victory","=""2/1/11""","1.1","250","86.7%"
"210","NS vs Dplus KIA","30:01","3895","Lucid","JUNGLE","Skarner","Defeat","=""0/5/2""","6.5","394","66.7%"
"210","NS vs Dplus KIA","30:01","1250","ShowMaker","MID","Syndra","Defeat","=""1/3/1""","8.8","605","66.7%"
"210","NS vs Dplus KIA","30:01","5392","Siwoo","TOP","Gwen","Defeat","=""1/0/1""","9.7","647","66.7%"
"210","NS vs Dplus KIA","30:01","1229","kingen","TOP","Ambessa","Victory","=""2/1/6""","9.0","562","53.3%"
"211","NS vs Dplus KIA","32:57","1328","Aiming","ADC","Kalista","Defeat","=""2/4/3""","9.0","351","38.5%"
"211","NS vs Dplus KIA","32:57","2184","BeryL","SUPPORT","Neeko","Defeat","=""0/5/5""","0.9","337","38.5%"
"211","NS vs Dplus KIA","32:57","5058","Calix","MID","Taliyah","Victory","=""4/1/10""","7.8","581","73.7%"
"211","NS vs Dplus KIA","32:57","3327","GIDEON","JUNGLE","Poppy","Victory","=""6/3/7""","6.1","313","68.4%"
"211","NS vs Dplus KIA","32:57","4755","Jiwoo","ADC","Varus","Victory","=""1/2/10""","7.7","771","57.9%"
"211","NS vs Dplus KIA","32:57","738","Lehends","SUPPORT","Elise","Victory","=""0/5/8""","0.8","367","42.1%"
"211","NS vs Dplus KIA","32:57","3895","Lucid","JUNGLE","Wukong","Defeat","=""3/5/9""","5.7","429","92.3%"
"211","NS vs Dplus KIA","32:57","1250","ShowMaker","MID","Ahri","Defeat","=""5/3/2""","8.1","512","53.8%"
"211","NS vs Dplus KIA","32:57","5392","Siwoo","TOP","Yorick","Defeat","=""3/2/3""","8.2","582","46.2%"
"211","NS vs Dplus KIA","32:57","1229","kingen","TOP","Jayce","Victory","=""8/2/2""","9.1","1072","52.6%"
"212","NS vs Dplus KIA","38:50","1328","Aiming","ADC","Xayah","Victory","=""2/3/11""","10.7","689","81.2%"
"212","NS vs Dplus KIA","38:50","2184","BeryL","SUPPORT","Alistar","Victory","=""1/7/14""","1.0","183","93.8%"
"212","NS vs Dplus KIA","38:50","5058","Calix","MID","Yone","Defeat","=""8/3/5""","9.3","753","76.5%"
"212","NS vs Dplus KIA","38:50","3327","GIDEON","JUNGLE","Sejuani","Defeat","=""2/1/13""","6.3","393","88.2%"
"212","NS vs Dplus KIA","38:50","4755","Jiwoo","ADC","Kaisa","Defeat","=""2/3/7""","8.8","694","52.9%"
"212","NS vs Dplus KIA","38:50","738","Lehends","SUPPORT","Nautilus","Defeat","=""0/7/13""","0.7","211","76.5%"
"212","NS vs Dplus KIA","38:50","3895","Lucid","JUNGLE","Xin Zhao","Victory","=""4/4/7""","5.9","469","68.8%"
"212","NS vs Dplus KIA","38:50","1250","ShowMaker","MID","Ryze","Victory","=""4/2/8""","8.5","406","75%"
"212","NS vs Dplus KIA","38:50","5392","Siwoo","TOP","Aurora","Victory","=""5/1/4""","7.9","628","56.2%"
"212","NS vs Dplus KIA","38:50","1229","kingen","TOP","Rumble","Defeat","=""5/2/4""","8.1","837","52.9%"
"213","GEN vs KT Rolster","30:02","650","Bdd","MID","Azir","Defeat","=""3/2/0""","9.4","779","60%"
"213","GEN vs KT Rolster","30:02","1909","Canyon","JUNGLE","Xin Zhao","Victory","=""3/1/12""","6.9","454","75%"
"213","GEN vs KT Rolster","30:02","4925","Casting","TOP","Sion","Defeat","=""0/2/3""","6.7","345","60%"
"213","GEN vs KT Rolster","30:02","1629","Chovy","MID","Taliyah","Victory","=""3/2/7""","10.2","804","50%"
"213","GEN vs KT Rolster","30:02","983","Cuzz","JUNGLE","Naafiri","Defeat","=""2/4/1""","6.2","498","60%"
"213","GEN vs KT Rolster","30:02","4259","Duro","SUPPORT","Rakan","Victory","=""1/1/15""","0.8","164","80%"
"213","GEN vs KT Rolster","30:02","1115","Kiin","TOP","Jayce","Victory","=""7/1/5""","8.2","846","60%"
"213","GEN vs KT Rolster","30:02","4260","Peter","SUPPORT","Poppy","Defeat","=""0/7/3""","0.8","241","60%"
"213","GEN vs KT Rolster","30:02","685","Ruler","ADC","Xayah","Victory","=""6/0/6""","9.4","804","60%"
"213","GEN vs KT Rolster","30:02","2508","deokdam","ADC","Jhin","Defeat","=""0/5/3""","8.9","373","60%"
"214","GEN vs KT Rolster","31:58","650","Bdd","MID","Yone","Defeat","=""3/3/2""","8.6","383","55.6%"
"214","GEN vs KT Rolster","31:58","1909","Canyon","JUNGLE","Skarner","Victory","=""2/3/7""","6.4","336","56.2%"
"214","GEN vs KT Rolster","31:58","4925","Casting","TOP","Rumble","Defeat","=""2/4/3""","7.0","689","55.6%"
"214","GEN vs KT Rolster","31:58","1629","Chovy","MID","Viktor","Victory","=""7/1/6""","8.7","779","81.2%"
"214","GEN vs KT Rolster","31:58","983","Cuzz","JUNGLE","Lillia","Defeat","=""2/2/5""","8.2","515","77.8%"
"214","GEN vs KT Rolster","31:58","4259","Duro","SUPPORT","Braum","Victory","=""0/3/12""","0.5","194","75%"
"214","GEN vs KT Rolster","31:58","1115","Kiin","TOP","Ryze","Victory","=""2/1/5""","9.2","555","43.8%"
"214","GEN vs KT Rolster","31:58","4260","Peter","SUPPORT","Rell","Defeat","=""1/4/5""","1.0","161","66.7%"
"214","GEN vs KT Rolster","31:58","685","Ruler","ADC","Ashe","Victory","=""5/1/9""","10.3","639","87.5%"
"214","GEN vs KT Rolster","31:58","2508","deokdam","ADC","Ezreal","Defeat","=""1/3/4""","8.9","496","55.6%"
"215","OK BRION vs DRX","24:42","4938","Andil","SUPPORT","Alistar","Victory","=""0/2/14""","1.3","133","70%"
"215","OK BRION vs DRX","24:42","3195","Clozer","MID","Azir","Defeat","=""0/4/4""","9.3","407","57.1%"
"215","OK BRION vs DRX","24:42","4217","HamBak","JUNGLE","Xin Zhao","Defeat","=""1/6/4""","6.8","308","71.4%"
"215","OK BRION vs DRX","24:42","3694","Hype","ADC","Jhin","Defeat","=""3/2/1""","10.0","418","57.1%"
"215","OK BRION vs DRX","24:42","5919","LazyFeel","ADC","Kalista","Victory","=""3/0/5""","9.9","221","40%"
"215","OK BRION vs DRX","24:42","2545","Morgan","TOP","Rumble","Defeat","=""3/3/0""","8.1","371","42.9%"
"215","OK BRION vs DRX","24:42","4865","Pollu","SUPPORT","Nautilus","Defeat","=""0/5/7""","1.2","138","100%"
"215","OK BRION vs DRX","24:42","1613","Rich","TOP","Aurora","Victory","=""6/2/7""","8.7","730","65%"
"215","OK BRION vs DRX","24:42","4753","Sponge","JUNGLE","Nocturne","Victory","=""6/2/13""","7.3","515","95%"
"215","OK BRION vs DRX","24:42","1504","Ucal","MID","Taliyah","Victory","=""5/1/13""","9.0","628","90%"
"216","OK BRION vs DRX","30:30","4938","Andil","SUPPORT","Rell","Defeat","=""1/6/9""","0.9","188","76.9%"
"216","OK BRION vs DRX","30:30","3195","Clozer","MID","Ahri","Victory","=""5/1/10""","10.0","743","83.3%"
"216","OK BRION vs DRX","30:30","4217","HamBak","JUNGLE","Wukong","Victory","=""2/3/12""","7.1","384","77.8%"
"216","OK BRION vs DRX","30:30","3694","Hype","ADC","Varus","Victory","=""9/3/7""","9.1","844","88.9%"
"216","OK BRION vs DRX","30:30","5919","LazyFeel","ADC","Miss Fortune","Defeat","=""1/4/11""","9.0","734","92.3%"
"216","OK BRION vs DRX","30:30","2545","Morgan","TOP","Sion","Victory","=""2/1/7""","9.3","591","50%"
"216","OK BRION vs DRX","30:30","4865","Pollu","SUPPORT","Braum","Victory","=""0/5/18""","0.8","227","100%"
"216","OK BRION vs DRX","30:30","1613","Rich","TOP","Renekton","Defeat","=""3/3/2""","8.4","500","38.5%"
"216","OK BRION vs DRX","30:30","4753","Sponge","JUNGLE","Lillia","Defeat","=""3/2/6""","7.4","627","69.2%"
"216","OK BRION vs DRX","30:30","1504","Ucal","MID","Ryze","Defeat","=""5/3/5""","10.1","795","76.9%"
"217","OK BRION vs DRX","31:51","4938","Andil","SUPPORT","Elise","Victory","=""2/2/3""","1.0","272","62.5%"
"217","OK BRION vs DRX","31:51","3195","Clozer","MID","Orianna","Defeat","=""1/1/2""","9.3","439","100%"
"217","OK BRION vs DRX","31:51","4217","HamBak","JUNGLE","Sejuani","Defeat","=""0/2/1""","3.9","111","33.3%"
"217","OK BRION vs DRX","31:51","3694","Hype","ADC","Jinx","Defeat","=""0/0/2""","11.3","285","66.7%"
"217","OK BRION vs DRX","31:51","5919","LazyFeel","ADC","Caitlyn","Victory","=""2/0/2""","10.9","493","50%"
"217","OK BRION vs DRX","31:51","2545","Morgan","TOP","Ambessa","Defeat","=""2/4/0""","7.9","278","66.7%"
"217","OK BRION vs DRX","31:51","4865","Pollu","SUPPORT","Rakan","Defeat","=""0/1/2""","0.9","40","66.7%"
"217","OK BRION vs DRX","31:51","1613","Rich","TOP","Jayce","Victory","=""1/1/5""","9.0","655","75%"
"217","OK BRION vs DRX","31:51","4753","Sponge","JUNGLE","Poppy","Victory","=""2/0/5""","6.8","213","87.5%"
"217","OK BRION vs DRX","31:51","1504","Ucal","MID","Viktor","Victory","=""1/0/3""","10.0","505","50%"
"218","HLE vs NS","27:02","5058","Calix","MID","Ryze","Defeat","=""1/5/3""","8.8","354","80%"
"218","HLE vs NS","27:02","3411","Delight","SUPPORT","Pantheon","Victory","=""3/2/8""","1.2","398","45.8%"
"218","HLE vs NS","27:02","3327","GIDEON","JUNGLE","Skarner","Defeat","=""0/6/4""","5.3","245","80%"
"218","HLE vs NS","27:02","4755","Jiwoo","ADC","Caitlyn","Defeat","=""3/2/0""","9.4","607","60%"
"218","HLE vs NS","27:02","738","Lehends","SUPPORT","Elise","Defeat","=""1/8/1""","1.0","235","40%"
"218","HLE vs NS","27:02","392","Peanut","JUNGLE","Sejuani","Victory","=""2/1/12""","6.7","515","58.3%"
"218","HLE vs NS","27:02","1228","Viper","ADC","Varus","Victory","=""8/0/8""","8.2","850","66.7%"
"218","HLE vs NS","27:02","2906","Zeka","MID","Taliyah","Victory","=""5/0/7""","9.7","681","50%"
"218","HLE vs NS","27:02","3658","Zeus","TOP","Jayce","Victory","=""6/2/6""","8.8","912","50%"
"218","HLE vs NS","27:02","1229","kingen","TOP","Gwen","Defeat","=""0/3/1""","9.1","459","20%"
"219","HLE vs NS","42:30","5058","Calix","MID","Ahri","Defeat","=""12/2/10""","8.9","1233","91.7%"
"219","HLE vs NS","42:30","3411","Delight","SUPPORT","Rakan","Victory","=""1/5/16""","1.0","223","70.8%"
"219","HLE vs NS","42:30","3327","GIDEON","JUNGLE","Xin Zhao","Defeat","=""4/6/15""","5.6","622","79.2%"
"219","HLE vs NS","42:30","4755","Jiwoo","ADC","Zeri","Defeat","=""6/3/10""","9.9","734","66.7%"
"219","HLE vs NS","42:30","738","Lehends","SUPPORT","Alistar","Defeat","=""0/8/20""","0.6","186","83.3%"
"219","HLE vs NS","42:30","392","Peanut","JUNGLE","Maokai","Victory","=""3/6/16""","4.4","531","79.2%"
"219","HLE vs NS","42:30","1228","Viper","ADC","Xayah","Victory","=""5/3/7""","11.3","760","50%"
"219","HLE vs NS","42:30","2906","Zeka","MID","Yone","Victory","=""7/5/8""","9.7","873","62.5%"
"219","HLE vs NS","42:30","3658","Zeus","TOP","Nidalee","Victory","=""8/5/8""","7.7","946","66.7%"
"219","HLE vs NS","42:30","1229","kingen","TOP","Ambessa","Defeat","=""2/5/8""","7.6","478","41.7%"
"220","T1 vs DN Freecs","27:53","3322","Berserker","ADC","Varus","Defeat","=""1/2/5""","10.7","493","85.7%"
"220","T1 vs DN Freecs","27:53","1242","Doran","TOP","Gnar","Victory","=""4/2/8""","9.3","969","60%"
"220","T1 vs DN Freecs","27:53","3082","DuDu","TOP","Jax","Defeat","=""0/4/3""","7.9","395","42.9%"
"220","T1 vs DN Freecs","27:53","48","Faker","MID","Viktor","Victory","=""3/1/7""","9.5","731","50%"
"220","T1 vs DN Freecs","27:53","3247","Gumayusi","ADC","Jhin","Victory","=""4/1/7""","10.1","682","55%"
"220","T1 vs DN Freecs","27:53","1258","Keria","SUPPORT","Leona","Victory","=""2/1/10""","1.0","204","60%"
"220","T1 vs DN Freecs","27:53","1906","Life","SUPPORT","Rell","Defeat","=""0/5/5""","1.0","102","71.4%"
"220","T1 vs DN Freecs","27:53","3741","Oner","JUNGLE","Pantheon","Victory","=""7/2/6""","8.6","644","65%"
"220","T1 vs DN Freecs","27:53","5393","Pungyeon","MID","Ryze","Defeat","=""2/5/3""","8.2","477","71.4%"
"220","T1 vs DN Freecs","27:53","2664","Pyosik","JUNGLE","Viego","Defeat","=""4/4/2""","6.2","305","85.7%"
"221","T1 vs DN Freecs","31:17","3322","Berserker","ADC","Tristana","Defeat","=""2/2/4""","9.3","413","75%"
"221","T1 vs DN Freecs","31:17","1242","Doran","TOP","Rumble","Victory","=""4/1/6""","7.5","622","62.5%"
"221","T1 vs DN Freecs","31:17","3082","DuDu","TOP","Gwen","Defeat","=""3/5/3""","8.3","511","75%"
"221","T1 vs DN Freecs","31:17","48","Faker","MID","Azir","Victory","=""1/1/10""","9.9","686","68.8%"
"221","T1 vs DN Freecs","31:17","3247","Gumayusi","ADC","Xayah","Victory","=""5/3/7""","9.0","683","75%"
"221","T1 vs DN Freecs","31:17","1258","Keria","SUPPORT","Rakan","Victory","=""0/1/14""","1.0","194","87.5%"
"221","T1 vs DN Freecs","31:17","1906","Life","SUPPORT","Alistar","Defeat","=""1/4/6""","0.7","130","87.5%"
"221","T1 vs DN Freecs","31:17","3741","Oner","JUNGLE","Xin Zhao","Victory","=""6/2/8""","7.8","795","87.5%"
"221","T1 vs DN Freecs","31:17","5393","Pungyeon","MID","Orianna","Defeat","=""0/4/2""","9.0","390","25%"
"221","T1 vs DN Freecs","31:17","2664","Pyosik","JUNGLE","Naafiri","Defeat","=""2/1/3""","7.4","449","62.5%"
"222","DRX vs BNK FearX","35:41","4938","Andil","SUPPORT","Nautilus","Victory","=""0/9/17""","0.7","240","65.4%"
"222","DRX vs BNK FearX","35:41","3421","Clear","TOP","Rumble","Defeat","=""1/6/6""","7.5","542","31.8%"
"222","DRX vs BNK FearX","35:41","4943","Diable","ADC","Kaisa","Defeat","=""9/4/5""","8.8","665","63.6%"
"222","DRX vs BNK FearX","35:41","1971","Kellin","SUPPORT","Leona","Defeat","=""1/6/17""","0.6","238","81.8%"
"222","DRX vs BNK FearX","35:41","5919","LazyFeel","ADC","Jhin","Victory","=""3/2/18""","8.0","627","80.8%"
"222","DRX vs BNK FearX","35:41","4233","Raptor","JUNGLE","Xin Zhao","Defeat","=""4/6/11""","5.5","607","68.2%"
"222","DRX vs BNK FearX","35:41","1613","Rich","TOP","Gwen","Victory","=""11/3/9""","8.9","771","76.9%"
"222","DRX vs BNK FearX","35:41","4753","Sponge","JUNGLE","Naafiri","Victory","=""9/4/12""","7.0","570","80.8%"
"222","DRX vs BNK FearX","35:41","1504","Ucal","MID","Aurora","Victory","=""3/4/15""","8.2","897","69.2%"
"222","DRX vs BNK FearX","35:41","3326","Vicla","MID","Azir","Defeat","=""7/4/7""","8.9","842","63.6%"
"223","DRX vs BNK FearX","44:16","4938","Andil","SUPPORT","Rell","Victory","=""0/5/17""","0.6","240","77.3%"
"223","DRX vs BNK FearX","44:16","3421","Clear","TOP","Jayce","Defeat","=""6/5/6""","8.2","702","66.7%"
"223","DRX vs BNK FearX","44:16","4943","Diable","ADC","Lucian","Defeat","=""4/3/4""","10.8","1126","44.4%"
"223","DRX vs BNK FearX","44:16","1971","Kellin","SUPPORT","Milio","Defeat","=""0/2/14""","0.6","172","77.8%"
"223","DRX vs BNK FearX","44:16","5919","LazyFeel","ADC","Ezreal","Victory","=""7/3/5""","8.7","965","54.5%"
"223","DRX vs BNK FearX","44:16","4233","Raptor","JUNGLE","Skarner","Defeat","=""1/6/10""","4.4","398","61.1%"
"223","DRX vs BNK FearX","44:16","1613","Rich","TOP","Sion","Victory","=""2/3/10""","5.1","476","54.5%"
"223","DRX vs BNK FearX","44:16","4753","Sponge","JUNGLE","Viego","Victory","=""7/4/6""","7.2","441","59.1%"
"223","DRX vs BNK FearX","44:16","1504","Ucal","MID","Taliyah","Victory","=""6/3/8""","9.2","703","63.6%"
"223","DRX vs BNK FearX","44:16","3326","Vicla","MID","Ahri","Defeat","=""7/6/7""","7.2","774","77.8%"
"224","GEN vs Dplus KIA","26:38","1328","Aiming","ADC","Ashe","Defeat","=""1/4/1""","9.3","575","28.6%"
"224","GEN vs Dplus KIA","26:38","2184","BeryL","SUPPORT","Renata Glasc","Defeat","=""0/5/3""","1.1","246","42.9%"
"224","GEN vs Dplus KIA","26:38","1909","Canyon","JUNGLE","Skarner","Victory","=""2/1/14""","6.5","340","72.7%"
"224","GEN vs Dplus KIA","26:38","1629","Chovy","MID","Corki","Victory","=""7/3/8""","9.7","660","68.2%"
"224","GEN vs Dplus KIA","26:38","4259","Duro","SUPPORT","Leona","Victory","=""2/1/14""","1.0","166","72.7%"
"224","GEN vs Dplus KIA","26:38","1115","Kiin","TOP","Gwen","Victory","=""3/1/10""","7.2","851","59.1%"
"224","GEN vs Dplus KIA","26:38","3895","Lucid","JUNGLE","Sejuani","Defeat","=""3/4/3""","4.8","432","85.7%"
"224","GEN vs Dplus KIA","26:38","685","Ruler","ADC","Kaisa","Victory","=""8/1/7""","10.1","799","68.2%"
"224","GEN vs Dplus KIA","26:38","1250","ShowMaker","MID","Ryze","Defeat","=""2/3/2""","8.7","622","57.1%"
"224","GEN vs Dplus KIA","26:38","5392","Siwoo","TOP","Jayce","Defeat","=""1/6/3""","7.6","455","57.1%"
"225","GEN vs Dplus KIA","35:17","1328","Aiming","ADC","Miss Fortune","Defeat","=""4/3/6""","9.4","689","83.3%"
"225","GEN vs Dplus KIA","35:17","2184","BeryL","SUPPORT","Alistar","Defeat","=""0/6/11""","0.7","181","91.7%"
"225","GEN vs Dplus KIA","35:17","1909","Canyon","JUNGLE","Naafiri","Victory","=""5/1/8""","7.4","728","65%"
"225","GEN vs Dplus KIA","35:17","1629","Chovy","MID","Taliyah","Victory","=""4/1/12""","9.1","1013","80%"
"225","GEN vs Dplus KIA","35:17","4259","Duro","SUPPORT","Rell","Victory","=""1/4/18""","0.7","228","95%"
"225","GEN vs Dplus KIA","35:17","1115","Kiin","TOP","Rumble","Victory","=""3/3/10""","7.6","927","65%"
"225","GEN vs Dplus KIA","35:17","3895","Lucid","JUNGLE","Xin Zhao","Defeat","=""6/4/2""","6.0","513","66.7%"
"225","GEN vs Dplus KIA","35:17","685","Ruler","ADC","Jhin","Victory","=""7/3/6""","8.4","756","65%"
"225","GEN vs Dplus KIA","35:17","1250","ShowMaker","MID","Azir","Defeat","=""2/5/6""","8.7","721","66.7%"
"225","GEN vs Dplus KIA","35:17","5392","Siwoo","TOP","Ornn","Defeat","=""0/2/6""","6.4","320","50%"
"226","DN Freecs vs OK BRION","28:05","3322","Berserker","ADC","Ezreal","Defeat","=""0/4/2""","8.8","363","40%"
"226","DN Freecs vs OK BRION","28:05","3195","Clozer","MID","Viktor","Victory","=""1/1/12""","9.2","877","65%"
"226","DN Freecs vs OK BRION","28:05","2645","Croco","JUNGLE","Naafiri","Victory","=""12/0/3""","7.8","795","75%"
"226","DN Freecs vs OK BRION","28:05","4927","DDoiV","JUNGLE","Lillia","Defeat","=""1/5/2""","6.6","367","60%"
"226","DN Freecs vs OK BRION","28:05","3082","DuDu","TOP","Renekton","Defeat","=""1/3/1""","9.2","462","40%"
"226","DN Freecs vs OK BRION","28:05","3694","Hype","ADC","Miss Fortune","Victory","=""6/0/5""","10.3","668","55%"
"226","DN Freecs vs OK BRION","28:05","1906","Life","SUPPORT","Alistar","Defeat","=""2/4/2""","1.6","152","80%"
"226","DN Freecs vs OK BRION","28:05","2545","Morgan","TOP","Aatrox","Victory","=""1/1/8""","7.9","491","45%"
"226","DN Freecs vs OK BRION","28:05","4865","Pollu","SUPPORT","Poppy","Victory","=""0/3/11""","1.0","243","55%"
"226","DN Freecs vs OK BRION","28:05","5393","Pungyeon","MID","Hwei","Defeat","=""1/4/4""","9.2","531","100%"
"227","DN Freecs vs OK BRION","33:13","3322","Berserker","ADC","Kaisa","Defeat","=""3/3/5""","9.2","537","66.7%"
"227","DN Freecs vs OK BRION","33:13","3195","Clozer","MID","Taliyah","Victory","=""6/2/13""","9.4","791","79.2%"
"227","DN Freecs vs OK BRION","33:13","2645","Croco","JUNGLE","Xin Zhao","Victory","=""1/5/10""","6.5","359","45.8%"
"227","DN Freecs vs OK BRION","33:13","4927","DDoiV","JUNGLE","Pantheon","Defeat","=""5/5/5""","5.6","431","83.3%"
"227","DN Freecs vs OK BRION","33:13","3082","DuDu","TOP","Jayce","Defeat","=""1/4/1""","7.3","646","16.7%"
"227","DN Freecs vs OK BRION","33:13","3694","Hype","ADC","Ashe","Victory","=""14/0/8""","9.1","1019","91.7%"
"227","DN Freecs vs OK BRION","33:13","1906","Life","SUPPORT","Neeko","Defeat","=""1/7/9""","1.1","402","83.3%"
"227","DN Freecs vs OK BRION","33:13","2545","Morgan","TOP","Sion","Victory","=""3/0/9""","8.0","580","50%"
"227","DN Freecs vs OK BRION","33:13","4865","Pollu","SUPPORT","Braum","Victory","=""0/5/20""","0.7","175","83.3%"
"227","DN Freecs vs OK BRION","33:13","5393","Pungyeon","MID","Azir","Defeat","=""2/5/6""","8.5","688","66.7%"
"228","DN Freecs vs OK BRION","33:54","3322","Berserker","ADC","Xayah","Victory","=""3/0/4""","11.1","369","43.8%"
"228","DN Freecs vs OK BRION","33:54","3195","Clozer","MID","Aurora","Defeat","=""3/1/1""","9.9","488","57.1%"
"228","DN Freecs vs OK BRION","33:54","2645","Croco","JUNGLE","Nocturne","Defeat","=""1/6/3""","6.6","328","57.1%"
"228","DN Freecs vs OK BRION","33:54","4927","DDoiV","JUNGLE","Wukong","Victory","=""5/3/5""","7.1","331","62.5%"
"228","DN Freecs vs OK BRION","33:54","3082","DuDu","TOP","Rumble","Victory","=""4/3/6""","8.0","518","62.5%"
"228","DN Freecs vs OK BRION","33:54","3694","Hype","ADC","Zeri","Defeat","=""1/1/2""","11.9","280","42.9%"
"228","DN Freecs vs OK BRION","33:54","1906","Life","SUPPORT","Rell","Victory","=""1/0/8""","1.1","167","56.2%"
"228","DN Freecs vs OK BRION","33:54","2545","Morgan","TOP","Yorick","Defeat","=""2/5/3""","8.6","311","71.4%"
"228","DN Freecs vs OK BRION","33:54","4865","Pollu","SUPPORT","Rakan","Defeat","=""0/3/3""","0.7","70","42.9%"
"228","DN Freecs vs OK BRION","33:54","5393","Pungyeon","MID","Ahri","Victory","=""3/1/3""","10.6","419","37.5%"
"229","KT Rolster vs T1","31:07","650","Bdd","MID","Azir","Defeat","=""5/5/4""","8.3","1170","90%"
"229","KT Rolster vs T1","31:07","4925","Casting","TOP","Galio","Defeat","=""0/4/7""","6.8","384","70%"
"229","KT Rolster vs T1","31:07","983","Cuzz","JUNGLE","Viego","Defeat","=""4/6/5""","6.1","478","90%"
"229","KT Rolster vs T1","31:07","1242","Doran","TOP","Rumble","Victory","=""2/4/12""","7.6","704","60.9%"
"229","KT Rolster vs T1","31:07","48","Faker","MID","Ahri","Victory","=""3/0/12""","7.9","706","65.2%"
"229","KT Rolster vs T1","31:07","3247","Gumayusi","ADC","Lucian","Victory","=""9/2/11""","9.1","1024","87%"
"229","KT Rolster vs T1","31:07","1258","Keria","SUPPORT","Braum","Victory","=""0/3/21""","0.8","243","91.3%"
"229","KT Rolster vs T1","31:07","3741","Oner","JUNGLE","Xin Zhao","Victory","=""9/1/10""","8.2","886","82.6%"
"229","KT Rolster vs T1","31:07","4260","Peter","SUPPORT","Rell","Defeat","=""0/6/7""","0.9","171","70%"
"229","KT Rolster vs T1","31:07","2508","deokdam","ADC","Jhin","Defeat","=""1/2/7""","8.4","580","80%"
"230","KT Rolster vs T1","33:36","650","Bdd","MID","Hwei","Defeat","=""4/2/4""","8.2","455","72.7%"
"230","KT Rolster vs T1","33:36","4925","Casting","TOP","Aatrox","Defeat","=""1/5/3""","7.0","301","36.4%"
"230","KT Rolster vs T1","33:36","983","Cuzz","JUNGLE","Sejuani","Defeat","=""2/1/9""","5.8","368","100%"
"230","KT Rolster vs T1","33:36","1242","Doran","TOP","Renekton","Victory","=""2/2/6""","9.3","354","66.7%"
"230","KT Rolster vs T1","33:36","48","Faker","MID","Viktor","Victory","=""4/2/5""","8.7","768","75%"
"230","KT Rolster vs T1","33:36","3247","Gumayusi","ADC","Ashe","Victory","=""3/2/6""","9.3","630","75%"
"230","KT Rolster vs T1","33:36","1258","Keria","SUPPORT","Renata Glasc","Victory","=""0/4/9""","1.4","187","75%"
"230","KT Rolster vs T1","33:36","3741","Oner","JUNGLE","Vi","Victory","=""3/1/8""","7.9","544","91.7%"
"230","KT Rolster vs T1","33:36","4260","Peter","SUPPORT","Elise","Defeat","=""0/3/7""","1.0","229","63.6%"
"230","KT Rolster vs T1","33:36","2508","deokdam","ADC","Kalista","Defeat","=""4/1/3""","9.7","645","63.6%"
"231","BNK FearX vs OK BRION","28:21","3421","Clear","TOP","Rumble","Victory","=""12/0/10""","9.0","1058","75.9%"
"231","BNK FearX vs OK BRION","28:21","3195","Clozer","MID","Ahri","Defeat","=""1/4/7""","9.2","481","80%"
"231","BNK FearX vs OK BRION","28:21","2645","Croco","JUNGLE","Wukong","Defeat","=""4/6/6""","6.6","519","100%"
"231","BNK FearX vs OK BRION","28:21","4943","Diable","ADC","Ezreal","Victory","=""2/1/18""","9.5","896","69%"
"231","BNK FearX vs OK BRION","28:21","3694","Hype","ADC","Varus","Defeat","=""2/4/2""","8.0","558","40%"
"231","BNK FearX vs OK BRION","28:21","1971","Kellin","SUPPORT","Leona","Victory","=""1/1/20""","1.4","288","72.4%"
"231","BNK FearX vs OK BRION","28:21","2545","Morgan","TOP","Gwen","Defeat","=""3/9/3""","6.3","513","60%"
"231","BNK FearX vs OK BRION","28:21","4865","Pollu","SUPPORT","Braum","Defeat","=""0/6/6""","1.0","164","60%"
"231","BNK FearX vs OK BRION","28:21","4233","Raptor","JUNGLE","Naafiri","Victory","=""11/2/11""","7.2","588","75.9%"
"231","BNK FearX vs OK BRION","28:21","3326","Vicla","MID","Annie","Victory","=""3/6/21""","6.6","821","82.8%"
"232","BNK FearX vs OK BRION","28:53","3421","Clear","TOP","Jayce","Victory","=""2/2/7""","8.2","749","69.2%"
"232","BNK FearX vs OK BRION","28:53","3195","Clozer","MID","Orianna","Defeat","=""2/2/4""","9.1","734","75%"
"232","BNK FearX vs OK BRION","28:53","2645","Croco","JUNGLE","Nocturne","Defeat","=""3/4/2""","7.4","443","62.5%"
"232","BNK FearX vs OK BRION","28:53","4943","Diable","ADC","Jinx","Victory","=""9/1/3""","10.2","755","92.3%"
"232","BNK FearX vs OK BRION","28:53","3694","Hype","ADC","Kaisa","Defeat","=""3/2/4""","9.2","351","87.5%"
"232","BNK FearX vs OK BRION","28:53","1971","Kellin","SUPPORT","Tahm Kench","Victory","=""0/4/12""","0.7","251","92.3%"
"232","BNK FearX vs OK BRION","28:53","2545","Morgan","TOP","Yorick","Defeat","=""0/3/2""","8.0","496","25%"
"232","BNK FearX vs OK BRION","28:53","4865","Pollu","SUPPORT","Neeko","Defeat","=""0/2/6""","0.7","379","75%"
"232","BNK FearX vs OK BRION","28:53","4233","Raptor","JUNGLE","Skarner","Victory","=""1/1/8""","5.6","284","69.2%"
"232","BNK FearX vs OK BRION","28:53","3326","Vicla","MID","Ryze","Victory","=""1/0/3""","10.0","442","30.8%"
"233","BNK FearX vs OK BRION","29:29","3421","Clear","TOP","Ambessa","Defeat","=""1/3/4""","8.6","489","45.5%"
"233","BNK FearX vs OK BRION","29:29","3195","Clozer","MID","Viktor","Victory","=""2/2/9""","8.5","556","78.6%"
"233","BNK FearX vs OK BRION","29:29","2645","Croco","JUNGLE","Vi","Victory","=""1/3/6""","7.6","287","50%"
"233","BNK FearX vs OK BRION","29:29","4943","Diable","ADC","Xayah","Defeat","=""3/2/4""","9.6","350","63.6%"
"233","BNK FearX vs OK BRION","29:29","3694","Hype","ADC","Miss Fortune","Victory","=""8/0/4""","10.7","701","85.7%"
"233","BNK FearX vs OK BRION","29:29","1971","Kellin","SUPPORT","Alistar","Defeat","=""2/4/7""","1.2","108","81.8%"
"233","BNK FearX vs OK BRION","29:29","2545","Morgan","TOP","Sion","Victory","=""3/1/9""","8.1","506","85.7%"
"233","BNK FearX vs OK BRION","29:29","4865","Pollu","SUPPORT","Nautilus","Victory","=""0/5/8""","1.1","159","57.1%"
"233","BNK FearX vs OK BRION","29:29","4233","Raptor","JUNGLE","Xin Zhao","Defeat","=""3/3/4""","7.3","299","63.6%"
"233","BNK FearX vs OK BRION","29:29","3326","Vicla","MID","Taliyah","Defeat","=""2/2/2""","8.6","394","36.4%"
"234","Dplus KIA vs KT Rolster","31:07","1328","Aiming","ADC","Kaisa","Defeat","=""2/0/1""","10.5","397","50%"
"234","Dplus KIA vs KT Rolster","31:07","650","Bdd","MID","Ryze","Victory","=""3/3/7""","9.0","482","52.6%"
"234","Dplus KIA vs KT Rolster","31:07","2184","BeryL","SUPPORT","Rell","Defeat","=""1/6/3""","1.2","126","66.7%"
"234","Dplus KIA vs KT Rolster","31:07","983","Cuzz","JUNGLE","Wukong","Victory","=""4/0/9""","7.7","273","68.4%"
"234","Dplus KIA vs KT Rolster","31:07","3895","Lucid","JUNGLE","Lillia","Defeat","=""1/4/2""","5.8","297","50%"
"234","Dplus KIA vs KT Rolster","31:07","5122","PerfecT","TOP","Gwen","Victory","=""7/1/7""","6.6","550","73.7%"
"234","Dplus KIA vs KT Rolster","31:07","4260","Peter","SUPPORT","Leona","Victory","=""1/2/13""","1.0","131","73.7%"
"234","Dplus KIA vs KT Rolster","31:07","1250","ShowMaker","MID","Corki","Defeat","=""1/2/2""","8.8","575","50%"
"234","Dplus KIA vs KT Rolster","31:07","5392","Siwoo","TOP","Jayce","Defeat","=""1/7/4""","8.0","677","83.3%"
"234","Dplus KIA vs KT Rolster","31:07","2508","deokdam","ADC","Jhin","Victory","=""4/0/4""","9.4","490","42.1%"
"235","Dplus KIA vs KT Rolster","42:07","1328","Aiming","ADC","Miss Fortune","Defeat","=""3/2/5""","10.2","586","66.7%"
"235","Dplus KIA vs KT Rolster","42:07","650","Bdd","MID","Yone","Victory","=""5/1/9""","9.9","704","66.7%"
"235","Dplus KIA vs KT Rolster","42:07","2184","BeryL","SUPPORT","Rakan","Defeat","=""0/7/9""","1.0","110","75%"
"235","Dplus KIA vs KT Rolster","42:07","983","Cuzz","JUNGLE","Nidalee","Victory","=""2/0/17""","6.8","645","90.5%"
"235","Dplus KIA vs KT Rolster","42:07","3895","Lucid","JUNGLE","Pantheon","Defeat","=""4/5/6""","5.5","407","83.3%"
"235","Dplus KIA vs KT Rolster","42:07","5122","PerfecT","TOP","Rumble","Victory","=""9/3/7""","7.6","709","76.2%"
"235","Dplus KIA vs KT Rolster","42:07","4260","Peter","SUPPORT","Alistar","Victory","=""1/6/13""","0.8","190","66.7%"
"235","Dplus KIA vs KT Rolster","42:07","1250","ShowMaker","MID","Azir","Defeat","=""3/5/4""","9.4","846","58.3%"
"235","Dplus KIA vs KT Rolster","42:07","5392","Siwoo","TOP","Ambessa","Defeat","=""2/2/7""","8.5","473","75%"
"235","Dplus KIA vs KT Rolster","42:07","2508","deokdam","ADC","Varus","Victory","=""4/2/14""","7.6","587","85.7%"
"236","NS vs GEN","21:55","5058","Calix","MID","Viktor","Defeat","=""1/2/0""","9.1","545","9.1%"
"236","NS vs GEN","21:55","1909","Canyon","JUNGLE","Pantheon","Victory","=""6/2/9""","7.3","567","65.2%"
"236","NS vs GEN","21:55","1629","Chovy","MID","Galio","Victory","=""2/0/10""","9.6","587","52.2%"
"236","NS vs GEN","21:55","4259","Duro","SUPPORT","Renata Glasc","Victory","=""1/4/15""","0.7","307","69.6%"
"236","NS vs GEN","21:55","3327","GIDEON","JUNGLE","Sejuani","Defeat","=""3/6/6""","5.2","294","81.8%"
"236","NS vs GEN","21:55","4755","Jiwoo","ADC","Varus","Defeat","=""1/6/6""","6.9","588","63.6%"
"236","NS vs GEN","21:55","1115","Kiin","TOP","Camille","Victory","=""4/2/5""","7.8","583","39.1%"
"236","NS vs GEN","21:55","738","Lehends","SUPPORT","Elise","Defeat","=""2/5/7""","1.3","346","81.8%"
"236","NS vs GEN","21:55","685","Ruler","ADC","Kalista","Victory","=""10/3/6""","8.4","1016","69.6%"
"236","NS vs GEN","21:55","1229","kingen","TOP","Yorick","Defeat","=""4/4/2""","6.8","631","54.5%"
"237","NS vs GEN","28:10","5058","Calix","MID","Azir","Defeat","=""0/2/1""","9.6","354","12.5%"
"237","NS vs GEN","28:10","1909","Canyon","JUNGLE","Xin Zhao","Victory","=""3/2/5""","7.1","320","57.1%"
"237","NS vs GEN","28:10","1629","Chovy","MID","Ahri","Victory","=""4/1/5""","9.8","664","64.3%"
"237","NS vs GEN","28:10","4259","Duro","SUPPORT","Nautilus","Victory","=""2/2/9""","1.0","228","78.6%"
"237","NS vs GEN","28:10","3327","GIDEON","JUNGLE","Poppy","Defeat","=""0/4/6""","4.8","204","75%"
"237","NS vs GEN","28:10","4755","Jiwoo","ADC","Zeri","Defeat","=""6/2/2""","8.4","596","100%"
"237","NS vs GEN","28:10","1115","Kiin","TOP","Jayce","Victory","=""2/1/4""","9.2","527","42.9%"
"237","NS vs GEN","28:10","738","Lehends","SUPPORT","Alistar","Defeat","=""0/5/3""","0.9","76","37.5%"
"237","NS vs GEN","28:10","685","Ruler","ADC","Ezreal","Victory","=""3/2/7""","9.9","768","71.4%"
"237","NS vs GEN","28:10","1229","kingen","TOP","Rumble","Defeat","=""2/1/3""","7.5","444","62.5%"
"238","T1 vs DRX","28:41","4938","Andil","SUPPORT","Leona","Defeat","=""0/7/7""","0.8","215","53.8%"
"238","T1 vs DRX","28:41","1242","Doran","TOP","Camille","Victory","=""4/4/5""","7.7","796","29%"
"238","T1 vs DRX","28:41","48","Faker","MID","Ahri","Victory","=""16/2/6""","8.0","1079","71%"
"238","T1 vs DRX","28:41","3247","Gumayusi","ADC","Miss Fortune","Victory","=""6/3/16""","8.7","951","71%"
"238","T1 vs DRX","28:41","1258","Keria","SUPPORT","Nautilus","Victory","=""2/1/19""","0.9","317","67.7%"
"238","T1 vs DRX","28:41","5919","LazyFeel","ADC","Ezreal","Defeat","=""3/5/2""","8.3","451","38.5%"
"238","T1 vs DRX","28:41","3741","Oner","JUNGLE","Nocturne","Victory","=""3/3/19""","6.5","550","71%"
"238","T1 vs DRX","28:41","1613","Rich","TOP","Sion","Defeat","=""3/5/4""","7.1","938","53.8%"
"238","T1 vs DRX","28:41","4753","Sponge","JUNGLE","Viego","Defeat","=""6/7/5""","5.8","538","84.6%"
"238","T1 vs DRX","28:41","1504","Ucal","MID","Taliyah","Defeat","=""1/7/4""","7.9","348","38.5%"
"239","T1 vs DRX","34:37","4938","Andil","SUPPORT","Alistar","Defeat","=""1/4/7""","0.3","130","72.7%"
"239","T1 vs DRX","34:37","1242","Doran","TOP","Jayce","Victory","=""4/3/8""","8.1","761","57.1%"
"239","T1 vs DRX","34:37","48","Faker","MID","Viktor","Victory","=""9/1/4""","8.5","719","61.9%"
"239","T1 vs DRX","34:37","3247","Gumayusi","ADC","Xayah","Victory","=""2/3/6""","9.7","621","38.1%"
"239","T1 vs DRX","34:37","1258","Keria","SUPPORT","Gragas","Victory","=""1/3/13""","1.1","267","66.7%"
"239","T1 vs DRX","34:37","5919","LazyFeel","ADC","Jhin","Defeat","=""4/4/4""","8.5","454","72.7%"
"239","T1 vs DRX","34:37","3741","Oner","JUNGLE","Pantheon","Victory","=""5/2/9""","7.5","458","66.7%"
"239","T1 vs DRX","34:37","1613","Rich","TOP","Rumble","Defeat","=""3/7/4""","5.9","562","63.6%"
"239","T1 vs DRX","34:37","4753","Sponge","JUNGLE","Naafiri","Defeat","=""1/5/5""","6.2","395","54.5%"
"239","T1 vs DRX","34:37","1504","Ucal","MID","Annie","Defeat","=""2/1/5""","8.6","450","63.6%"
"240","DN Freecs vs KT Rolster","23:47","650","Bdd","MID","Ryze","Victory","=""4/2/8""","9.4","706","85.7%"
"240","DN Freecs vs KT Rolster","23:47","3322","Berserker","ADC","Varus","Defeat","=""0/4/3""","9.2","295","60%"
"240","DN Freecs vs KT Rolster","23:47","3974","Bulldog","MID","Viktor","Defeat","=""2/2/2""","9.6","626","80%"
"240","DN Freecs vs KT Rolster","23:47","983","Cuzz","JUNGLE","Wukong","Victory","=""4/1/8""","8.2","334","85.7%"
"240","DN Freecs vs KT Rolster","23:47","3082","DuDu","TOP","Aatrox","Defeat","=""3/2/1""","9.2","510","80%"
"240","DN Freecs vs KT Rolster","23:47","1906","Life","SUPPORT","Nautilus","Defeat","=""0/3/3""","1.4","104","60%"
"240","DN Freecs vs KT Rolster","23:47","5122","PerfecT","TOP","Yorick","Victory","=""2/1/2""","9.5","415","28.6%"
"240","DN Freecs vs KT Rolster","23:47","4260","Peter","SUPPORT","Leona","Victory","=""1/1/11""","1.7","242","85.7%"
"240","DN Freecs vs KT Rolster","23:47","2664","Pyosik","JUNGLE","Skarner","Defeat","=""0/3/3""","5.6","291","60%"
"240","DN Freecs vs KT Rolster","23:47","2508","deokdam","ADC","Jhin","Victory","=""3/0/5""","9.5","319","57.1%"
"241","DN Freecs vs KT Rolster","26:29","650","Bdd","MID","Yone","Victory","=""5/0/10""","10.0","714","68.2%"
"241","DN Freecs vs KT Rolster","26:29","3322","Berserker","ADC","Xayah","Defeat","=""0/3/1""","8.4","378","50%"
"241","DN Freecs vs KT Rolster","26:29","3974","Bulldog","MID","Taliyah","Defeat","=""1/5/1""","8.7","620","100%"
"241","DN Freecs vs KT Rolster","26:29","983","Cuzz","JUNGLE","Nidalee","Victory","=""3/0/16""","7.7","640","86.4%"
"241","DN Freecs vs KT Rolster","26:29","3082","DuDu","TOP","Rumble","Defeat","=""1/4/1""","8.2","509","100%"
"241","DN Freecs vs KT Rolster","26:29","1906","Life","SUPPORT","Rakan","Defeat","=""0/4/2""","0.9","136","100%"
"241","DN Freecs vs KT Rolster","26:29","5122","PerfecT","TOP","Jayce","Victory","=""6/0/7""","9.2","575","59.1%"
"241","DN Freecs vs KT Rolster","26:29","4260","Peter","SUPPORT","Alistar","Victory","=""3/2/13""","0.9","238","72.7%"
"241","DN Freecs vs KT Rolster","26:29","2664","Pyosik","JUNGLE","Pantheon","Defeat","=""0/6/2""","6.3","189","100%"
"241","DN Freecs vs KT Rolster","26:29","2508","deokdam","ADC","Ashe","Victory","=""5/0/10""","9.6","537","68.2%"
"242","OK BRION vs HLE","29:41","3195","Clozer","MID","Ahri","Defeat","=""1/4/5""","8.4","810","66.7%"
"242","OK BRION vs HLE","29:41","2645","Croco","JUNGLE","Naafiri","Defeat","=""3/3/3""","7.1","384","66.7%"
"242","OK BRION vs HLE","29:41","3411","Delight","SUPPORT","Karma","Victory","=""0/0/13""","1.3","303","76.5%"
"242","OK BRION vs HLE","29:41","3694","Hype","ADC","Miss Fortune","Defeat","=""1/4/1""","8.5","426","22.2%"
"242","OK BRION vs HLE","29:41","2545","Morgan","TOP","Yorick","Defeat","=""4/3/0""","8.0","928","44.4%"
"242","OK BRION vs HLE","29:41","392","Peanut","JUNGLE","Sejuani","Victory","=""3/2/9""","6.5","406","70.6%"
"242","OK BRION vs HLE","29:41","4865","Pollu","SUPPORT","Braum","Defeat","=""0/3/6""","1.0","141","66.7%"
"242","OK BRION vs HLE","29:41","1228","Viper","ADC","Ezreal","Victory","=""6/2/6""","9.8","1065","70.6%"
"242","OK BRION vs HLE","29:41","2906","Zeka","MID","Yone","Victory","=""3/4/9""","8.1","654","70.6%"
"242","OK BRION vs HLE","29:41","3658","Zeus","TOP","Nidalee","Victory","=""5/1/7""","8.3","628","70.6%"
"243","OK BRION vs HLE","30:41","3195","Clozer","MID","Azir","Defeat","=""2/4/5""","9.6","744","70%"
"243","OK BRION vs HLE","30:41","2645","Croco","JUNGLE","Trundle","Defeat","=""2/4/5""","7.6","436","70%"
"243","OK BRION vs HLE","30:41","3411","Delight","SUPPORT","Renata Glasc","Victory","=""0/1/16""","1.2","236","76.2%"
"243","OK BRION vs HLE","30:41","3694","Hype","ADC","Varus","Defeat","=""2/4/4""","8.8","441","60%"
"243","OK BRION vs HLE","30:41","2545","Morgan","TOP","Ambessa","Defeat","=""3/5/4""","7.5","586","70%"
"243","OK BRION vs HLE","30:41","392","Peanut","JUNGLE","Pantheon","Victory","=""7/2/7""","6.9","729","66.7%"
"243","OK BRION vs HLE","30:41","4865","Pollu","SUPPORT","Neeko","Defeat","=""1/4/5""","0.9","450","60%"
"243","OK BRION vs HLE","30:41","1228","Viper","ADC","Kalista","Victory","=""6/1/9""","10.3","593","71.4%"
"243","OK BRION vs HLE","30:41","2906","Zeka","MID","Taliyah","Victory","=""5/2/8""","9.0","745","61.9%"
"243","OK BRION vs HLE","30:41","3658","Zeus","TOP","Gwen","Victory","=""3/4/4""","8.6","874","33.3%"
"244","Dplus KIA vs T1","28:20","1328","Aiming","ADC","Varus","Defeat","=""2/8/3""","8.9","457","50%"
"244","Dplus KIA vs T1","28:20","2184","BeryL","SUPPORT","Braum","Defeat","=""1/7/6""","1.3","181","70%"
"244","Dplus KIA vs T1","28:20","1242","Doran","TOP","Camille","Victory","=""10/2/11""","7.7","945","65.6%"
"244","Dplus KIA vs T1","28:20","48","Faker","MID","Taliyah","Victory","=""3/1/12""","8.5","832","46.9%"
"244","Dplus KIA vs T1","28:20","3247","Gumayusi","ADC","Miss Fortune","Victory","=""12/3/17""","9.0","1008","90.6%"
"244","Dplus KIA vs T1","28:20","1258","Keria","SUPPORT","Alistar","Victory","=""0/4/26""","0.8","279","81.2%"
"244","Dplus KIA vs T1","28:20","3895","Lucid","JUNGLE","Wukong","Defeat","=""1/8/5""","5.4","247","60%"
"244","Dplus KIA vs T1","28:20","3741","Oner","JUNGLE","Sejuani","Victory","=""7/0/19""","7.0","629","81.2%"
"244","Dplus KIA vs T1","28:20","1250","ShowMaker","MID","Ryze","Defeat","=""2/5/3""","7.9","516","50%"
"244","Dplus KIA vs T1","28:20","5392","Siwoo","TOP","KSante","Defeat","=""4/4/3""","7.6","675","70%"
"245","Dplus KIA vs T1","29:46","1328","Aiming","ADC","Kaisa","Defeat","=""2/2/3""","10.4","471","62.5%"
"245","Dplus KIA vs T1","29:46","2184","BeryL","SUPPORT","Leona","Defeat","=""0/7/5""","1.1","164","62.5%"
"245","Dplus KIA vs T1","29:46","1242","Doran","TOP","Gwen","Victory","=""4/3/10""","9.3","567","73.7%"
"245","Dplus KIA vs T1","29:46","48","Faker","MID","Azir","Victory","=""3/0/5""","9.1","558","42.1%"
"245","Dplus KIA vs T1","29:46","3247","Gumayusi","ADC","Jhin","Victory","=""4/1/10""","9.3","625","73.7%"
"245","Dplus KIA vs T1","29:46","1258","Keria","SUPPORT","Rell","Victory","=""0/3/15""","1.0","154","78.9%"
"245","Dplus KIA vs T1","29:46","3895","Lucid","JUNGLE","Naafiri","Defeat","=""1/4/4""","6.5","278","62.5%"
"245","Dplus KIA vs T1","29:46","3741","Oner","JUNGLE","Pantheon","Victory","=""8/1/9""","6.8","602","89.5%"
"245","Dplus KIA vs T1","29:46","1250","ShowMaker","MID","Ahri","Defeat","=""2/2/2""","8.5","267","50%"
"245","Dplus KIA vs T1","29:46","5392","Siwoo","TOP","Rumble","Defeat","=""3/4/2""","8.7","611","62.5%"
"246","GEN vs BNK FearX","31:12","1909","Canyon","JUNGLE","Zed","Victory","=""7/4/6""","7.6","758","86.7%"
"246","GEN vs BNK FearX","31:12","1629","Chovy","MID","Galio","Victory","=""3/0/6""","10.1","806","60%"
"246","GEN vs BNK FearX","31:12","3421","Clear","TOP","Aurora","Defeat","=""2/4/0""","7.5","587","28.6%"
"246","GEN vs BNK FearX","31:12","4943","Diable","ADC","Lucian","Defeat","=""0/3/2""","9.6","524","28.6%"
"246","GEN vs BNK FearX","31:12","4259","Duro","SUPPORT","Lulu","Victory","=""0/0/12""","0.6","148","80%"
"246","GEN vs BNK FearX","31:12","1971","Kellin","SUPPORT","Nami","Defeat","=""0/2/2""","1.2","262","28.6%"
"246","GEN vs BNK FearX","31:12","1115","Kiin","TOP","Rumble","Victory","=""2/3/6""","8.0","683","53.3%"
"246","GEN vs BNK FearX","31:12","4233","Raptor","JUNGLE","Naafiri","Defeat","=""2/2/5""","7.2","446","100%"
"246","GEN vs BNK FearX","31:12","685","Ruler","ADC","Zeri","Victory","=""3/0/8""","10.4","773","73.3%"
"246","GEN vs BNK FearX","31:12","3326","Vicla","MID","Sylas","Defeat","=""3/4/1""","8.0","418","57.1%"
"247","GEN vs BNK FearX","35:40","1909","Canyon","JUNGLE","Pantheon","Victory","=""5/2/6""","6.6","442","73.3%"
"247","GEN vs BNK FearX","35:40","1629","Chovy","MID","Ahri","Victory","=""2/3/8""","8.9","694","66.7%"
"247","GEN vs BNK FearX","35:40","3421","Clear","TOP","Gwen","Defeat","=""2/3/3""","7.9","405","50%"
"247","GEN vs BNK FearX","35:40","4943","Diable","ADC","Ezreal","Defeat","=""5/1/2""","9.7","808","70%"
"247","GEN vs BNK FearX","35:40","4259","Duro","SUPPORT","Rakan","Victory","=""0/2/13""","0.8","113","86.7%"
"247","GEN vs BNK FearX","35:40","1971","Kellin","SUPPORT","Leona","Defeat","=""0/5/7""","1.0","202","70%"
"247","GEN vs BNK FearX","35:40","1115","Kiin","TOP","Jayce","Victory","=""4/1/7""","9.8","902","73.3%"
"247","GEN vs BNK FearX","35:40","4233","Raptor","JUNGLE","Wukong","Defeat","=""2/3/2""","6.0","273","40%"
"247","GEN vs BNK FearX","35:40","685","Ruler","ADC","Xayah","Victory","=""4/2/6""","10.5","716","66.7%"
"247","GEN vs BNK FearX","35:40","3326","Vicla","MID","Azir","Defeat","=""1/3/4""","8.9","671","50%"
"248","HLE vs DRX","27:27","4938","Andil","SUPPORT","Neeko","Defeat","=""1/4/2""","0.9","230","33.3%"
"248","HLE vs DRX","27:27","3411","Delight","SUPPORT","Rell","Victory","=""1/3/17""","1.3","273","81.8%"
"248","HLE vs DRX","27:27","5919","LazyFeel","ADC","Miss Fortune","Defeat","=""1/3/3""","10.0","342","44.4%"
"248","HLE vs DRX","27:27","392","Peanut","JUNGLE","Xin Zhao","Victory","=""2/2/10""","6.9","483","54.5%"
"248","HLE vs DRX","27:27","1613","Rich","TOP","Aurora","Defeat","=""1/5/2""","8.2","486","33.3%"
"248","HLE vs DRX","27:27","4753","Sponge","JUNGLE","Pantheon","Defeat","=""5/7/3""","5.8","756","88.9%"
"248","HLE vs DRX","27:27","1504","Ucal","MID","Ryze","Defeat","=""1/3/2""","9.0","349","33.3%"
"248","HLE vs DRX","27:27","1228","Viper","ADC","Jhin","Victory","=""8/1/8""","9.5","726","72.7%"
"248","HLE vs DRX","27:27","2906","Zeka","MID","Ahri","Victory","=""5/0/7""","8.9","801","54.5%"
"248","HLE vs DRX","27:27","3658","Zeus","TOP","Gwen","Victory","=""6/3/4""","9.0","500","45.5%"
"249","HLE vs DRX","41:34","4938","Andil","SUPPORT","Karma","Defeat","=""0/5/11""","0.7","128","91.7%"
"249","HLE vs DRX","41:34","3411","Delight","SUPPORT","Renata Glasc","Victory","=""2/3/15""","1.3","128","68%"
"249","HLE vs DRX","41:34","5919","LazyFeel","ADC","Varus","Defeat","=""5/4/4""","9.4","913","75%"
"249","HLE vs DRX","41:34","392","Peanut","JUNGLE","Skarner","Victory","=""1/2/13""","4.9","460","56%"
"249","HLE vs DRX","41:34","1613","Rich","TOP","Jayce","Defeat","=""2/5/2""","8.1","800","33.3%"
"249","HLE vs DRX","41:34","4753","Sponge","JUNGLE","Poppy","Defeat","=""2/5/7""","5.3","428","75%"
"249","HLE vs DRX","41:34","1504","Ucal","MID","Azir","Defeat","=""3/6/5""","8.3","757","66.7%"
"249","HLE vs DRX","41:34","1228","Viper","ADC","Kalista","Victory","=""9/1/6""","10.2","630","60%"
"249","HLE vs DRX","41:34","2906","Zeka","MID","Viktor","Victory","=""4/4/12""","8.7","1040","64%"
"249","HLE vs DRX","41:34","3658","Zeus","TOP","Nidalee","Victory","=""9/2/4""","8.7","718","52%"
"250","NS vs DN Freecs","26:37","3322","Berserker","ADC","Lucian","Victory","=""6/0/9""","8.6","678","83.3%"
"250","NS vs DN Freecs","26:37","3974","Bulldog","MID","Ryze","Victory","=""4/3/5""","8.9","646","50%"
"250","NS vs DN Freecs","26:37","5058","Calix","MID","Ahri","Defeat","=""1/1/2""","9.0","434","37.5%"
"250","NS vs DN Freecs","26:37","3082","DuDu","TOP","Rumble","Victory","=""4/0/4""","9.1","835","44.4%"
"250","NS vs DN Freecs","26:37","3327","GIDEON","JUNGLE","Xin Zhao","Defeat","=""0/4/2""","6.3","272","25%"
"250","NS vs DN Freecs","26:37","4755","Jiwoo","ADC","Kaisa","Defeat","=""4/5/3""","8.5","563","87.5%"
"250","NS vs DN Freecs","26:37","738","Lehends","SUPPORT","Nautilus","Defeat","=""1/4/5""","1.3","242","75%"
"250","NS vs DN Freecs","26:37","1906","Life","SUPPORT","Sett","Victory","=""0/4/13""","1.5","261","72.2%"
"250","NS vs DN Freecs","26:37","2664","Pyosik","JUNGLE","Wukong","Victory","=""4/1/8""","7.3","383","66.7%"
"250","NS vs DN Freecs","26:37","1229","kingen","TOP","Anivia","Defeat","=""2/4/1""","7.4","531","37.5%"
"251","NS vs DN Freecs","35:25","3322","Berserker","ADC","Xayah","Victory","=""3/0/5""","10.8","569","72.7%"
"251","NS vs DN Freecs","35:25","3974","Bulldog","MID","Annie","Victory","=""4/0/5""","8.4","808","81.8%"
"251","NS vs DN Freecs","35:25","5058","Calix","MID","Sylas","Defeat","=""0/1/1""","8.7","444","100%"
"251","NS vs DN Freecs","35:25","3082","DuDu","TOP","Sion","Victory","=""1/1/7""","8.9","783","72.7%"
"251","NS vs DN Freecs","35:25","3327","GIDEON","JUNGLE","Maokai","Defeat","=""0/2/1""","4.8","366","100%"
"251","NS vs DN Freecs","35:25","4755","Jiwoo","ADC","Jinx","Defeat","=""0/3/1""","9.7","452","100%"
"251","NS vs DN Freecs","35:25","738","Lehends","SUPPORT","Lulu","Defeat","=""0/1/1""","0.9","131","100%"
"251","NS vs DN Freecs","35:25","1906","Life","SUPPORT","Rakan","Victory","=""1/0/10""","1.1","127","100%"
"251","NS vs DN Freecs","35:25","2664","Pyosik","JUNGLE","Nocturne","Victory","=""2/0/8""","6.2","450","90.9%"
"251","NS vs DN Freecs","35:25","1229","kingen","TOP","Jayce","Defeat","=""1/4/0""","8.6","824","100%"
"252","NS vs DN Freecs","43:10","3322","Berserker","ADC","Miss Fortune","Defeat","=""3/3/13""","10.0","617","72.7%"
"252","NS vs DN Freecs","43:10","3974","Bulldog","MID","Yone","Defeat","=""8/6/6""","9.3","634","63.6%"
"252","NS vs DN Freecs","43:10","5058","Calix","MID","Taliyah","Victory","=""1/5/12""","8.9","740","54.2%"
"252","NS vs DN Freecs","43:10","3082","DuDu","TOP","Ambessa","Defeat","=""8/4/6""","7.8","710","63.6%"
"252","NS vs DN Freecs","43:10","3327","GIDEON","JUNGLE","Pantheon","Victory","=""13/4/6""","6.2","710","79.2%"
"252","NS vs DN Freecs","43:10","4755","Jiwoo","ADC","Ezreal","Victory","=""4/5/13""","8.2","1004","70.8%"
"252","NS vs DN Freecs","43:10","738","Lehends","SUPPORT","Leona","Victory","=""1/5/18""","0.9","238","79.2%"
"252","NS vs DN Freecs","43:10","1906","Life","SUPPORT","Neeko","Defeat","=""2/6/13""","1.0","553","68.2%"
"252","NS vs DN Freecs","43:10","2664","Pyosik","JUNGLE","Sejuani","Defeat","=""1/5/16""","5.0","458","77.3%"
"252","NS vs DN Freecs","43:10","1229","kingen","TOP","Gwen","Victory","=""5/3/7""","8.6","725","50%"
"253","BNK FearX vs NS","26:26","5058","Calix","MID","Ryze","Victory","=""3/1/7""","9.5","418","45.5%"
"253","BNK FearX vs NS","26:26","3421","Clear","TOP","Gwen","Defeat","=""2/3/1""","7.7","427","42.9%"
"253","BNK FearX vs NS","26:26","4943","Diable","ADC","Jinx","Defeat","=""1/4/3""","8.7","588","57.1%"
"253","BNK FearX vs NS","26:26","3327","GIDEON","JUNGLE","Poppy","Victory","=""6/2/9""","5.3","399","68.2%"
"253","BNK FearX vs NS","26:26","4755","Jiwoo","ADC","Xayah","Victory","=""7/1/12""","9.5","895","86.4%"
"253","BNK FearX vs NS","26:26","1971","Kellin","SUPPORT","Lulu","Defeat","=""0/4/6""","1.0","179","85.7%"
"253","BNK FearX vs NS","26:26","738","Lehends","SUPPORT","Blitzcrank","Victory","=""0/3/10""","0.7","138","45.5%"
"253","BNK FearX vs NS","26:26","4233","Raptor","JUNGLE","Nocturne","Defeat","=""1/5/3""","5.9","418","57.1%"
"253","BNK FearX vs NS","26:26","3326","Vicla","MID","Annie","Defeat","=""3/6/4""","6.9","601","100%"
"253","BNK FearX vs NS","26:26","1229","kingen","TOP","Ambessa","Victory","=""6/0/7""","7.8","508","59.1%"
"254","BNK FearX vs NS","27:13","5058","Calix","MID","Yone","Victory","=""4/2/4""","9.4","636","47.1%"
"254","BNK FearX vs NS","27:13","3421","Clear","TOP","Sion","Defeat","=""0/2/5""","7.7","474","50%"
"254","BNK FearX vs NS","27:13","4943","Diable","ADC","Lucian","Defeat","=""3/5/3""","8.9","594","60%"
"254","BNK FearX vs NS","27:13","3327","GIDEON","JUNGLE","Sejuani","Victory","=""1/1/7""","6.2","355","47.1%"
"254","BNK FearX vs NS","27:13","4755","Jiwoo","ADC","Miss Fortune","Victory","=""5/3/6""","8.9","771","64.7%"
"254","BNK FearX vs NS","27:13","1971","Kellin","SUPPORT","Milio","Defeat","=""1/2/8""","0.6","196","90%"
"254","BNK FearX vs NS","27:13","738","Lehends","SUPPORT","Elise","Victory","=""5/2/8""","1.1","577","76.5%"
"254","BNK FearX vs NS","27:13","4233","Raptor","JUNGLE","Maokai","Defeat","=""0/3/8""","5.2","282","80%"
"254","BNK FearX vs NS","27:13","3326","Vicla","MID","Tristana","Defeat","=""6/5/2""","7.7","1050","80%"
"254","BNK FearX vs NS","27:13","1229","kingen","TOP","Aatrox","Victory","=""2/2/5""","8.1","602","41.2%"
"255","BNK FearX vs NS","28:34","5058","Calix","MID","Ahri","Defeat","=""3/1/5""","8.7","782","80%"
"255","BNK FearX vs NS","28:34","3421","Clear","TOP","Rumble","Victory","=""3/0/11""","7.8","541","66.7%"
"255","BNK FearX vs NS","28:34","4943","Diable","ADC","Kaisa","Victory","=""11/3/8""","9.4","740","90.5%"
"255","BNK FearX vs NS","28:34","3327","GIDEON","JUNGLE","Pantheon","Defeat","=""4/5/3""","6.4","239","70%"
"255","BNK FearX vs NS","28:34","4755","Jiwoo","ADC","Kalista","Defeat","=""1/4/4""","8.4","430","50%"
"255","BNK FearX vs NS","28:34","1971","Kellin","SUPPORT","Neeko","Victory","=""2/1/13""","1.0","385","71.4%"
"255","BNK FearX vs NS","28:34","738","Lehends","SUPPORT","Shen","Defeat","=""2/8/5""","0.9","259","70%"
"255","BNK FearX vs NS","28:34","4233","Raptor","JUNGLE","Xin Zhao","Victory","=""3/2/9""","7.2","292","57.1%"
"255","BNK FearX vs NS","28:34","3326","Vicla","MID","Azir","Victory","=""2/4/8""","8.9","410","47.6%"
"255","BNK FearX vs NS","28:34","1229","kingen","TOP","Jayce","Defeat","=""0/3/3""","8.6","504","30%"
"256","DRX vs Dplus KIA","28:36","1328","Aiming","ADC","Varus","Victory","=""6/1/9""","10.0","888","75%"
"256","DRX vs Dplus KIA","28:36","4938","Andil","SUPPORT","Gragas","Defeat","=""1/4/6""","0.8","215","87.5%"
"256","DRX vs Dplus KIA","28:36","2184","BeryL","SUPPORT","Alistar","Victory","=""1/3/15""","1.2","156","80%"
"256","DRX vs Dplus KIA","28:36","5919","LazyFeel","ADC","Xayah","Defeat","=""1/4/5""","9.3","550","75%"
"256","DRX vs Dplus KIA","28:36","3895","Lucid","JUNGLE","Naafiri","Victory","=""3/2/6""","6.7","288","45%"
"256","DRX vs Dplus KIA","28:36","1613","Rich","TOP","Rumble","Defeat","=""0/4/1""","7.5","554","12.5%"
"256","DRX vs Dplus KIA","28:36","1250","ShowMaker","MID","Galio","Victory","=""4/2/9""","8.1","398","65%"
"256","DRX vs Dplus KIA","28:36","5392","Siwoo","TOP","Camille","Victory","=""6/0/5""","8.0","564","55%"
"256","DRX vs Dplus KIA","28:36","4753","Sponge","JUNGLE","Wukong","Defeat","=""2/4/4""","7.3","247","75%"
"256","DRX vs Dplus KIA","28:36","1504","Ucal","MID","Ahri","Defeat","=""4/4/3""","8.5","472","87.5%"
"257","DRX vs Dplus KIA","40:31","1328","Aiming","ADC","Ezreal","Defeat","=""2/2/8""","9.1","888","58.8%"
"257","DRX vs Dplus KIA","40:31","4938","Andil","SUPPORT","Braum","Victory","=""0/3/13""","0.6","196","81.2%"
"257","DRX vs Dplus KIA","40:31","2184","BeryL","SUPPORT","Rell","Defeat","=""0/5/13""","0.9","214","76.5%"
"257","DRX vs Dplus KIA","40:31","5919","LazyFeel","ADC","Lucian","Victory","=""7/2/4""","9.9","722","68.8%"
"257","DRX vs Dplus KIA","40:31","3895","Lucid","JUNGLE","Lee Sin","Defeat","=""5/1/12""","6.2","537","100%"
"257","DRX vs Dplus KIA","40:31","1613","Rich","TOP","Sion","Victory","=""5/4/7""","6.1","576","75%"
"257","DRX vs Dplus KIA","40:31","1250","ShowMaker","MID","Annie","Defeat","=""5/6/10""","7.6","892","88.2%"
"257","DRX vs Dplus KIA","40:31","5392","Siwoo","TOP","Jayce","Defeat","=""5/2/7""","8.5","802","70.6%"
"257","DRX vs Dplus KIA","40:31","4753","Sponge","JUNGLE","Xin Zhao","Victory","=""2/6/7""","6.1","402","56.2%"
"257","DRX vs Dplus KIA","40:31","1504","Ucal","MID","Taliyah","Victory","=""2/2/9""","10.1","513","68.8%"
"258","DRX vs Dplus KIA","43:19","1328","Aiming","ADC","Miss Fortune","Victory","=""8/1/6""","10.8","755","77.8%"
"258","DRX vs Dplus KIA","43:19","4938","Andil","SUPPORT","Neeko","Defeat","=""1/3/6""","1.0","237","53.8%"
"258","DRX vs Dplus KIA","43:19","2184","BeryL","SUPPORT","Fiddlesticks","Victory","=""0/3/12""","1.0","348","66.7%"
"258","DRX vs Dplus KIA","43:19","5919","LazyFeel","ADC","Kaisa","Defeat","=""4/4/4""","9.0","526","61.5%"
"258","DRX vs Dplus KIA","43:19","3895","Lucid","JUNGLE","Sejuani","Victory","=""3/1/13""","5.7","405","88.9%"
"258","DRX vs Dplus KIA","43:19","1613","Rich","TOP","Gnar","Defeat","=""2/4/7""","7.1","531","69.2%"
"258","DRX vs Dplus KIA","43:19","1250","ShowMaker","MID","Yone","Victory","=""2/2/6""","8.9","392","44.4%"
"258","DRX vs Dplus KIA","43:19","5392","Siwoo","TOP","Gwen","Victory","=""5/6/2""","7.2","619","38.9%"
"258","DRX vs Dplus KIA","43:19","4753","Sponge","JUNGLE","Pantheon","Defeat","=""3/4/6""","6.2","373","69.2%"
"258","DRX vs Dplus KIA","43:19","1504","Ucal","MID","Azir","Defeat","=""3/3/3""","8.0","660","46.2%"
"259","KT Rolster vs HLE","30:12","650","Bdd","MID","Corki","Victory","=""9/0/4""","10.2","754","81.2%"
"259","KT Rolster vs HLE","30:12","983","Cuzz","JUNGLE","Nidalee","Victory","=""5/1/7""","7.9","908","75%"
"259","KT Rolster vs HLE","30:12","3411","Delight","SUPPORT","Bard","Defeat","=""0/1/4""","1.2","148","80%"
"259","KT Rolster vs HLE","30:12","392","Peanut","JUNGLE","Skarner","Defeat","=""0/4/4""","5.8","257","80%"
"259","KT Rolster vs HLE","30:12","5122","PerfecT","TOP","Sion","Victory","=""0/1/7""","6.9","406","43.8%"
"259","KT Rolster vs HLE","30:12","4260","Peter","SUPPORT","Braum","Victory","=""0/2/11""","0.7","121","68.8%"
"259","KT Rolster vs HLE","30:12","1228","Viper","ADC","Varus","Defeat","=""2/2/1""","9.8","440","60%"
"259","KT Rolster vs HLE","30:12","2906","Zeka","MID","Viktor","Defeat","=""1/3/2""","8.0","730","60%"
"259","KT Rolster vs HLE","30:12","3658","Zeus","TOP","Jayce","Defeat","=""2/6/1""","8.4","750","60%"
"259","KT Rolster vs HLE","30:12","2508","deokdam","ADC","Ashe","Victory","=""2/1/6""","8.5","571","50%"
"260","KT Rolster vs HLE","31:59","650","Bdd","MID","Ahri","Defeat","=""1/3/4""","8.1","365","55.6%"
"260","KT Rolster vs HLE","31:59","983","Cuzz","JUNGLE","Wukong","Defeat","=""2/4/4""","6.4","339","66.7%"
"260","KT Rolster vs HLE","31:59","3411","Delight","SUPPORT","Rell","Victory","=""0/1/15""","1.7","173","83.3%"
"260","KT Rolster vs HLE","31:59","392","Peanut","JUNGLE","Pantheon","Victory","=""2/3/9""","7.0","301","61.1%"
"260","KT Rolster vs HLE","31:59","5122","PerfecT","TOP","Gwen","Defeat","=""2/4/4""","5.8","179","66.7%"
"260","KT Rolster vs HLE","31:59","4260","Peter","SUPPORT","Leona","Defeat","=""1/6/6""","1.1","90","77.8%"
"260","KT Rolster vs HLE","31:59","1228","Viper","ADC","Ezreal","Victory","=""4/0/6""","9.9","946","55.6%"
"260","KT Rolster vs HLE","31:59","2906","Zeka","MID","Taliyah","Victory","=""6/1/4""","9.2","665","55.6%"
"260","KT Rolster vs HLE","31:59","3658","Zeus","TOP","Kennen","Victory","=""6/4/5""","7.6","874","61.1%"
"260","KT Rolster vs HLE","31:59","2508","deokdam","ADC","Jhin","Defeat","=""3/1/4""","9.4","540","77.8%"
"261","KT Rolster vs HLE","36:54","650","Bdd","MID","Annie","Victory","=""4/3/12""","5.7","756","55.2%"
"261","KT Rolster vs HLE","36:54","983","Cuzz","JUNGLE","Jarvan IV","Victory","=""5/3/20""","6.0","508","86.2%"
"261","KT Rolster vs HLE","36:54","3411","Delight","SUPPORT","Elise","Defeat","=""1/6/6""","1.4","238","50%"
"261","KT Rolster vs HLE","36:54","392","Peanut","JUNGLE","Sejuani","Defeat","=""0/7/8""","5.6","376","57.1%"
"261","KT Rolster vs HLE","36:54","5122","PerfecT","TOP","Yorick","Victory","=""3/3/6""","6.4","593","31%"
"261","KT Rolster vs HLE","36:54","4260","Peter","SUPPORT","Neeko","Victory","=""1/4/20""","1.3","382","72.4%"
"261","KT Rolster vs HLE","36:54","1228","Viper","ADC","Lucian","Defeat","=""6/4/4""","10.1","823","71.4%"
"261","KT Rolster vs HLE","36:54","2906","Zeka","MID","Azir","Defeat","=""4/4/6""","9.1","701","71.4%"
"261","KT Rolster vs HLE","36:54","3658","Zeus","TOP","Ambessa","Defeat","=""3/8/4""","6.8","439","50%"
"261","KT Rolster vs HLE","36:54","2508","deokdam","ADC","Kalista","Victory","=""16/1/4""","8.5","687","69%"
"262","T1 vs OK BRION","27:33","3195","Clozer","MID","Zoe","Defeat","=""3/4/3""","8.2","479","85.7%"
"262","T1 vs OK BRION","27:33","2645","Croco","JUNGLE","Trundle","Defeat","=""2/4/4""","6.2","352","85.7%"
"262","T1 vs OK BRION","27:33","1242","Doran","TOP","Jax","Victory","=""4/2/6""","8.3","639","58.8%"
"262","T1 vs OK BRION","27:33","48","Faker","MID","Azir","Victory","=""6/1/6""","7.9","692","70.6%"
"262","T1 vs OK BRION","27:33","3247","Gumayusi","ADC","Xayah","Victory","=""0/2/12""","9.3","586","70.6%"
"262","T1 vs OK BRION","27:33","3694","Hype","ADC","Lucian","Defeat","=""2/4/3""","8.6","797","71.4%"
"262","T1 vs OK BRION","27:33","1258","Keria","SUPPORT","Rakan","Victory","=""1/2/10""","1.6","150","64.7%"
"262","T1 vs OK BRION","27:33","2545","Morgan","TOP","Shen","Defeat","=""0/2/2""","7.3","381","28.6%"
"262","T1 vs OK BRION","27:33","3741","Oner","JUNGLE","Talon","Victory","=""6/0/9""","7.7","570","88.2%"
"262","T1 vs OK BRION","27:33","4865","Pollu","SUPPORT","Nami","Defeat","=""0/3/6""","0.9","236","85.7%"
"263","T1 vs OK BRION","35:42","3195","Clozer","MID","Taliyah","Victory","=""4/2/9""","8.8","593","81.2%"
"263","T1 vs OK BRION","35:42","2645","Croco","JUNGLE","Wukong","Victory","=""9/0/4""","7.8","469","81.2%"
"263","T1 vs OK BRION","35:42","1242","Doran","TOP","Jayce","Defeat","=""1/7/1""","8.9","546","50%"
"263","T1 vs OK BRION","35:42","48","Faker","MID","Ahri","Defeat","=""0/3/4""","9.4","490","100%"
"263","T1 vs OK BRION","35:42","3247","Gumayusi","ADC","Ezreal","Defeat","=""2/2/1""","10.8","730","75%"
"263","T1 vs OK BRION","35:42","3694","Hype","ADC","Ashe","Victory","=""2/0/6""","9.6","501","50%"
"263","T1 vs OK BRION","35:42","1258","Keria","SUPPORT","Alistar","Defeat","=""0/1/2""","1.2","41","50%"
"263","T1 vs OK BRION","35:42","2545","Morgan","TOP","Yorick","Victory","=""1/1/4""","9.8","610","31.2%"
"263","T1 vs OK BRION","35:42","3741","Oner","JUNGLE","Naafiri","Defeat","=""1/3/2""","7.6","297","75%"
"263","T1 vs OK BRION","35:42","4865","Pollu","SUPPORT","Poppy","Victory","=""0/1/12""","0.8","243","75%"
"264","T1 vs OK BRION","38:10","3195","Clozer","MID","Viktor","Defeat","=""4/4/6""","8.7","981","76.9%"
"264","T1 vs OK BRION","38:10","2645","Croco","JUNGLE","Pantheon","Defeat","=""3/7/4""","6.2","476","53.8%"
"264","T1 vs OK BRION","38:10","1242","Doran","TOP","Gwen","Victory","=""10/3/3""","8.8","733","59.1%"
"264","T1 vs OK BRION","38:10","48","Faker","MID","Sylas","Victory","=""4/3/11""","8.0","503","68.2%"
"264","T1 vs OK BRION","38:10","3247","Gumayusi","ADC","Jhin","Victory","=""6/1/10""","9.9","813","72.7%"
"264","T1 vs OK BRION","38:10","3694","Hype","ADC","Miss Fortune","Defeat","=""3/3/5""","10.6","684","61.5%"
"264","T1 vs OK BRION","38:10","1258","Keria","SUPPORT","Rell","Victory","=""1/3/19""","1.1","240","90.9%"
"264","T1 vs OK BRION","38:10","2545","Morgan","TOP","Ambessa","Defeat","=""3/4/5""","7.9","803","61.5%"
"264","T1 vs OK BRION","38:10","3741","Oner","JUNGLE","Xin Zhao","Victory","=""1/3/15""","7.2","455","72.7%"
"264","T1 vs OK BRION","38:10","4865","Pollu","SUPPORT","Braum","Defeat","=""0/4/10""","0.8","165","76.9%"
"265","DN Freecs vs GEN","24:05","3322","Berserker","ADC","Lucian","Defeat","=""0/3/0""","9.1","379","0%"
"265","DN Freecs vs GEN","24:05","3974","Bulldog","MID","Azir","Defeat","=""0/2/0""","9.3","518","0%"
"265","DN Freecs vs GEN","24:05","1909","Canyon","JUNGLE","Naafiri","Victory","=""5/1/9""","6.9","467","87.5%"
"265","DN Freecs vs GEN","24:05","1629","Chovy","MID","Ahri","Victory","=""2/0/10""","9.5","618","75%"
"265","DN Freecs vs GEN","24:05","3082","DuDu","TOP","Sion","Defeat","=""1/2/0""","8.2","399","100%"
"265","DN Freecs vs GEN","24:05","4259","Duro","SUPPORT","Rell","Victory","=""0/1/14""","1.1","209","87.5%"
"265","DN Freecs vs GEN","24:05","1115","Kiin","TOP","Nidalee","Victory","=""1/0/5""","10.0","701","37.5%"
"265","DN Freecs vs GEN","24:05","1906","Life","SUPPORT","Braum","Defeat","=""0/6/0""","1.0","145","0%"
"265","DN Freecs vs GEN","24:05","2664","Pyosik","JUNGLE","Wukong","Defeat","=""0/3/0""","5.9","219","0%"
"265","DN Freecs vs GEN","24:05","685","Ruler","ADC","Ezreal","Victory","=""8/0/1""","10.8","916","56.2%"
"266","DN Freecs vs GEN","25:33","3322","Berserker","ADC","Zeri","Defeat","=""0/2/0""","9.8","354","0%"
"266","DN Freecs vs GEN","25:33","3974","Bulldog","MID","Taliyah","Defeat","=""1/2/0""","9.7","504","50%"
"266","DN Freecs vs GEN","25:33","1909","Canyon","JUNGLE","Skarner","Victory","=""0/0/10""","7.5","346","66.7%"
"266","DN Freecs vs GEN","25:33","1629","Chovy","MID","Corki","Victory","=""3/0/4""","10.5","747","46.7%"
"266","DN Freecs vs GEN","25:33","3082","DuDu","TOP","Ambessa","Defeat","=""1/4/0""","7.4","561","50%"
"266","DN Freecs vs GEN","25:33","4259","Duro","SUPPORT","Alistar","Victory","=""0/0/12""","0.7","155","80%"
"266","DN Freecs vs GEN","25:33","1115","Kiin","TOP","Gwen","Victory","=""4/2/1""","8.9","484","33.3%"
"266","DN Freecs vs GEN","25:33","1906","Life","SUPPORT","Rakan","Defeat","=""0/2/1""","1.3","127","50%"
"266","DN Freecs vs GEN","25:33","2664","Pyosik","JUNGLE","Xin Zhao","Defeat","=""0/5/0""","6.6","163","0%"
"266","DN Freecs vs GEN","25:33","685","Ruler","ADC","Xayah","Victory","=""8/0/0""","11.2","703","53.3%"
"267","Dplus KIA vs BNK FearX","27:51","1328","Aiming","ADC","Zeri","Victory","=""13/1/9""","10.2","805","78.6%"
"267","Dplus KIA vs BNK FearX","27:51","2184","BeryL","SUPPORT","Alistar","Victory","=""0/2/19""","1.0","232","67.9%"
"267","Dplus KIA vs BNK FearX","27:51","3421","Clear","TOP","Gwen","Defeat","=""0/3/0""","7.8","518","0%"
"267","Dplus KIA vs BNK FearX","27:51","4943","Diable","ADC","Xayah","Defeat","=""3/5/2""","8.4","646","100%"
"267","Dplus KIA vs BNK FearX","27:51","1971","Kellin","SUPPORT","Nautilus","Defeat","=""0/6/5""","0.6","276","100%"
"267","Dplus KIA vs BNK FearX","27:51","3895","Lucid","JUNGLE","Pantheon","Victory","=""8/2/10""","6.7","681","64.3%"
"267","Dplus KIA vs BNK FearX","27:51","4233","Raptor","JUNGLE","Skarner","Defeat","=""0/8/3""","4.8","424","60%"
"267","Dplus KIA vs BNK FearX","27:51","1250","ShowMaker","MID","Azir","Victory","=""4/0/18""","9.4","1039","78.6%"
"267","Dplus KIA vs BNK FearX","27:51","5392","Siwoo","TOP","Jax","Victory","=""3/0/7""","8.5","655","35.7%"
"267","Dplus KIA vs BNK FearX","27:51","3326","Vicla","MID","Ryze","Defeat","=""2/6/2""","10.1","604","80%"
"268","Dplus KIA vs BNK FearX","32:26","1328","Aiming","ADC","Lucian","Victory","=""5/1/11""","10.2","730","66.7%"
"268","Dplus KIA vs BNK FearX","32:26","2184","BeryL","SUPPORT","Braum","Victory","=""0/3/20""","1.3","279","83.3%"
"268","Dplus KIA vs BNK FearX","32:26","3421","Clear","TOP","Rumble","Defeat","=""1/5/2""","8.1","564","42.9%"
"268","Dplus KIA vs BNK FearX","32:26","4943","Diable","ADC","Ezreal","Defeat","=""5/4/1""","9.4","587","85.7%"
"268","Dplus KIA vs BNK FearX","32:26","1971","Kellin","SUPPORT","Neeko","Defeat","=""0/6/5""","0.9","402","71.4%"
"268","Dplus KIA vs BNK FearX","32:26","3895","Lucid","JUNGLE","Naafiri","Victory","=""12/2/7""","7.0","473","79.2%"
"268","Dplus KIA vs BNK FearX","32:26","4233","Raptor","JUNGLE","Wukong","Defeat","=""0/5/3""","6.3","308","42.9%"
"268","Dplus KIA vs BNK FearX","32:26","1250","ShowMaker","MID","Ahri","Victory","=""6/0/9""","8.8","586","62.5%"
"268","Dplus KIA vs BNK FearX","32:26","5392","Siwoo","TOP","Ambessa","Victory","=""1/1/7""","9.2","387","33.3%"
"268","Dplus KIA vs BNK FearX","32:26","3326","Vicla","MID","Taliyah","Defeat","=""1/4/4""","8.5","622","71.4%"
"269","DRX vs NS","26:28","4938","Andil","SUPPORT","Alistar","Defeat","=""0/1/7""","0.9","204","70%"
"269","DRX vs NS","26:28","5058","Calix","MID","Azir","Victory","=""1/2/10""","9.6","459","64.7%"
"269","DRX vs NS","26:28","3327","GIDEON","JUNGLE","Viego","Victory","=""7/2/5""","7.6","406","70.6%"
"269","DRX vs NS","26:28","4755","Jiwoo","ADC","Miss Fortune","Victory","=""3/2/10""","9.6","910","76.5%"
"269","DRX vs NS","26:28","5919","LazyFeel","ADC","Jhin","Defeat","=""0/5/7""","7.7","431","70%"
"269","DRX vs NS","26:28","738","Lehends","SUPPORT","Leona","Victory","=""0/2/12""","0.9","234","70.6%"
"269","DRX vs NS","26:28","1613","Rich","TOP","Aurora","Defeat","=""6/1/1""","8.3","741","70%"
"269","DRX vs NS","26:28","4753","Sponge","JUNGLE","Skarner","Defeat","=""4/4/2""","5.6","308","60%"
"269","DRX vs NS","26:28","1504","Ucal","MID","Taliyah","Defeat","=""0/6/6""","7.0","426","60%"
"269","DRX vs NS","26:28","1229","kingen","TOP","Rumble","Victory","=""6/2/6""","7.6","835","70.6%"
"270","DRX vs NS","27:33","4938","Andil","SUPPORT","Braum","Victory","=""0/5/18""","1.2","252","69.2%"
"270","DRX vs NS","27:33","5058","Calix","MID","Sylas","Defeat","=""2/2/1""","8.1","375","21.4%"
"270","DRX vs NS","27:33","3327","GIDEON","JUNGLE","Nocturne","Defeat","=""1/5/5""","6.2","501","42.9%"
"270","DRX vs NS","27:33","4755","Jiwoo","ADC","Varus","Defeat","=""3/5/2""","9.5","914","35.7%"
"270","DRX vs NS","27:33","5919","LazyFeel","ADC","Lucian","Victory","=""7/2/10""","8.4","830","65.4%"
"270","DRX vs NS","27:33","738","Lehends","SUPPORT","Shen","Defeat","=""6/7/4""","1.6","308","71.4%"
"270","DRX vs NS","27:33","1613","Rich","TOP","Gnar","Victory","=""5/5/7""","7.3","823","46.2%"
"270","DRX vs NS","27:33","4753","Sponge","JUNGLE","Poppy","Victory","=""5/1/12""","6.9","539","65.4%"
"270","DRX vs NS","27:33","1504","Ucal","MID","Viktor","Victory","=""9/1/8""","9.1","1054","65.4%"
"270","DRX vs NS","27:33","1229","kingen","TOP","Gwen","Defeat","=""2/7/5""","6.9","724","50%"
"271","DRX vs NS","30:11","4938","Andil","SUPPORT","Renata Glasc","Defeat","=""0/3/8""","0.9","170","66.7%"
"271","DRX vs NS","30:11","5058","Calix","MID","Ryze","Victory","=""2/1/9""","10.6","636","64.7%"
"271","DRX vs NS","30:11","3327","GIDEON","JUNGLE","Pantheon","Victory","=""4/4/7""","5.7","371","64.7%"
"271","DRX vs NS","30:11","4755","Jiwoo","ADC","Draven","Victory","=""4/1/5""","8.2","573","52.9%"
"271","DRX vs NS","30:11","5919","LazyFeel","ADC","Kalista","Defeat","=""5/3/2""","8.1","501","58.3%"
"271","DRX vs NS","30:11","738","Lehends","SUPPORT","Elise","Victory","=""4/5/4""","1.0","490","47.1%"
"271","DRX vs NS","30:11","1613","Rich","TOP","Yorick","Defeat","=""2/5/3""","7.9","696","41.7%"
"271","DRX vs NS","30:11","4753","Sponge","JUNGLE","Xin Zhao","Defeat","=""3/3/5""","5.9","457","66.7%"
"271","DRX vs NS","30:11","1504","Ucal","MID","Ahri","Defeat","=""2/3/4""","10.1","357","50%"
"271","DRX vs NS","30:11","1229","kingen","TOP","Jayce","Victory","=""3/1/7""","9.0","902","58.8%"
"272","KT Rolster vs OK BRION","26:25","650","Bdd","MID","Annie","Defeat","=""0/4/2""","6.4","364","40%"
"272","KT Rolster vs OK BRION","26:25","3438","Bull","ADC","Jhin","Victory","=""4/0/11""","9.0","479","71.4%"
"272","KT Rolster vs OK BRION","26:25","3195","Clozer","MID","Azir","Victory","=""2/3/11""","9.1","613","61.9%"
"272","KT Rolster vs OK BRION","26:25","2645","Croco","JUNGLE","Nocturne","Victory","=""11/2/7""","7.8","498","85.7%"
"272","KT Rolster vs OK BRION","26:25","983","Cuzz","JUNGLE","Viego","Defeat","=""4/5/0""","6.7","328","80%"
"272","KT Rolster vs OK BRION","26:25","2545","Morgan","TOP","Sion","Victory","=""4/0/9""","8.6","516","61.9%"
"272","KT Rolster vs OK BRION","26:25","5122","PerfecT","TOP","Gnar","Defeat","=""0/3/3""","8.7","284","60%"
"272","KT Rolster vs OK BRION","26:25","4260","Peter","SUPPORT","Alistar","Defeat","=""1/5/3""","1.3","123","80%"
"272","KT Rolster vs OK BRION","26:25","4865","Pollu","SUPPORT","Nautilus","Victory","=""0/0/18""","0.8","260","85.7%"
"272","KT Rolster vs OK BRION","26:25","2508","deokdam","ADC","Varus","Defeat","=""0/4/2""","8.2","487","40%"
"273","KT Rolster vs OK BRION","30:40","650","Bdd","MID","Taliyah","Victory","=""3/2/13""","10.2","696","94.1%"
"273","KT Rolster vs OK BRION","30:40","3438","Bull","ADC","Kalista","Defeat","=""2/3/2""","9.5","395","80%"
"273","KT Rolster vs OK BRION","30:40","3195","Clozer","MID","Ahri","Defeat","=""2/3/3""","9.5","377","100%"
"273","KT Rolster vs OK BRION","30:40","2645","Croco","JUNGLE","Xin Zhao","Defeat","=""0/5/3""","6.8","179","60%"
"273","KT Rolster vs OK BRION","30:40","983","Cuzz","JUNGLE","Wukong","Victory","=""5/0/11""","7.7","387","94.1%"
"273","KT Rolster vs OK BRION","30:40","2545","Morgan","TOP","Ambessa","Defeat","=""1/2/2""","8.9","300","60%"
"273","KT Rolster vs OK BRION","30:40","5122","PerfecT","TOP","Rumble","Victory","=""1/2/7""","8.2","568","47.1%"
"273","KT Rolster vs OK BRION","30:40","4260","Peter","SUPPORT","Rakan","Victory","=""0/1/17""","1.5","127","100%"
"273","KT Rolster vs OK BRION","30:40","4865","Pollu","SUPPORT","Renata Glasc","Defeat","=""0/4/4""","0.8","112","80%"
"273","KT Rolster vs OK BRION","30:40","2508","deokdam","ADC","Xayah","Victory","=""8/0/7""","10.4","504","88.2%"
"274","KT Rolster vs OK BRION","35:12","650","Bdd","MID","Ryze","Victory","=""4/2/12""","9.7","618","88.9%"
"274","KT Rolster vs OK BRION","35:12","3438","Bull","ADC","Miss Fortune","Defeat","=""5/2/5""","9.1","519","76.9%"
"274","KT Rolster vs OK BRION","35:12","3195","Clozer","MID","Viktor","Defeat","=""3/5/6""","9.5","794","69.2%"
"274","KT Rolster vs OK BRION","35:12","2645","Croco","JUNGLE","Pantheon","Defeat","=""5/3/7""","5.8","538","92.3%"
"274","KT Rolster vs OK BRION","35:12","983","Cuzz","JUNGLE","Trundle","Victory","=""2/3/14""","6.3","323","88.9%"
"274","KT Rolster vs OK BRION","35:12","2545","Morgan","TOP","Ornn","Defeat","=""0/3/8""","7.5","238","61.5%"
"274","KT Rolster vs OK BRION","35:12","5122","PerfecT","TOP","Jayce","Victory","=""5/3/6""","8.7","967","61.1%"
"274","KT Rolster vs OK BRION","35:12","4260","Peter","SUPPORT","Leona","Victory","=""0/3/12""","1.2","165","66.7%"
"274","KT Rolster vs OK BRION","35:12","4865","Pollu","SUPPORT","Braum","Defeat","=""0/5/13""","0.6","194","100%"
"274","KT Rolster vs OK BRION","35:12","2508","deokdam","ADC","Caitlyn","Victory","=""7/2/6""","8.9","732","72.2%"
"275","GEN vs T1","34:12","1909","Canyon","JUNGLE","Pantheon","Victory","=""1/3/3""","8.1","308","36.4%"
"275","GEN vs T1","34:12","1629","Chovy","MID","Galio","Victory","=""3/2/6""","9.5","459","81.8%"
"275","GEN vs T1","34:12","1242","Doran","TOP","Rumble","Defeat","=""3/2/2""","8.5","518","100%"
"275","GEN vs T1","34:12","4259","Duro","SUPPORT","Alistar","Victory","=""1/0/7""","0.9","125","72.7%"
"275","GEN vs T1","34:12","48","Faker","MID","Orianna","Defeat","=""0/3/4""","9.7","503","80%"
"275","GEN vs T1","34:12","3247","Gumayusi","ADC","Ashe","Defeat","=""2/1/2""","9.6","671","80%"
"275","GEN vs T1","34:12","1258","Keria","SUPPORT","Braum","Defeat","=""0/2/5""","1.1","124","100%"
"275","GEN vs T1","34:12","1115","Kiin","TOP","Ornn","Victory","=""1/0/8""","8.7","412","81.8%"
"275","GEN vs T1","34:12","3741","Oner","JUNGLE","Wukong","Defeat","=""0/3/3""","7.2","262","60%"
"275","GEN vs T1","34:12","685","Ruler","ADC","Jhin","Victory","=""5/0/5""","10.4","634","90.9%"
"276","GEN vs T1","37:32","1909","Canyon","JUNGLE","Skarner","Victory","=""4/4/11""","5.3","604","93.8%"
"276","GEN vs T1","37:32","1629","Chovy","MID","Azir","Victory","=""4/6/8""","8.7","1153","75%"
"276","GEN vs T1","37:32","1242","Doran","TOP","Sion","Defeat","=""3/3/13""","7.6","562","80%"
"276","GEN vs T1","37:32","4259","Duro","SUPPORT","Rakan","Victory","=""0/4/11""","1.0","130","68.8%"
"276","GEN vs T1","37:32","48","Faker","MID","Ahri","Defeat","=""4/3/15""","7.8","660","95%"
"276","GEN vs T1","37:32","3247","Gumayusi","ADC","Varus","Defeat","=""9/5/6""","9.2","878","75%"
"276","GEN vs T1","37:32","1258","Keria","SUPPORT","Renata Glasc","Defeat","=""1/2/15""","1.0","245","80%"
"276","GEN vs T1","37:32","1115","Kiin","TOP","Jayce","Victory","=""3/4/7""","8.6","1018","62.5%"
"276","GEN vs T1","37:32","3741","Oner","JUNGLE","Xin Zhao","Defeat","=""3/3/10""","7.0","525","65%"
"276","GEN vs T1","37:32","685","Ruler","ADC","Xayah","Victory","=""5/2/7""","10.7","1080","75%"
"277","HLE vs DN Freecs","33:05","3322","Berserker","ADC","Miss Fortune","Defeat","=""0/3/2""","10.3","208","33.3%"
"277","HLE vs DN Freecs","33:05","3974","Bulldog","MID","Ahri","Defeat","=""1/2/1""","8.6","325","33.3%"
"277","HLE vs DN Freecs","33:05","3411","Delight","SUPPORT","Rell","Victory","=""0/0/12""","1.4","186","70.6%"
"277","HLE vs DN Freecs","33:05","3082","DuDu","TOP","Gwen","Defeat","=""0/5/2""","7.6","361","33.3%"
"277","HLE vs DN Freecs","33:05","1906","Life","SUPPORT","Neeko","Defeat","=""1/4/2""","1.1","246","50%"
"277","HLE vs DN Freecs","33:05","392","Peanut","JUNGLE","Poppy","Victory","=""1/1/7""","6.4","320","47.1%"
"277","HLE vs DN Freecs","33:05","2664","Pyosik","JUNGLE","Pantheon","Defeat","=""4/3/1""","7.0","395","83.3%"
"277","HLE vs DN Freecs","33:05","1228","Viper","ADC","Jhin","Victory","=""4/1/2""","9.7","417","35.3%"
"277","HLE vs DN Freecs","33:05","2906","Zeka","MID","Azir","Victory","=""2/0/5""","9.5","671","41.2%"
"277","HLE vs DN Freecs","33:05","3658","Zeus","TOP","Kennen","Victory","=""10/4/2""","8.5","971","70.6%"
"278","HLE vs DN Freecs","33:08","3322","Berserker","ADC","Varus","Defeat","=""1/4/7""","9.8","668","100%"
"278","HLE vs DN Freecs","33:08","3974","Bulldog","MID","Viktor","Defeat","=""0/2/6""","8.3","1080","75%"
"278","HLE vs DN Freecs","33:08","3411","Delight","SUPPORT","Soraka","Victory","=""1/2/15""","1.1","191","94.1%"
"278","HLE vs DN Freecs","33:08","3082","DuDu","TOP","Sion","Defeat","=""3/3/2""","8.8","726","62.5%"
"278","HLE vs DN Freecs","33:08","1906","Life","SUPPORT","Renata Glasc","Defeat","=""1/3/7""","1.2","181","100%"
"278","HLE vs DN Freecs","33:08","392","Peanut","JUNGLE","Xin Zhao","Victory","=""4/1/6""","7.5","387","58.8%"
"278","HLE vs DN Freecs","33:08","2664","Pyosik","JUNGLE","Wukong","Defeat","=""3/5/4""","6.2","370","87.5%"
"278","HLE vs DN Freecs","33:08","1228","Viper","ADC","Kalista","Victory","=""5/2/9""","10.6","1024","82.4%"
"278","HLE vs DN Freecs","33:08","2906","Zeka","MID","Galio","Victory","=""0/1/11""","9.8","522","64.7%"
"278","HLE vs DN Freecs","33:08","3658","Zeus","TOP","Vladimir","Victory","=""7/2/7""","9.8","1119","82.4%"
"279","DN Freecs vs DRX","33:55","4938","Andil","SUPPORT","Alistar","Victory","=""0/1/8""","0.8","123","57.1%"
"279","DN Freecs vs DRX","33:55","3322","Berserker","ADC","Lucian","Defeat","=""3/2/1""","10.4","701","80%"
"279","DN Freecs vs DRX","33:55","3974","Bulldog","MID","Taliyah","Defeat","=""1/2/1""","9.0","918","40%"
"279","DN Freecs vs DRX","33:55","3082","DuDu","TOP","Gwen","Defeat","=""1/4/2""","7.9","433","60%"
"279","DN Freecs vs DRX","33:55","5919","LazyFeel","ADC","Senna","Victory","=""1/1/6""","8.0","486","50%"
"279","DN Freecs vs DRX","33:55","1906","Life","SUPPORT","Braum","Defeat","=""0/3/4""","0.9","185","80%"
"279","DN Freecs vs DRX","33:55","2664","Pyosik","JUNGLE","Wukong","Defeat","=""0/3/3""","6.1","190","60%"
"279","DN Freecs vs DRX","33:55","1613","Rich","TOP","Jayce","Victory","=""8/1/5""","10.1","875","92.9%"
"279","DN Freecs vs DRX","33:55","4753","Sponge","JUNGLE","Xin Zhao","Victory","=""3/1/3""","7.0","401","42.9%"
"279","DN Freecs vs DRX","33:55","1504","Ucal","MID","Ryze","Victory","=""2/1/4""","10.8","497","42.9%"
"280","DN Freecs vs DRX","36:08","4938","Andil","SUPPORT","Neeko","Victory","=""0/4/10""","1.0","322","83.3%"
"280","DN Freecs vs DRX","36:08","3322","Berserker","ADC","Kalista","Defeat","=""7/2/3""","9.2","846","71.4%"
"280","DN Freecs vs DRX","36:08","3974","Bulldog","MID","Hwei","Defeat","=""1/3/8""","8.1","723","64.3%"
"280","DN Freecs vs DRX","36:08","3082","DuDu","TOP","Ambessa","Defeat","=""4/2/3""","9.1","707","50%"
"280","DN Freecs vs DRX","36:08","5919","LazyFeel","ADC","Ezreal","Victory","=""3/1/9""","9.7","1057","100%"
"280","DN Freecs vs DRX","36:08","1906","Life","SUPPORT","Renata Glasc","Defeat","=""0/3/12""","1.0","137","85.7%"
"280","DN Freecs vs DRX","36:08","2664","Pyosik","JUNGLE","Trundle","Defeat","=""2/2/7""","6.3","248","64.3%"
"280","DN Freecs vs DRX","36:08","1613","Rich","TOP","Sion","Victory","=""0/4/8""","6.1","422","66.7%"
"280","DN Freecs vs DRX","36:08","4753","Sponge","JUNGLE","Pantheon","Victory","=""3/3/8""","6.8","572","91.7%"
"280","DN Freecs vs DRX","36:08","1504","Ucal","MID","Azir","Victory","=""6/2/3""","10.2","741","75%"
"281","GEN vs HLE","27:15","1909","Canyon","JUNGLE","Skarner","Victory","=""3/2/17""","7.2","422","83.3%"
"281","GEN vs HLE","27:15","1629","Chovy","MID","Azir","Victory","=""13/2/7""","9.7","1001","83.3%"
"281","GEN vs HLE","27:15","3411","Delight","SUPPORT","Alistar","Defeat","=""0/6/7""","1.2","175","87.5%"
"281","GEN vs HLE","27:15","4259","Duro","SUPPORT","Braum","Victory","=""1/3/22""","0.7","212","95.8%"
"281","GEN vs HLE","27:15","1115","Kiin","TOP","Nidalee","Victory","=""0/0/14""","8.4","712","58.3%"
"281","GEN vs HLE","27:15","392","Peanut","JUNGLE","Xin Zhao","Defeat","=""0/6/2""","6.4","396","25%"
"281","GEN vs HLE","27:15","685","Ruler","ADC","Lucian","Victory","=""7/1/12""","9.6","956","79.2%"
"281","GEN vs HLE","27:15","1228","Viper","ADC","Senna","Defeat","=""1/5/4""","7.9","652","62.5%"
"281","GEN vs HLE","27:15","2906","Zeka","MID","Ahri","Defeat","=""3/4/3""","9.2","620","75%"
"281","GEN vs HLE","27:15","3658","Zeus","TOP","Gwen","Defeat","=""4/3/3""","8.5","702","87.5%"
"282","GEN vs HLE","29:37","1909","Canyon","JUNGLE","Vi","Victory","=""4/2/12""","6.7","474","66.7%"
"282","GEN vs HLE","29:37","1629","Chovy","MID","Renekton","Victory","=""3/1/6""","10.2","663","37.5%"
"282","GEN vs HLE","29:37","3411","Delight","SUPPORT","Rakan","Defeat","=""0/5/6""","1.2","119","66.7%"
"282","GEN vs HLE","29:37","4259","Duro","SUPPORT","Renata Glasc","Victory","=""1/1/16""","0.8","231","70.8%"
"282","GEN vs HLE","29:37","1115","Kiin","TOP","Aurora","Victory","=""7/2/9""","6.8","925","66.7%"
"282","GEN vs HLE","29:37","392","Peanut","JUNGLE","Pantheon","Defeat","=""3/5/3""","6.2","455","66.7%"
"282","GEN vs HLE","29:37","685","Ruler","ADC","Varus","Victory","=""9/3/6""","9.2","863","62.5%"
"282","GEN vs HLE","29:37","1228","Viper","ADC","Xayah","Defeat","=""4/4/3""","9.0","793","77.8%"
"282","GEN vs HLE","29:37","2906","Zeka","MID","Galio","Defeat","=""1/4/5""","8.3","780","66.7%"
"282","GEN vs HLE","29:37","3658","Zeus","TOP","Gnar","Defeat","=""1/6/3""","6.4","396","44.4%"
"283","GEN vs HLE","47:39","1909","Canyon","JUNGLE","Naafiri","Defeat","=""3/5/6""","7.4","237","60%"
"283","GEN vs HLE","47:39","1629","Chovy","MID","Hwei","Defeat","=""3/2/9""","9.1","826","80%"
"283","GEN vs HLE","47:39","3411","Delight","SUPPORT","Rell","Victory","=""1/6/17""","1.1","199","81.8%"
"283","GEN vs HLE","47:39","4259","Duro","SUPPORT","Nautilus","Defeat","=""0/6/9""","0.8","119","60%"
"283","GEN vs HLE","47:39","1115","Kiin","TOP","Ornn","Defeat","=""3/3/10""","6.7","415","86.7%"
"283","GEN vs HLE","47:39","392","Peanut","JUNGLE","Sejuani","Victory","=""3/2/12""","6.0","427","68.2%"
"283","GEN vs HLE","47:39","685","Ruler","ADC","Miss Fortune","Defeat","=""6/6/6""","9.9","750","80%"
"283","GEN vs HLE","47:39","1228","Viper","ADC","Ezreal","Victory","=""10/1/5""","10.0","995","68.2%"
"283","GEN vs HLE","47:39","2906","Zeka","MID","Taliyah","Victory","=""4/3/7""","9.5","569","50%"
"283","GEN vs HLE","47:39","3658","Zeus","TOP","Jayce","Victory","=""4/3/11""","8.1","735","68.2%"
"284","OK BRION vs Dplus KIA","28:52","1328","Aiming","ADC","Miss Fortune","Defeat","=""0/2/4""","8.9","361","80%"
"284","OK BRION vs Dplus KIA","28:52","2184","BeryL","SUPPORT","Nautilus","Defeat","=""0/5/2""","1.3","142","40%"
"284","OK BRION vs Dplus KIA","28:52","3195","Clozer","MID","Yone","Victory","=""7/0/8""","10.2","619","78.9%"
"284","OK BRION vs Dplus KIA","28:52","2645","Croco","JUNGLE","Sejuani","Victory","=""4/0/12""","7.4","496","84.2%"
"284","OK BRION vs Dplus KIA","28:52","3694","Hype","ADC","Varus","Victory","=""6/2/8""","8.0","786","73.7%"
"284","OK BRION vs Dplus KIA","28:52","3895","Lucid","JUNGLE","Naafiri","Defeat","=""2/5/2""","5.5","337","80%"
"284","OK BRION vs Dplus KIA","28:52","2545","Morgan","TOP","Rumble","Victory","=""1/0/13""","8.9","551","73.7%"
"284","OK BRION vs Dplus KIA","28:52","4865","Pollu","SUPPORT","Poppy","Victory","=""1/3/8""","0.9","269","47.4%"
"284","OK BRION vs Dplus KIA","28:52","1250","ShowMaker","MID","Taliyah","Defeat","=""1/4/3""","8.6","524","80%"
"284","OK BRION vs Dplus KIA","28:52","5392","Siwoo","TOP","Ambessa","Defeat","=""2/3/0""","8.8","413","40%"
"285","OK BRION vs Dplus KIA","29:20","1328","Aiming","ADC","Lucian","Defeat","=""5/2/0""","9.4","892","100%"
"285","OK BRION vs Dplus KIA","29:20","2184","BeryL","SUPPORT","Rakan","Defeat","=""0/3/5""","1.4","131","100%"
"285","OK BRION vs Dplus KIA","29:20","3195","Clozer","MID","Ahri","Victory","=""2/0/13""","9.8","594","83.3%"
"285","OK BRION vs Dplus KIA","29:20","2645","Croco","JUNGLE","Wukong","Victory","=""2/2/9""","7.1","330","61.1%"
"285","OK BRION vs Dplus KIA","29:20","3694","Hype","ADC","Ezreal","Victory","=""10/1/6""","9.6","1206","88.9%"
"285","OK BRION vs Dplus KIA","29:20","3895","Lucid","JUNGLE","Skarner","Defeat","=""0/5/5""","6.1","206","100%"
"285","OK BRION vs Dplus KIA","29:20","2545","Morgan","TOP","Sion","Victory","=""4/1/11""","7.6","615","83.3%"
"285","OK BRION vs Dplus KIA","29:20","4865","Pollu","SUPPORT","Rell","Victory","=""0/1/18""","1.2","259","100%"
"285","OK BRION vs Dplus KIA","29:20","1250","ShowMaker","MID","Azir","Defeat","=""0/4/3""","9.4","635","60%"
"285","OK BRION vs Dplus KIA","29:20","5392","Siwoo","TOP","Aatrox","Defeat","=""0/4/5""","8.2","520","100%"
"286","T1 vs BNK FearX","28:17","4943","Diable","ADC","Ezreal","Defeat","=""2/1/4""","9.2","730","54.5%"
"286","T1 vs BNK FearX","28:17","1242","Doran","TOP","Yorick","Victory","=""8/3/4""","8.0","1139","57.1%"
"286","T1 vs BNK FearX","28:17","48","Faker","MID","Viktor","Victory","=""3/2/5""","9.2","825","38.1%"
"286","T1 vs BNK FearX","28:17","3247","Gumayusi","ADC","Kalista","Victory","=""3/2/5""","9.2","405","38.1%"
"286","T1 vs BNK FearX","28:17","1971","Kellin","SUPPORT","Neeko","Defeat","=""1/4/7""","1.1","349","72.7%"
"286","T1 vs BNK FearX","28:17","1258","Keria","SUPPORT","Renata Glasc","Victory","=""1/2/13""","1.4","284","66.7%"
"286","T1 vs BNK FearX","28:17","3741","Oner","JUNGLE","Nocturne","Victory","=""6/2/4""","7.2","668","47.6%"
"286","T1 vs BNK FearX","28:17","4233","Raptor","JUNGLE","Xin Zhao","Defeat","=""1/5/4""","5.7","475","45.5%"
"286","T1 vs BNK FearX","28:17","4232","Soboro","TOP","Olaf","Defeat","=""5/5/3""","8.3","575","72.7%"
"286","T1 vs BNK FearX","28:17","3326","Vicla","MID","Annie","Defeat","=""2/6/7""","6.3","701","81.8%"
"287","T1 vs BNK FearX","33:47","4943","Diable","ADC","Lucian","Defeat","=""2/4/1""","8.7","317","50%"
"287","T1 vs BNK FearX","33:47","1242","Doran","TOP","Rumble","Victory","=""5/2/5""","8.4","571","55.6%"
"287","T1 vs BNK FearX","33:47","48","Faker","MID","Smolder","Victory","=""4/1/4""","10.4","448","44.4%"
"287","T1 vs BNK FearX","33:47","3247","Gumayusi","ADC","Senna","Victory","=""8/2/8""","9.2","851","88.9%"
"287","T1 vs BNK FearX","33:47","1971","Kellin","SUPPORT","Braum","Defeat","=""0/2/3""","0.8","127","50%"
"287","T1 vs BNK FearX","33:47","1258","Keria","SUPPORT","Nautilus","Victory","=""0/0/15""","1.0","186","83.3%"
"287","T1 vs BNK FearX","33:47","3741","Oner","JUNGLE","Skarner","Victory","=""1/1/11""","6.2","245","66.7%"
"287","T1 vs BNK FearX","33:47","4233","Raptor","JUNGLE","Poppy","Defeat","=""3/4/1""","5.4","190","66.7%"
"287","T1 vs BNK FearX","33:47","4232","Soboro","TOP","Jayce","Defeat","=""1/5/2""","7.8","468","50%"
"287","T1 vs BNK FearX","33:47","3326","Vicla","MID","Azir","Defeat","=""0/3/3""","9.5","444","50%"
"288","GEN vs DRX","26:18","4938","Andil","SUPPORT","Rell","Defeat","=""0/5/6""","1.0","218","85.7%"
"288","GEN vs DRX","26:18","1909","Canyon","JUNGLE","Xin Zhao","Victory","=""5/2/14""","7.0","729","86.4%"
"288","GEN vs DRX","26:18","1629","Chovy","MID","Ahri","Victory","=""4/1/6""","10.0","638","45.5%"
"288","GEN vs DRX","26:18","4259","Duro","SUPPORT","Braum","Victory","=""1/2/15""","0.3","200","72.7%"
"288","GEN vs DRX","26:18","1115","Kiin","TOP","Jayce","Victory","=""4/2/9""","9.9","796","59.1%"
"288","GEN vs DRX","26:18","5919","LazyFeel","ADC","Varus","Defeat","=""4/3/2""","8.8","687","85.7%"
"288","GEN vs DRX","26:18","1613","Rich","TOP","Yorick","Defeat","=""1/5/2""","7.6","525","42.9%"
"288","GEN vs DRX","26:18","685","Ruler","ADC","Lucian","Victory","=""8/1/10""","9.9","844","81.8%"
"288","GEN vs DRX","26:18","4753","Sponge","JUNGLE","Trundle","Defeat","=""2/5/3""","5.4","340","71.4%"
"288","GEN vs DRX","26:18","1504","Ucal","MID","Ryze","Defeat","=""0/4/3""","8.7","566","42.9%"
"289","GEN vs DRX","37:17","4938","Andil","SUPPORT","Gragas","Defeat","=""0/5/7""","1.1","241","53.8%"
"289","GEN vs DRX","37:17","1909","Canyon","JUNGLE","Nocturne","Victory","=""0/3/6""","6.8","291","31.6%"
"289","GEN vs DRX","37:17","1629","Chovy","MID","Galio","Victory","=""2/4/14""","8.8","735","84.2%"
"289","GEN vs DRX","37:17","4259","Duro","SUPPORT","Alistar","Victory","=""0/0/15""","0.6","155","78.9%"
"289","GEN vs DRX","37:17","1115","Kiin","TOP","Gwen","Victory","=""3/5/7""","7.3","712","52.6%"
"289","GEN vs DRX","37:17","5919","LazyFeel","ADC","Senna","Defeat","=""4/4/7""","6.8","855","84.6%"
"289","GEN vs DRX","37:17","1613","Rich","TOP","Gnar","Defeat","=""4/2/5""","7.8","781","69.2%"
"289","GEN vs DRX","37:17","685","Ruler","ADC","Tristana","Victory","=""14/1/2""","10.0","1536","84.2%"
"289","GEN vs DRX","37:17","4753","Sponge","JUNGLE","Poppy","Defeat","=""5/3/8""","5.9","557","100%"
"289","GEN vs DRX","37:17","1504","Ucal","MID","Viktor","Defeat","=""0/5/5""","8.5","536","38.5%"
"290","NS vs KT Rolster","27:38","650","Bdd","MID","Ahri","Defeat","=""2/2/5""","8.4","469","87.5%"
"290","NS vs KT Rolster","27:38","5058","Calix","MID","Azir","Victory","=""4/0/9""","10.4","721","81.2%"
"290","NS vs KT Rolster","27:38","983","Cuzz","JUNGLE","Wukong","Defeat","=""2/3/5""","6.4","343","87.5%"
"290","NS vs KT Rolster","27:38","3327","GIDEON","JUNGLE","Sejuani","Victory","=""3/2/11""","6.1","414","87.5%"
"290","NS vs KT Rolster","27:38","738","Lehends","SUPPORT","Shen","Victory","=""2/6/7""","1.1","159","56.2%"
"290","NS vs KT Rolster","27:38","5122","PerfecT","TOP","Sion","Defeat","=""1/3/3""","7.1","322","50%"
"290","NS vs KT Rolster","27:38","4260","Peter","SUPPORT","Rell","Defeat","=""0/5/8""","0.9","160","100%"
"290","NS vs KT Rolster","27:38","2761","Vital","ADC","Varus","Victory","=""4/0/7""","8.6","754","68.8%"
"290","NS vs KT Rolster","27:38","2508","deokdam","ADC","Miss Fortune","Defeat","=""3/3/4""","9.3","621","87.5%"
"290","NS vs KT Rolster","27:38","1229","kingen","TOP","Camille","Victory","=""3/0/8""","8.1","587","68.8%"
"291","NS vs KT Rolster","30:30","650","Bdd","MID","Ryze","Victory","=""6/0/3""","10.5","806","69.2%"
"291","NS vs KT Rolster","30:30","5058","Calix","MID","Orianna","Defeat","=""1/1/2""","9.4","638","100%"
"291","NS vs KT Rolster","30:30","983","Cuzz","JUNGLE","Trundle","Victory","=""0/1/9""","6.5","302","69.2%"
"291","NS vs KT Rolster","30:30","3327","GIDEON","JUNGLE","Viego","Defeat","=""1/3/1""","6.3","240","66.7%"
"291","NS vs KT Rolster","30:30","738","Lehends","SUPPORT","Braum","Defeat","=""0/4/3""","1.0","163","100%"
"291","NS vs KT Rolster","30:30","5122","PerfecT","TOP","Yorick","Victory","=""1/0/1""","10.2","289","15.4%"
"291","NS vs KT Rolster","30:30","4260","Peter","SUPPORT","Lulu","Victory","=""1/1/11""","0.8","198","92.3%"
"291","NS vs KT Rolster","30:30","2761","Vital","ADC","Xayah","Defeat","=""1/2/2""","9.5","335","100%"
"291","NS vs KT Rolster","30:30","2508","deokdam","ADC","Jinx","Victory","=""5/1/5""","9.8","748","76.9%"
"291","NS vs KT Rolster","30:30","1229","kingen","TOP","Aurora","Defeat","=""0/3/3""","8.6","556","100%"
"292","NS vs KT Rolster","35:10","650","Bdd","MID","Taliyah","Victory","=""4/0/12""","9.6","542","80%"
"292","NS vs KT Rolster","35:10","5058","Calix","MID","Galio","Defeat","=""0/5/5""","8.1","342","55.6%"
"292","NS vs KT Rolster","35:10","983","Cuzz","JUNGLE","Xin Zhao","Victory","=""5/2/12""","7.1","566","85%"
"292","NS vs KT Rolster","35:10","3327","GIDEON","JUNGLE","Pantheon","Defeat","=""2/5/5""","6.3","336","77.8%"
"292","NS vs KT Rolster","35:10","738","Lehends","SUPPORT","Leona","Defeat","=""1/5/5""","1.3","170","66.7%"
"292","NS vs KT Rolster","35:10","5122","PerfecT","TOP","Rumble","Victory","=""3/2/8""","7.6","681","55%"
"292","NS vs KT Rolster","35:10","4260","Peter","SUPPORT","Alistar","Victory","=""0/5/18""","1.0","132","90%"
"292","NS vs KT Rolster","35:10","2761","Vital","ADC","Ezreal","Defeat","=""3/1/3""","9.8","1151","66.7%"
"292","NS vs KT Rolster","35:10","2508","deokdam","ADC","Jhin","Victory","=""8/0/9""","8.4","936","85%"
"292","NS vs KT Rolster","35:10","1229","kingen","TOP","Nidalee","Defeat","=""3/4/2""","8.8","492","55.6%"
"293","DN Freecs vs T1","27:20","3322","Berserker","ADC","Senna","Defeat","=""0/1/4""","8.7","567","66.7%"
"293","DN Freecs vs T1","27:20","3974","Bulldog","MID","Yone","Defeat","=""1/4/2""","9.3","389","50%"
"293","DN Freecs vs T1","27:20","1242","Doran","TOP","Gwen","Victory","=""7/0/8""","8.9","703","78.9%"
"293","DN Freecs vs T1","27:20","3082","DuDu","TOP","Rumble","Defeat","=""3/4/2""","7.5","642","83.3%"
"293","DN Freecs vs T1","27:20","48","Faker","MID","Taliyah","Victory","=""4/1/13""","9.5","761","89.5%"
"293","DN Freecs vs T1","27:20","3247","Gumayusi","ADC","Miss Fortune","Victory","=""6/1/6""","10.2","631","63.2%"
"293","DN Freecs vs T1","27:20","1258","Keria","SUPPORT","Rell","Victory","=""0/3/16""","1.1","191","84.2%"
"293","DN Freecs vs T1","27:20","1906","Life","SUPPORT","Nautilus","Defeat","=""1/6/4""","1.1","195","83.3%"
"293","DN Freecs vs T1","27:20","3741","Oner","JUNGLE","Skarner","Victory","=""2/1/17""","6.4","474","100%"
"293","DN Freecs vs T1","27:20","2664","Pyosik","JUNGLE","Sejuani","Defeat","=""1/4/5""","6.4","336","100%"
"294","DN Freecs vs T1","44:49","3322","Berserker","ADC","Ezreal","Defeat","=""5/5/5""","9.6","816","47.6%"
"294","DN Freecs vs T1","44:49","3974","Bulldog","MID","Viktor","Defeat","=""1/5/9""","7.9","691","47.6%"
"294","DN Freecs vs T1","44:49","1242","Doran","TOP","Nidalee","Victory","=""3/5/4""","9.1","1084","41.2%"
"294","DN Freecs vs T1","44:49","3082","DuDu","TOP","Sion","Defeat","=""7/2/5""","8.6","1136","57.1%"
"294","DN Freecs vs T1","44:49","48","Faker","MID","Orianna","Victory","=""2/4/13""","7.3","913","88.2%"
"294","DN Freecs vs T1","44:49","3247","Gumayusi","ADC","Lucian","Victory","=""8/4/6""","9.0","1002","82.4%"
"294","DN Freecs vs T1","44:49","1258","Keria","SUPPORT","Bard","Victory","=""2/4/14""","1.0","366","94.1%"
"294","DN Freecs vs T1","44:49","1906","Life","SUPPORT","Braum","Defeat","=""1/3/14""","1.1","199","71.4%"
"294","DN Freecs vs T1","44:49","3741","Oner","JUNGLE","Nocturne","Victory","=""2/4/9""","6.9","739","64.7%"
"294","DN Freecs vs T1","44:49","2664","Pyosik","JUNGLE","Trundle","Defeat","=""7/2/12""","6.2","686","90.5%"
"295","HLE vs Dplus KIA","29:36","1328","Aiming","ADC","Ezreal","Defeat","=""4/4/3""","9.4","759","77.8%"
"295","HLE vs Dplus KIA","29:36","2184","BeryL","SUPPORT","Neeko","Defeat","=""0/5/4""","1.8","328","44.4%"
"295","HLE vs Dplus KIA","29:36","3411","Delight","SUPPORT","Leona","Victory","=""0/5/17""","1.3","254","73.9%"
"295","HLE vs Dplus KIA","29:36","3895","Lucid","JUNGLE","Pantheon","Defeat","=""4/5/1""","5.8","278","55.6%"
"295","HLE vs Dplus KIA","29:36","392","Peanut","JUNGLE","Wukong","Victory","=""5/1/8""","7.1","468","56.5%"
"295","HLE vs Dplus KIA","29:36","1250","ShowMaker","MID","Ryze","Defeat","=""0/4/4""","8.9","453","44.4%"
"295","HLE vs Dplus KIA","29:36","5392","Siwoo","TOP","Chogath","Defeat","=""1/5/1""","6.7","356","22.2%"
"295","HLE vs Dplus KIA","29:36","1228","Viper","ADC","Jhin","Victory","=""9/0/9""","9.8","873","78.3%"
"295","HLE vs Dplus KIA","29:36","2906","Zeka","MID","Taliyah","Victory","=""8/1/8""","8.8","912","69.6%"
"295","HLE vs Dplus KIA","29:36","3658","Zeus","TOP","Sion","Victory","=""1/2/13""","7.3","707","60.9%"
"296","HLE vs Dplus KIA","30:04","1328","Aiming","ADC","Senna","Victory","=""5/0/14""","9.3","753","86.4%"
"296","HLE vs Dplus KIA","30:04","2184","BeryL","SUPPORT","Nautilus","Victory","=""1/2/12""","1.6","152","59.1%"
"296","HLE vs Dplus KIA","30:04","3411","Delight","SUPPORT","Rell","Defeat","=""0/4/4""","1.2","137","57.1%"
"296","HLE vs Dplus KIA","30:04","3895","Lucid","JUNGLE","Xin Zhao","Victory","=""3/2/11""","7.2","444","63.6%"
"296","HLE vs Dplus KIA","30:04","392","Peanut","JUNGLE","Sejuani","Defeat","=""2/6/3""","5.1","238","71.4%"
"296","HLE vs Dplus KIA","30:04","1250","ShowMaker","MID","Ahri","Victory","=""9/1/9""","8.7","634","81.8%"
"296","HLE vs Dplus KIA","30:04","5392","Siwoo","TOP","Gwen","Victory","=""4/2/5""","8.0","554","40.9%"
"296","HLE vs Dplus KIA","30:04","1228","Viper","ADC","Varus","Defeat","=""0/5/2""","9.4","428","28.6%"
"296","HLE vs Dplus KIA","30:04","2906","Zeka","MID","Azir","Defeat","=""2/4/2""","9.0","668","57.1%"
"296","HLE vs Dplus KIA","30:04","3658","Zeus","TOP","Jayce","Defeat","=""3/3/1""","8.6","902","57.1%"
"297","HLE vs Dplus KIA","33:59","1328","Aiming","ADC","Jinx","Victory","=""1/0/7""","11.5","622","61.5%"
"297","HLE vs Dplus KIA","33:59","2184","BeryL","SUPPORT","Alistar","Victory","=""0/4/6""","1.0","110","46.2%"
"297","HLE vs Dplus KIA","33:59","3411","Delight","SUPPORT","Rakan","Defeat","=""0/3/9""","1.1","133","100%"
"297","HLE vs Dplus KIA","33:59","3895","Lucid","JUNGLE","Kindred","Victory","=""1/3/9""","7.2","610","76.9%"
"297","HLE vs Dplus KIA","33:59","392","Peanut","JUNGLE","Nidalee","Defeat","=""2/2/6""","6.7","533","88.9%"
"297","HLE vs Dplus KIA","33:59","1250","ShowMaker","MID","Viktor","Victory","=""6/1/5""","7.9","837","84.6%"
"297","HLE vs Dplus KIA","33:59","5392","Siwoo","TOP","Yorick","Victory","=""5/1/7""","8.6","578","92.3%"
"297","HLE vs Dplus KIA","33:59","1228","Viper","ADC","Xayah","Defeat","=""2/2/6""","10.2","554","88.9%"
"297","HLE vs Dplus KIA","33:59","2906","Zeka","MID","Corki","Defeat","=""3/3/5""","9.5","585","88.9%"
"297","HLE vs Dplus KIA","33:59","3658","Zeus","TOP","KSante","Defeat","=""2/3/6""","8.2","285","88.9%"
"298","BNK FearX vs KT Rolster","27:05","650","Bdd","MID","Syndra","Victory","=""7/2/10""","8.3","825","81%"
"298","BNK FearX vs KT Rolster","27:05","983","Cuzz","JUNGLE","Wukong","Victory","=""4/0/15""","6.6","485","90.5%"
"298","BNK FearX vs KT Rolster","27:05","4221","Daystar","MID","Taliyah","Defeat","=""2/4/5""","8.0","548","87.5%"
"298","BNK FearX vs KT Rolster","27:05","4943","Diable","ADC","Lucian","Defeat","=""4/3/3""","10.0","660","87.5%"
"298","BNK FearX vs KT Rolster","27:05","1971","Kellin","SUPPORT","Braum","Defeat","=""0/5/7""","0.8","218","87.5%"
"298","BNK FearX vs KT Rolster","27:05","5122","PerfecT","TOP","Renekton","Victory","=""3/4/8""","8.1","531","52.4%"
"298","BNK FearX vs KT Rolster","27:05","4260","Peter","SUPPORT","Alistar","Victory","=""0/2/17""","1.1","118","81%"
"298","BNK FearX vs KT Rolster","27:05","4233","Raptor","JUNGLE","Pantheon","Defeat","=""2/5/3""","6.2","376","62.5%"
"298","BNK FearX vs KT Rolster","27:05","4232","Soboro","TOP","KSante","Defeat","=""0/4/4""","7.0","439","50%"
"298","BNK FearX vs KT Rolster","27:05","2508","deokdam","ADC","Ezreal","Victory","=""7/0/8""","8.9","978","71.4%"
"299","BNK FearX vs KT Rolster","29:28","650","Bdd","MID","Azir","Defeat","=""0/4/2""","9.2","497","66.7%"
"299","BNK FearX vs KT Rolster","29:28","983","Cuzz","JUNGLE","Nidalee","Defeat","=""1/2/1""","6.9","399","66.7%"
"299","BNK FearX vs KT Rolster","29:28","4221","Daystar","MID","Ahri","Victory","=""3/0/10""","8.9","479","76.5%"
"299","BNK FearX vs KT Rolster","29:28","4943","Diable","ADC","Varus","Victory","=""3/0/13""","8.8","773","94.1%"
"299","BNK FearX vs KT Rolster","29:28","1971","Kellin","SUPPORT","Nautilus","Victory","=""2/3/10""","1.2","160","70.6%"
"299","BNK FearX vs KT Rolster","29:28","5122","PerfecT","TOP","Jayce","Defeat","=""0/4/0""","8.0","429","0%"
"299","BNK FearX vs KT Rolster","29:28","4260","Peter","SUPPORT","Rell","Defeat","=""0/5/3""","0.7","130","100%"
"299","BNK FearX vs KT Rolster","29:28","4233","Raptor","JUNGLE","Naafiri","Victory","=""5/0/8""","7.3","430","76.5%"
"299","BNK FearX vs KT Rolster","29:28","4232","Soboro","TOP","Rumble","Victory","=""4/0/5""","7.5","519","52.9%"
"299","BNK FearX vs KT Rolster","29:28","2508","deokdam","ADC","Jhin","Defeat","=""2/2/0""","7.8","379","66.7%"
"300","BNK FearX vs KT Rolster","35:49","650","Bdd","MID","Ryze","Victory","=""9/2/9""","10.3","945","85.7%"
"300","BNK FearX vs KT Rolster","35:49","983","Cuzz","JUNGLE","Trundle","Victory","=""5/2/15""","6.1","503","95.2%"
"300","BNK FearX vs KT Rolster","35:49","4221","Daystar","MID","Akali","Defeat","=""5/0/5""","7.1","458","55.6%"
"300","BNK FearX vs KT Rolster","35:49","4943","Diable","ADC","Kaisa","Defeat","=""4/3/10""","8.6","824","77.8%"
"300","BNK FearX vs KT Rolster","35:49","1971","Kellin","SUPPORT","Leona","Defeat","=""3/8/11""","1.1","239","77.8%"
"300","BNK FearX vs KT Rolster","35:49","5122","PerfecT","TOP","Jax","Victory","=""1/4/8""","8.0","405","42.9%"
"300","BNK FearX vs KT Rolster","35:49","4260","Peter","SUPPORT","Poppy","Victory","=""3/5/16""","1.1","281","90.5%"
"300","BNK FearX vs KT Rolster","35:49","4233","Raptor","JUNGLE","Xin Zhao","Defeat","=""2/6/11""","5.8","426","72.2%"
"300","BNK FearX vs KT Rolster","35:49","4232","Soboro","TOP","Yorick","Defeat","=""4/4/4""","8.8","616","44.4%"
"300","BNK FearX vs KT Rolster","35:49","2508","deokdam","ADC","Ashe","Victory","=""3/5/14""","8.2","766","81%"
"301","OK BRION vs NS","26:31","5058","Calix","MID","Akali","Victory","=""5/1/5""","8.9","684","55.6%"
"301","OK BRION vs NS","26:31","3195","Clozer","MID","Viktor","Defeat","=""3/4/3""","9.6","930","100%"
"301","OK BRION vs NS","26:31","2645","Croco","JUNGLE","Naafiri","Defeat","=""0/2/4""","7.7","350","66.7%"
"301","OK BRION vs NS","26:31","3327","GIDEON","JUNGLE","Xin Zhao","Victory","=""5/1/11""","7.4","638","88.9%"
"301","OK BRION vs NS","26:31","3694","Hype","ADC","Ezreal","Defeat","=""2/3/1""","9.8","722","50%"
"301","OK BRION vs NS","26:31","4755","Jiwoo","ADC","Kalista","Victory","=""7/1/5""","9.9","754","66.7%"
"301","OK BRION vs NS","26:31","738","Lehends","SUPPORT","Rakan","Victory","=""0/2/15""","1.0","233","83.3%"
"301","OK BRION vs NS","26:31","2545","Morgan","TOP","Sion","Defeat","=""1/4/0""","7.2","454","16.7%"
"301","OK BRION vs NS","26:31","4865","Pollu","SUPPORT","Alistar","Defeat","=""0/5/5""","1.1","164","83.3%"
"301","OK BRION vs NS","26:31","1229","kingen","TOP","Camille","Victory","=""1/1/6""","7.9","430","38.9%"
"302","OK BRION vs NS","33:09","5058","Calix","MID","Azir","Defeat","=""1/4/2""","10.1","325","100%"
"302","OK BRION vs NS","33:09","3195","Clozer","MID","Taliyah","Victory","=""7/0/9""","9.7","621","66.7%"
"302","OK BRION vs NS","33:09","2645","Croco","JUNGLE","Wukong","Victory","=""9/0/12""","7.7","584","87.5%"
"302","OK BRION vs NS","33:09","3327","GIDEON","JUNGLE","Sejuani","Defeat","=""1/3/2""","6.0","168","100%"
"302","OK BRION vs NS","33:09","3694","Hype","ADC","Jhin","Victory","=""3/0/12""","9.8","519","62.5%"
"302","OK BRION vs NS","33:09","738","Lehends","SUPPORT","Nautilus","Defeat","=""0/7/2""","1.1","94","66.7%"
"302","OK BRION vs NS","33:09","2545","Morgan","TOP","Rumble","Victory","=""3/0/14""","7.6","640","70.8%"
"302","OK BRION vs NS","33:09","4865","Pollu","SUPPORT","Rell","Victory","=""2/3/14""","0.8","182","66.7%"
"302","OK BRION vs NS","33:09","2761","Vital","ADC","Varus","Defeat","=""1/4/2""","8.8","734","100%"
"302","OK BRION vs NS","33:09","1229","kingen","TOP","Jayce","Defeat","=""0/6/1""","8.4","440","33.3%"
"303","OK BRION vs NS","35:51","5058","Calix","MID","Corki","Victory","=""6/4/6""","9.8","961","66.7%"
"303","OK BRION vs NS","35:51","3195","Clozer","MID","Yone","Defeat","=""6/4/5""","9.5","783","68.8%"
"303","OK BRION vs NS","35:51","2645","Croco","JUNGLE","Lillia","Defeat","=""5/3/7""","7.2","575","75%"
"303","OK BRION vs NS","35:51","3327","GIDEON","JUNGLE","Nidalee","Victory","=""3/3/10""","6.8","574","72.2%"
"303","OK BRION vs NS","35:51","3694","Hype","ADC","Miss Fortune","Defeat","=""3/3/9""","9.7","895","75%"
"303","OK BRION vs NS","35:51","4755","Jiwoo","ADC","Senna","Victory","=""4/1/7""","9.4","807","61.1%"
"303","OK BRION vs NS","35:51","738","Lehends","SUPPORT","Leona","Victory","=""1/4/15""","1.0","257","88.9%"
"303","OK BRION vs NS","35:51","2545","Morgan","TOP","Aatrox","Defeat","=""2/4/5""","7.5","415","43.8%"
"303","OK BRION vs NS","35:51","4865","Pollu","SUPPORT","Poppy","Defeat","=""0/4/9""","0.8","156","56.2%"
"303","OK BRION vs NS","35:51","1229","kingen","TOP","Renekton","Victory","=""4/4/2""","8.7","619","33.3%"
"304","BNK FearX vs DN Freecs","28:39","3322","Berserker","ADC","Ashe","Victory","=""10/2/6""","9.7","842","80%"
"304","BNK FearX vs DN Freecs","28:39","3974","Bulldog","MID","Orianna","Victory","=""2/2/13""","10.4","877","75%"
"304","BNK FearX vs DN Freecs","28:39","4221","Daystar","MID","Ryze","Defeat","=""1/5/5""","9.4","593","85.7%"
"304","BNK FearX vs DN Freecs","28:39","4943","Diable","ADC","Jhin","Defeat","=""3/1/2""","9.9","333","71.4%"
"304","BNK FearX vs DN Freecs","28:39","3082","DuDu","TOP","Jax","Victory","=""2/1/4""","8.4","481","30%"
"304","BNK FearX vs DN Freecs","28:39","1971","Kellin","SUPPORT","Rakan","Defeat","=""0/5/5""","1.1","83","71.4%"
"304","BNK FearX vs DN Freecs","28:39","1906","Life","SUPPORT","Renata Glasc","Victory","=""2/1/17""","1.1","218","95%"
"304","BNK FearX vs DN Freecs","28:39","2664","Pyosik","JUNGLE","Vi","Victory","=""4/1/14""","7.3","562","90%"
"304","BNK FearX vs DN Freecs","28:39","4233","Raptor","JUNGLE","Wukong","Defeat","=""3/4/4""","6.8","439","100%"
"304","BNK FearX vs DN Freecs","28:39","4232","Soboro","TOP","Yorick","Defeat","=""0/5/1""","7.6","525","14.3%"
"305","BNK FearX vs DN Freecs","30:26","3322","Berserker","ADC","Lucian","Defeat","=""5/4/4""","9.7","750","69.2%"
"305","BNK FearX vs DN Freecs","30:26","3974","Bulldog","MID","Galio","Defeat","=""2/4/8""","7.7","541","76.9%"
"305","BNK FearX vs DN Freecs","30:26","4221","Daystar","MID","Annie","Victory","=""10/2/12""","8.5","899","88%"
"305","BNK FearX vs DN Freecs","30:26","4943","Diable","ADC","Varus","Victory","=""4/3/14""","8.7","747","72%"
"305","BNK FearX vs DN Freecs","30:26","3082","DuDu","TOP","Jayce","Defeat","=""1/4/5""","9.1","543","46.2%"
"305","BNK FearX vs DN Freecs","30:26","1971","Kellin","SUPPORT","Rell","Victory","=""0/4/22""","0.9","207","88%"
"305","BNK FearX vs DN Freecs","30:26","1906","Life","SUPPORT","Braum","Defeat","=""0/7/10""","0.7","178","76.9%"
"305","BNK FearX vs DN Freecs","30:26","2664","Pyosik","JUNGLE","Kindred","Defeat","=""5/6/6""","6.3","480","84.6%"
"305","BNK FearX vs DN Freecs","30:26","4233","Raptor","JUNGLE","Naafiri","Victory","=""3/1/17""","7.6","642","80%"
"305","BNK FearX vs DN Freecs","30:26","4232","Soboro","TOP","KSante","Victory","=""8/3/12""","7.6","511","80%"
"306","BNK FearX vs DN Freecs","35:00","3322","Berserker","ADC","Miss Fortune","Defeat","=""2/3/5""","9.6","630","77.8%"
"306","BNK FearX vs DN Freecs","35:00","3974","Bulldog","MID","Azir","Defeat","=""1/4/5""","9.3","658","66.7%"
"306","BNK FearX vs DN Freecs","35:00","4221","Daystar","MID","Ahri","Victory","=""1/2/11""","8.7","563","57.1%"
"306","BNK FearX vs DN Freecs","35:00","4943","Diable","ADC","Kaisa","Victory","=""11/3/6""","10.1","744","81%"
"306","BNK FearX vs DN Freecs","35:00","3082","DuDu","TOP","Ambessa","Defeat","=""3/2/3""","7.9","362","66.7%"
"306","BNK FearX vs DN Freecs","35:00","1971","Kellin","SUPPORT","Alistar","Victory","=""1/1/14""","0.9","197","71.4%"
"306","BNK FearX vs DN Freecs","35:00","1906","Life","SUPPORT","Gragas","Defeat","=""1/6/2""","0.9","173","33.3%"
"306","BNK FearX vs DN Freecs","35:00","2664","Pyosik","JUNGLE","Pantheon","Defeat","=""2/6/3""","5.8","378","55.6%"
"306","BNK FearX vs DN Freecs","35:00","4233","Raptor","JUNGLE","Xin Zhao","Victory","=""5/1/13""","7.1","626","85.7%"
"306","BNK FearX vs DN Freecs","35:00","4232","Soboro","TOP","Rumble","Victory","=""3/2/9""","7.3","743","57.1%"
"307","T1 vs HLE","33:37","3411","Delight","SUPPORT","Leona","Victory","=""1/1/11""","1.1","211","66.7%"
"307","T1 vs HLE","33:37","1242","Doran","TOP","Yorick","Defeat","=""1/4/4""","8.9","730","83.3%"
"307","T1 vs HLE","33:37","48","Faker","MID","Viktor","Defeat","=""1/2/0""","9.0","691","16.7%"
"307","T1 vs HLE","33:37","3247","Gumayusi","ADC","Miss Fortune","Defeat","=""2/3/3""","10.3","319","83.3%"
"307","T1 vs HLE","33:37","1258","Keria","SUPPORT","Neeko","Defeat","=""0/6/4""","1.3","318","66.7%"
"307","T1 vs HLE","33:37","3741","Oner","JUNGLE","Pantheon","Defeat","=""2/3/4""","7.6","326","100%"
"307","T1 vs HLE","33:37","392","Peanut","JUNGLE","Xin Zhao","Victory","=""3/1/7""","6.3","300","55.6%"
"307","T1 vs HLE","33:37","1228","Viper","ADC","Kalista","Victory","=""4/2/7""","9.5","320","61.1%"
"307","T1 vs HLE","33:37","2906","Zeka","MID","Sylas","Victory","=""4/0/8""","9.5","454","66.7%"
"307","T1 vs HLE","33:37","3658","Zeus","TOP","Jax","Victory","=""6/2/4""","9.2","776","55.6%"
"308","T1 vs HLE","34:30","3411","Delight","SUPPORT","Poppy","Victory","=""1/1/11""","1.2","139","70.6%"
"308","T1 vs HLE","34:30","1242","Doran","TOP","Rumble","Defeat","=""0/5/3""","7.4","519","60%"
"308","T1 vs HLE","34:30","48","Faker","MID","Galio","Defeat","=""0/3/5""","8.5","363","100%"
"308","T1 vs HLE","34:30","3247","Gumayusi","ADC","Senna","Defeat","=""1/4/2""","9.2","596","60%"
"308","T1 vs HLE","34:30","1258","Keria","SUPPORT","Alistar","Defeat","=""0/2/3""","0.9","71","60%"
"308","T1 vs HLE","34:30","3741","Oner","JUNGLE","Kindred","Defeat","=""4/3/1""","7.2","420","100%"
"308","T1 vs HLE","34:30","392","Peanut","JUNGLE","Naafiri","Victory","=""5/3/7""","6.6","547","70.6%"
"308","T1 vs HLE","34:30","1228","Viper","ADC","Smolder","Victory","=""5/0/9""","11.0","925","82.4%"
"308","T1 vs HLE","34:30","2906","Zeka","MID","Ahri","Victory","=""5/1/6""","9.2","887","64.7%"
"308","T1 vs HLE","34:30","3658","Zeus","TOP","Ornn","Victory","=""1/0/10""","7.3","342","64.7%"
"309","DRX vs OK BRION","34:00","4938","Andil","SUPPORT","Nautilus","Victory","=""0/3/15""","1.3","161","88.2%"
"309","DRX vs OK BRION","34:00","3438","Bull","ADC","Draven","Defeat","=""2/2/4""","9.7","276","60%"
"309","DRX vs OK BRION","34:00","3195","Clozer","MID","Corki","Defeat","=""3/5/1""","9.0","397","40%"
"309","DRX vs OK BRION","34:00","2645","Croco","JUNGLE","Sejuani","Defeat","=""1/3/6""","6.1","256","70%"
"309","DRX vs OK BRION","34:00","5264","Kyeahoo","MID","Ahri","Victory","=""2/3/5""","8.4","486","41.2%"
"309","DRX vs OK BRION","34:00","5919","LazyFeel","ADC","Senna","Victory","=""8/1/8""","8.0","591","94.1%"
"309","DRX vs OK BRION","34:00","2545","Morgan","TOP","Gwen","Defeat","=""3/3/4""","9.0","562","70%"
"309","DRX vs OK BRION","34:00","4865","Pollu","SUPPORT","Poppy","Defeat","=""1/4/6""","1.1","172","70%"
"309","DRX vs OK BRION","34:00","1613","Rich","TOP","Ambessa","Victory","=""5/1/8""","9.3","620","76.5%"
"309","DRX vs OK BRION","34:00","4753","Sponge","JUNGLE","Nocturne","Victory","=""2/2/7""","7.7","298","52.9%"
"310","DRX vs OK BRION","34:55","4938","Andil","SUPPORT","Neeko","Victory","=""1/2/12""","1.0","417","68.4%"
"310","DRX vs OK BRION","34:55","3438","Bull","ADC","Kalista","Defeat","=""4/4/3""","9.5","446","70%"
"310","DRX vs OK BRION","34:55","3195","Clozer","MID","Azir","Defeat","=""1/3/5""","9.2","536","60%"
"310","DRX vs OK BRION","34:55","2645","Croco","JUNGLE","Xin Zhao","Defeat","=""1/5/6""","6.6","382","70%"
"310","DRX vs OK BRION","34:55","5264","Kyeahoo","MID","Taliyah","Victory","=""5/1/7""","9.2","579","63.2%"
"310","DRX vs OK BRION","34:55","5919","LazyFeel","ADC","Kaisa","Victory","=""9/3/5""","10.3","673","73.7%"
"310","DRX vs OK BRION","34:55","2545","Morgan","TOP","Yorick","Defeat","=""3/4/0""","7.9","725","30%"
"310","DRX vs OK BRION","34:55","4865","Pollu","SUPPORT","Renata Glasc","Defeat","=""1/3/8""","0.8","260","90%"
"310","DRX vs OK BRION","34:55","1613","Rich","TOP","Sion","Victory","=""2/0/11""","8.7","682","68.4%"
"310","DRX vs OK BRION","34:55","4753","Sponge","JUNGLE","Wukong","Victory","=""2/4/8""","7.3","398","52.6%"
"311","DRX vs OK BRION","44:46","4938","Andil","SUPPORT","Leona","Defeat","=""2/7/10""","1.1","133","66.7%"
"311","DRX vs OK BRION","44:46","3438","Bull","ADC","Varus","Victory","=""6/2/7""","8.8","892","52%"
"311","DRX vs OK BRION","44:46","3195","Clozer","MID","Viktor","Victory","=""4/2/13""","8.4","787","68%"
"311","DRX vs OK BRION","44:46","2645","Croco","JUNGLE","Zed","Victory","=""8/4/9""","7.6","785","68%"
"311","DRX vs OK BRION","44:46","5264","Kyeahoo","MID","Sylas","Defeat","=""5/2/6""","8.2","555","61.1%"
"311","DRX vs OK BRION","44:46","5919","LazyFeel","ADC","Ezreal","Defeat","=""3/5/5""","8.8","558","44.4%"
"311","DRX vs OK BRION","44:46","2545","Morgan","TOP","Rumble","Victory","=""7/3/10""","7.7","882","68%"
"311","DRX vs OK BRION","44:46","4865","Pollu","SUPPORT","Rell","Victory","=""0/7/16""","1.0","183","64%"
"311","DRX vs OK BRION","44:46","1613","Rich","TOP","Jayce","Defeat","=""4/6/8""","7.8","651","66.7%"
"311","DRX vs OK BRION","44:46","4753","Sponge","JUNGLE","Trundle","Defeat","=""4/5/9""","6.3","223","72.2%"
"312","KT Rolster vs GEN","25:13","650","Bdd","MID","Yone","Defeat","=""0/2/0""","10.0","509","0%"
"312","KT Rolster vs GEN","25:13","1909","Canyon","JUNGLE","Xin Zhao","Victory","=""3/0/17""","7.7","614","100%"
"312","KT Rolster vs GEN","25:13","1629","Chovy","MID","Ahri","Victory","=""3/0/13""","10.5","903","80%"
"312","KT Rolster vs GEN","25:13","983","Cuzz","JUNGLE","Nidalee","Defeat","=""0/4/1""","6.8","399","50%"
"312","KT Rolster vs GEN","25:13","4259","Duro","SUPPORT","Rell","Victory","=""2/0/14""","1.1","228","80%"
"312","KT Rolster vs GEN","25:13","1115","Kiin","TOP","Rumble","Victory","=""5/2/6""","8.7","498","55%"
"312","KT Rolster vs GEN","25:13","5122","PerfecT","TOP","Ornn","Defeat","=""0/3/1""","7.2","289","50%"
"312","KT Rolster vs GEN","25:13","4260","Peter","SUPPORT","Rakan","Defeat","=""0/6/1""","1.0","108","50%"
"312","KT Rolster vs GEN","25:13","685","Ruler","ADC","Jhin","Victory","=""7/0/9""","9.4","689","80%"
"312","KT Rolster vs GEN","25:13","2508","deokdam","ADC","Xayah","Defeat","=""2/5/0""","7.7","617","100%"
"313","KT Rolster vs GEN","29:36","650","Bdd","MID","Ryze","Victory","=""5/1/9""","9.5","678","66.7%"
"313","KT Rolster vs GEN","29:36","1909","Canyon","JUNGLE","Sejuani","Defeat","=""0/6/10""","5.2","407","90.9%"
"313","KT Rolster vs GEN","29:36","1629","Chovy","MID","Corki","Defeat","=""2/4/4""","9.2","813","54.5%"
"313","KT Rolster vs GEN","29:36","983","Cuzz","JUNGLE","Trundle","Victory","=""6/2/11""","7.3","385","81%"
"313","KT Rolster vs GEN","29:36","4259","Duro","SUPPORT","Nautilus","Defeat","=""2/4/7""","0.8","198","81.8%"
"313","KT Rolster vs GEN","29:36","1115","Kiin","TOP","Jayce","Defeat","=""2/4/3""","9.2","636","45.5%"
"313","KT Rolster vs GEN","29:36","5122","PerfecT","TOP","Sion","Victory","=""3/3/5""","7.3","369","38.1%"
"313","KT Rolster vs GEN","29:36","4260","Peter","SUPPORT","Neeko","Victory","=""2/3/15""","1.1","310","81%"
"313","KT Rolster vs GEN","29:36","685","Ruler","ADC","Kaisa","Defeat","=""5/3/5""","9.7","737","90.9%"
"313","KT Rolster vs GEN","29:36","2508","deokdam","ADC","Ezreal","Victory","=""5/2/11""","8.6","857","76.2%"
"314","KT Rolster vs GEN","39:00","650","Bdd","MID","Sylas","Defeat","=""3/2/4""","7.2","445","63.6%"
"314","KT Rolster vs GEN","39:00","1909","Canyon","JUNGLE","Skarner","Victory","=""2/4/6""","5.7","446","80%"
"314","KT Rolster vs GEN","39:00","1629","Chovy","MID","Viktor","Victory","=""1/3/6""","9.2","1079","70%"
"314","KT Rolster vs GEN","39:00","983","Cuzz","JUNGLE","Wukong","Defeat","=""4/2/7""","6.9","528","100%"
"314","KT Rolster vs GEN","39:00","4259","Duro","SUPPORT","Alistar","Victory","=""0/2/10""","0.8","116","100%"
"314","KT Rolster vs GEN","39:00","1115","Kiin","TOP","Renekton","Victory","=""3/1/6""","9.7","539","90%"
"314","KT Rolster vs GEN","39:00","5122","PerfecT","TOP","Yorick","Defeat","=""0/3/6""","9.0","743","54.5%"
"314","KT Rolster vs GEN","39:00","4260","Peter","SUPPORT","Renata Glasc","Defeat","=""0/1/10""","1.3","147","90.9%"
"314","KT Rolster vs GEN","39:00","685","Ruler","ADC","Lucian","Victory","=""4/1/2""","11.8","604","60%"
"314","KT Rolster vs GEN","39:00","2508","deokdam","ADC","Varus","Defeat","=""4/2/6""","9.8","550","90.9%"
"315","Dplus KIA vs DN Freecs","28:29","1328","Aiming","ADC","Varus","Victory","=""4/1/10""","10.1","726","73.7%"
"315","Dplus KIA vs DN Freecs","28:29","3322","Berserker","ADC","Zeri","Defeat","=""0/3/2""","9.0","374","40%"
"315","Dplus KIA vs DN Freecs","28:29","2184","BeryL","SUPPORT","Renata Glasc","Victory","=""0/2/14""","1.2","266","73.7%"
"315","Dplus KIA vs DN Freecs","28:29","3974","Bulldog","MID","Hwei","Defeat","=""2/4/2""","8.7","985","80%"
"315","Dplus KIA vs DN Freecs","28:29","3082","DuDu","TOP","KSante","Defeat","=""2/5/1""","7.0","217","60%"
"315","Dplus KIA vs DN Freecs","28:29","1906","Life","SUPPORT","Alistar","Defeat","=""0/4/4""","0.7","123","80%"
"315","Dplus KIA vs DN Freecs","28:29","3895","Lucid","JUNGLE","Skarner","Victory","=""4/0/12""","6.0","466","84.2%"
"315","Dplus KIA vs DN Freecs","28:29","2664","Pyosik","JUNGLE","Xin Zhao","Defeat","=""1/3/4""","5.5","248","100%"
"315","Dplus KIA vs DN Freecs","28:29","1250","ShowMaker","MID","Ryze","Victory","=""5/0/9""","9.0","497","73.7%"
"315","Dplus KIA vs DN Freecs","28:29","5392","Siwoo","TOP","Jayce","Victory","=""6/2/9""","7.5","1170","78.9%"
"316","Dplus KIA vs DN Freecs","33:24","1328","Aiming","ADC","Miss Fortune","Defeat","=""1/5/4""","9.2","376","55.6%"
"316","Dplus KIA vs DN Freecs","33:24","3322","Berserker","ADC","Kaisa","Victory","=""9/2/11""","10.3","676","95.2%"
"316","Dplus KIA vs DN Freecs","33:24","2184","BeryL","SUPPORT","Leona","Defeat","=""2/7/4""","1.2","136","66.7%"
"316","Dplus KIA vs DN Freecs","33:24","3974","Bulldog","MID","Taliyah","Victory","=""3/2/13""","9.2","557","76.2%"
"316","Dplus KIA vs DN Freecs","33:24","3082","DuDu","TOP","Sion","Victory","=""2/0/13""","8.2","598","71.4%"
"316","Dplus KIA vs DN Freecs","33:24","1906","Life","SUPPORT","Nautilus","Victory","=""1/3/11""","1.0","108","57.1%"
"316","Dplus KIA vs DN Freecs","33:24","3895","Lucid","JUNGLE","Wukong","Defeat","=""2/5/1""","6.4","199","33.3%"
"316","Dplus KIA vs DN Freecs","33:24","2664","Pyosik","JUNGLE","Trundle","Victory","=""6/2/15""","6.6","290","100%"
"316","Dplus KIA vs DN Freecs","33:24","1250","ShowMaker","MID","Ahri","Defeat","=""1/2/5""","8.6","521","66.7%"
"316","Dplus KIA vs DN Freecs","33:24","5392","Siwoo","TOP","Yorick","Defeat","=""3/2/0""","9.3","752","33.3%"
"317","Dplus KIA vs DN Freecs","43:07","1328","Aiming","ADC","Senna","Victory","=""5/0/11""","9.4","1003","94.1%"
"317","Dplus KIA vs DN Freecs","43:07","3322","Berserker","ADC","Lucian","Defeat","=""5/0/2""","10.3","1010","70%"
"317","Dplus KIA vs DN Freecs","43:07","2184","BeryL","SUPPORT","Braum","Victory","=""0/2/16""","1.1","201","94.1%"
"317","Dplus KIA vs DN Freecs","43:07","3974","Bulldog","MID","Azir","Defeat","=""3/4/4""","8.9","913","70%"
"317","Dplus KIA vs DN Freecs","43:07","3082","DuDu","TOP","Ambessa","Defeat","=""1/5/2""","6.8","445","30%"
"317","Dplus KIA vs DN Freecs","43:07","1906","Life","SUPPORT","Rell","Defeat","=""1/6/5""","0.7","135","60%"
"317","Dplus KIA vs DN Freecs","43:07","3895","Lucid","JUNGLE","Sejuani","Victory","=""1/4/12""","5.7","405","76.5%"
"317","Dplus KIA vs DN Freecs","43:07","2664","Pyosik","JUNGLE","Poppy","Defeat","=""0/2/9""","6.2","383","90%"
"317","Dplus KIA vs DN Freecs","43:07","1250","ShowMaker","MID","Yone","Victory","=""7/1/8""","9.6","723","88.2%"
"317","Dplus KIA vs DN Freecs","43:07","5392","Siwoo","TOP","Gwen","Victory","=""4/3/7""","8.4","684","64.7%"
"318","NS vs T1","28:54","5058","Calix","MID","Yone","Victory","=""2/2/12""","8.3","699","63.6%"
"318","NS vs T1","28:54","1242","Doran","TOP","Ornn","Defeat","=""1/6/6""","6.0","594","77.8%"
"318","NS vs T1","28:54","48","Faker","MID","Akali","Defeat","=""4/3/3""","9.7","647","77.8%"
"318","NS vs T1","28:54","3327","GIDEON","JUNGLE","Sejuani","Victory","=""3/3/16""","5.9","513","86.4%"
"318","NS vs T1","28:54","3247","Gumayusi","ADC","Jhin","Defeat","=""1/3/3""","9.2","682","44.4%"
"318","NS vs T1","28:54","4755","Jiwoo","ADC","Xayah","Victory","=""10/1/5""","9.6","1128","68.2%"
"318","NS vs T1","28:54","1258","Keria","SUPPORT","Alistar","Defeat","=""0/5/7""","0.8","173","77.8%"
"318","NS vs T1","28:54","738","Lehends","SUPPORT","Rakan","Victory","=""1/1/18""","1.5","222","86.4%"
"318","NS vs T1","28:54","3741","Oner","JUNGLE","Pantheon","Defeat","=""3/5/3""","6.6","703","66.7%"
"318","NS vs T1","28:54","1229","kingen","TOP","Rumble","Victory","=""6/2/8""","7.8","985","63.6%"
"319","NS vs T1","34:44","5058","Calix","MID","Ryze","Victory","=""1/4/3""","9.1","428","17.4%"
"319","NS vs T1","34:44","1242","Doran","TOP","Gwen","Defeat","=""6/8/2""","7.5","520","53.3%"
"319","NS vs T1","34:44","48","Faker","MID","Viktor","Defeat","=""1/1/7""","9.3","720","53.3%"
"319","NS vs T1","34:44","3327","GIDEON","JUNGLE","Poppy","Victory","=""5/2/12""","5.3","441","73.9%"
"319","NS vs T1","34:44","3247","Gumayusi","ADC","Lucian","Defeat","=""4/6/3""","9.0","763","46.7%"
"319","NS vs T1","34:44","4755","Jiwoo","ADC","Varus","Victory","=""6/0/6""","9.2","921","52.2%"
"319","NS vs T1","34:44","1258","Keria","SUPPORT","Braum","Defeat","=""0/3/11""","0.8","197","73.3%"
"319","NS vs T1","34:44","738","Lehends","SUPPORT","Nautilus","Victory","=""3/4/13""","0.8","227","69.6%"
"319","NS vs T1","34:44","3741","Oner","JUNGLE","Skarner","Defeat","=""4/5/5""","5.0","370","60%"
"319","NS vs T1","34:44","1229","kingen","TOP","Jayce","Victory","=""8/5/10""","7.5","1072","78.3%"
"320","KT Rolster vs DRX","30:56","4938","Andil","SUPPORT","Rell","Defeat","=""0/6/4""","0.9","107","44.4%"
"320","KT Rolster vs DRX","30:56","650","Bdd","MID","Taliyah","Victory","=""10/0/8""","9.9","862","81.8%"
"320","KT Rolster vs DRX","30:56","983","Cuzz","JUNGLE","Xin Zhao","Victory","=""5/2/7""","7.8","435","54.5%"
"320","KT Rolster vs DRX","30:56","5264","Kyeahoo","MID","Azir","Defeat","=""2/4/3""","10.0","534","55.6%"
"320","KT Rolster vs DRX","30:56","5919","LazyFeel","ADC","Varus","Defeat","=""3/3/1""","8.0","462","44.4%"
"320","KT Rolster vs DRX","30:56","5122","PerfecT","TOP","Gwen","Victory","=""5/3/8""","8.5","725","59.1%"
"320","KT Rolster vs DRX","30:56","4260","Peter","SUPPORT","Leona","Victory","=""0/3/8""","1.3","133","36.4%"
"320","KT Rolster vs DRX","30:56","1613","Rich","TOP","Gnar","Defeat","=""1/5/5""","8.0","412","66.7%"
"320","KT Rolster vs DRX","30:56","4753","Sponge","JUNGLE","Trundle","Defeat","=""3/4/4""","6.0","364","77.8%"
"320","KT Rolster vs DRX","30:56","2508","deokdam","ADC","Jhin","Victory","=""2/1/10""","9.4","498","54.5%"
"321","KT Rolster vs DRX","32:03","4938","Andil","SUPPORT","Nautilus","Defeat","=""0/5/3""","0.8","151","75%"
"321","KT Rolster vs DRX","32:03","650","Bdd","MID","Ahri","Victory","=""3/2/7""","9.4","447","62.5%"
"321","KT Rolster vs DRX","32:03","983","Cuzz","JUNGLE","Wukong","Victory","=""6/0/9""","7.4","611","93.8%"
"321","KT Rolster vs DRX","32:03","5264","Kyeahoo","MID","Viktor","Defeat","=""0/2/3""","9.7","765","75%"
"321","KT Rolster vs DRX","32:03","5919","LazyFeel","ADC","Zeri","Defeat","=""3/2/0""","10.2","442","75%"
"321","KT Rolster vs DRX","32:03","5122","PerfecT","TOP","Ornn","Victory","=""3/0/9""","8.5","664","75%"
"321","KT Rolster vs DRX","32:03","4260","Peter","SUPPORT","Rakan","Victory","=""1/1/13""","1.3","137","87.5%"
"321","KT Rolster vs DRX","32:03","1613","Rich","TOP","Sion","Defeat","=""0/3/1""","8.5","621","25%"
"321","KT Rolster vs DRX","32:03","4753","Sponge","JUNGLE","Poppy","Defeat","=""1/4/3""","6.3","320","100%"
"321","KT Rolster vs DRX","32:03","2508","deokdam","ADC","Senna","Victory","=""3/1/11""","9.3","959","87.5%"
"322","OK BRION vs GEN","26:17","1909","Canyon","JUNGLE","Wukong","Victory","=""4/0/9""","7.3","358","68.4%"
"322","OK BRION vs GEN","26:17","1629","Chovy","MID","Ahri","Victory","=""4/2/7""","10.3","456","57.9%"
"322","OK BRION vs GEN","26:17","3195","Clozer","MID","Taliyah","Defeat","=""1/3/3""","9.6","340","50%"
"322","OK BRION vs GEN","26:17","2645","Croco","JUNGLE","Nocturne","Defeat","=""1/5/6""","6.5","205","87.5%"
"322","OK BRION vs GEN","26:17","4259","Duro","SUPPORT","Neeko","Victory","=""3/2/11""","0.7","336","73.7%"
"322","OK BRION vs GEN","26:17","3694","Hype","ADC","Lucian","Defeat","=""2/3/2""","8.8","387","50%"
"322","OK BRION vs GEN","26:17","1115","Kiin","TOP","Gwen","Victory","=""5/4/7""","6.6","551","63.2%"
"322","OK BRION vs GEN","26:17","2545","Morgan","TOP","Jax","Defeat","=""4/4/1""","8.0","384","62.5%"
"322","OK BRION vs GEN","26:17","4865","Pollu","SUPPORT","Nautilus","Defeat","=""0/4/4""","1.1","113","50%"
"322","OK BRION vs GEN","26:17","685","Ruler","ADC","Kaisa","Victory","=""3/0/4""","10.8","427","36.8%"
"323","OK BRION vs GEN","34:25","1909","Canyon","JUNGLE","Nidalee","Victory","=""0/0/10""","8.6","459","83.3%"
"323","OK BRION vs GEN","34:25","1629","Chovy","MID","Sett","Victory","=""4/2/6""","9.2","485","83.3%"
"323","OK BRION vs GEN","34:25","3195","Clozer","MID","Yone","Defeat","=""0/4/6""","9.7","701","60%"
"323","OK BRION vs GEN","34:25","2645","Croco","JUNGLE","Sejuani","Defeat","=""3/3/6""","6.4","287","90%"
"323","OK BRION vs GEN","34:25","4259","Duro","SUPPORT","Rell","Victory","=""1/4/8""","1.0","159","75%"
"323","OK BRION vs GEN","34:25","3694","Hype","ADC","Varus","Defeat","=""5/1/5""","9.4","943","100%"
"323","OK BRION vs GEN","34:25","1115","Kiin","TOP","KSante","Victory","=""2/2/7""","8.7","354","75%"
"323","OK BRION vs GEN","34:25","2545","Morgan","TOP","Rumble","Defeat","=""1/2/6""","7.6","507","70%"
"323","OK BRION vs GEN","34:25","4865","Pollu","SUPPORT","Poppy","Defeat","=""1/2/8""","0.7","230","90%"
"323","OK BRION vs GEN","34:25","685","Ruler","ADC","Ezreal","Victory","=""5/2/5""","9.9","921","83.3%"
"324","Dplus KIA vs NS","27:11","1328","Aiming","ADC","Kaisa","Defeat","=""4/2/3""","9.5","375","70%"
"324","Dplus KIA vs NS","27:11","2184","BeryL","SUPPORT","Rakan","Defeat","=""0/3/7""","0.9","122","70%"
"324","Dplus KIA vs NS","27:11","5058","Calix","MID","Azir","Victory","=""3/1/6""","10.2","587","69.2%"
"324","Dplus KIA vs NS","27:11","3327","GIDEON","JUNGLE","Sejuani","Victory","=""2/3/9""","5.6","380","84.6%"
"324","Dplus KIA vs NS","27:11","4755","Jiwoo","ADC","Miss Fortune","Victory","=""5/2/6""","10.0","848","84.6%"
"324","Dplus KIA vs NS","27:11","738","Lehends","SUPPORT","Morgana","Victory","=""0/2/11""","0.9","284","84.6%"
"324","Dplus KIA vs NS","27:11","3895","Lucid","JUNGLE","Trundle","Defeat","=""1/3/7""","5.8","357","80%"
"324","Dplus KIA vs NS","27:11","1250","ShowMaker","MID","Ahri","Defeat","=""3/2/5""","8.0","596","80%"
"324","Dplus KIA vs NS","27:11","5392","Siwoo","TOP","Yorick","Defeat","=""2/3/0""","8.2","444","20%"
"324","Dplus KIA vs NS","27:11","1229","kingen","TOP","Jayce","Victory","=""3/2/9""","7.2","719","92.3%"
"325","Dplus KIA vs NS","27:58","1328","Aiming","ADC","Lucian","Victory","=""9/2/11""","9.9","1226","80%"
"325","Dplus KIA vs NS","27:58","2184","BeryL","SUPPORT","Braum","Victory","=""0/1/21""","1.0","298","84%"
"325","Dplus KIA vs NS","27:58","5058","Calix","MID","Corki","Defeat","=""1/2/3""","8.7","492","50%"
"325","Dplus KIA vs NS","27:58","3327","GIDEON","JUNGLE","Nidalee","Defeat","=""3/4/4""","7.3","725","87.5%"
"325","Dplus KIA vs NS","27:58","4755","Jiwoo","ADC","Nilah","Defeat","=""3/6/4""","6.9","357","87.5%"
"325","Dplus KIA vs NS","27:58","738","Lehends","SUPPORT","Alistar","Defeat","=""1/8/3""","0.8","229","50%"
"325","Dplus KIA vs NS","27:58","3895","Lucid","JUNGLE","Pantheon","Victory","=""3/3/15""","6.8","444","72%"
"325","Dplus KIA vs NS","27:58","1250","ShowMaker","MID","Annie","Victory","=""7/0/13""","8.1","965","80%"
"325","Dplus KIA vs NS","27:58","5392","Siwoo","TOP","Gnar","Victory","=""6/2/7""","8.8","996","52%"
"325","Dplus KIA vs NS","27:58","1229","kingen","TOP","Renekton","Defeat","=""0/5/3""","7.7","372","37.5%"
"326","Dplus KIA vs NS","29:06","1328","Aiming","ADC","Kalista","Victory","=""9/1/11""","9.3","710","87%"
"326","Dplus KIA vs NS","29:06","2184","BeryL","SUPPORT","Renata Glasc","Victory","=""0/3/19""","0.9","293","82.6%"
"326","Dplus KIA vs NS","29:06","5058","Calix","MID","Sylas","Defeat","=""1/4/5""","7.1","382","46.2%"
"326","Dplus KIA vs NS","29:06","3327","GIDEON","JUNGLE","Wukong","Defeat","=""6/5/4""","5.4","467","76.9%"
"326","Dplus KIA vs NS","29:06","4755","Jiwoo","ADC","Senna","Defeat","=""3/4/6""","8.4","685","69.2%"
"326","Dplus KIA vs NS","29:06","738","Lehends","SUPPORT","Nautilus","Defeat","=""0/5/7""","1.3","144","53.8%"
"326","Dplus KIA vs NS","29:06","3895","Lucid","JUNGLE","Xin Zhao","Victory","=""4/2/12""","6.7","661","69.6%"
"326","Dplus KIA vs NS","29:06","1250","ShowMaker","MID","Taliyah","Victory","=""7/2/13""","7.1","1034","87%"
"326","Dplus KIA vs NS","29:06","5392","Siwoo","TOP","Ornn","Victory","=""3/5/4""","5.6","384","30.4%"
"326","Dplus KIA vs NS","29:06","1229","kingen","TOP","Rumble","Defeat","=""3/5/6""","7.4","880","69.2%"
"327","HLE vs BNK FearX","26:57","4221","Daystar","MID","Galio","Defeat","=""0/5/2""","7.2","423","25%"
"327","HLE vs BNK FearX","26:57","3411","Delight","SUPPORT","Shen","Victory","=""1/1/19""","1.6","266","71.4%"
"327","HLE vs BNK FearX","26:57","4943","Diable","ADC","Kaisa","Defeat","=""2/4/4""","8.9","497","75%"
"327","HLE vs BNK FearX","26:57","1971","Kellin","SUPPORT","Alistar","Defeat","=""3/6/3""","1.1","222","75%"
"327","HLE vs BNK FearX","26:57","392","Peanut","JUNGLE","Pantheon","Victory","=""7/3/13""","5.5","652","71.4%"
"327","HLE vs BNK FearX","26:57","4233","Raptor","JUNGLE","Wukong","Defeat","=""3/7/4""","5.5","571","87.5%"
"327","HLE vs BNK FearX","26:57","4232","Soboro","TOP","Rumble","Defeat","=""0/6/4""","7.6","758","50%"
"327","HLE vs BNK FearX","26:57","1228","Viper","ADC","Xayah","Victory","=""4/2/13""","9.2","981","60.7%"
"327","HLE vs BNK FearX","26:57","2906","Zeka","MID","Viktor","Victory","=""4/0/14""","8.6","775","64.3%"
"327","HLE vs BNK FearX","26:57","3658","Zeus","TOP","Gwen","Victory","=""12/2/11""","8.4","1160","82.1%"
"328","HLE vs BNK FearX","26:59","4221","Daystar","MID","Ahri","Defeat","=""2/4/7""","7.6","642","69.2%"
"328","HLE vs BNK FearX","26:59","3411","Delight","SUPPORT","Braum","Victory","=""1/3/13""","1.7","141","73.7%"
"328","HLE vs BNK FearX","26:59","4943","Diable","ADC","Varus","Defeat","=""3/5/5""","8.4","1025","61.5%"
"328","HLE vs BNK FearX","26:59","1971","Kellin","SUPPORT","Renata Glasc","Defeat","=""1/3/11""","1.1","188","92.3%"
"328","HLE vs BNK FearX","26:59","392","Peanut","JUNGLE","Trundle","Victory","=""2/2/17""","6.8","549","100%"
"328","HLE vs BNK FearX","26:59","4233","Raptor","JUNGLE","Xin Zhao","Defeat","=""2/5/8""","5.9","595","76.9%"
"328","HLE vs BNK FearX","26:59","4232","Soboro","TOP","Ambessa","Defeat","=""5/2/3""","7.4","643","61.5%"
"328","HLE vs BNK FearX","26:59","1228","Viper","ADC","Lucian","Victory","=""5/5/8""","8.2","947","68.4%"
"328","HLE vs BNK FearX","26:59","2906","Zeka","MID","Azir","Victory","=""6/1/7""","9.1","1056","68.4%"
"328","HLE vs BNK FearX","26:59","3658","Zeus","TOP","Sion","Victory","=""5/2/5""","8.5","716","52.6%"
"329","Dplus KIA vs KT Rolster","35:26","1328","Aiming","ADC","Jhin","Defeat","=""3/1/5""","11.1","754","100%"
"329","Dplus KIA vs KT Rolster","35:26","650","Bdd","MID","Azir","Victory","=""3/1/11""","9.2","623","73.7%"
"329","Dplus KIA vs KT Rolster","35:26","2184","BeryL","SUPPORT","Rell","Defeat","=""1/5/7""","1.6","137","100%"
"329","Dplus KIA vs KT Rolster","35:26","983","Cuzz","JUNGLE","Trundle","Victory","=""3/2/12""","6.9","406","78.9%"
"329","Dplus KIA vs KT Rolster","35:26","3895","Lucid","JUNGLE","Naafiri","Defeat","=""2/3/6""","6.8","287","100%"
"329","Dplus KIA vs KT Rolster","35:26","5122","PerfecT","TOP","Rumble","Victory","=""3/1/10""","7.8","885","68.4%"
"329","Dplus KIA vs KT Rolster","35:26","4260","Peter","SUPPORT","Leona","Victory","=""1/3/14""","1.7","158","78.9%"
"329","Dplus KIA vs KT Rolster","35:26","1250","ShowMaker","MID","Ahri","Defeat","=""1/4/3""","9.1","435","50%"
"329","Dplus KIA vs KT Rolster","35:26","5392","Siwoo","TOP","Ornn","Defeat","=""1/6/5""","6.0","304","75%"
"329","Dplus KIA vs KT Rolster","35:26","2508","deokdam","ADC","Varus","Victory","=""9/1/8""","9.8","1011","89.5%"
"330","Dplus KIA vs KT Rolster","35:30","1328","Aiming","ADC","Senna","Defeat","=""2/3/10""","8.4","666","92.3%"
"330","Dplus KIA vs KT Rolster","35:30","650","Bdd","MID","Viktor","Victory","=""3/2/11""","8.5","822","66.7%"
"330","Dplus KIA vs KT Rolster","35:30","2184","BeryL","SUPPORT","Nautilus","Defeat","=""1/7/8""","1.3","238","69.2%"
"330","Dplus KIA vs KT Rolster","35:30","983","Cuzz","JUNGLE","Jarvan IV","Victory","=""7/3/13""","6.5","383","95.2%"
"330","Dplus KIA vs KT Rolster","35:30","3895","Lucid","JUNGLE","Nocturne","Defeat","=""3/4/5""","6.6","312","61.5%"
"330","Dplus KIA vs KT Rolster","35:30","5122","PerfecT","TOP","Jayce","Victory","=""7/1/6""","7.9","911","61.9%"
"330","Dplus KIA vs KT Rolster","35:30","4260","Peter","SUPPORT","Tahm Kench","Victory","=""0/3/13""","0.8","141","61.9%"
"330","Dplus KIA vs KT Rolster","35:30","1250","ShowMaker","MID","Annie","Defeat","=""4/4/7""","6.7","611","84.6%"
"330","Dplus KIA vs KT Rolster","35:30","5392","Siwoo","TOP","Gwen","Defeat","=""3/3/3""","8.8","546","46.2%"
"330","Dplus KIA vs KT Rolster","35:30","2508","deokdam","ADC","Caitlyn","Victory","=""4/4/8""","8.1","501","57.1%"
"331","Dplus KIA vs KT Rolster","37:12","1328","Aiming","ADC","Kaisa","Victory","=""7/0/5""","10.8","715","80%"
"331","Dplus KIA vs KT Rolster","37:12","650","Bdd","MID","Ryze","Defeat","=""2/2/1""","11.3","465","100%"
"331","Dplus KIA vs KT Rolster","37:12","2184","BeryL","SUPPORT","Neeko","Victory","=""0/1/12""","1.2","303","80%"
"331","Dplus KIA vs KT Rolster","37:12","983","Cuzz","JUNGLE","Wukong","Defeat","=""0/4/2""","5.1","138","66.7%"
"331","Dplus KIA vs KT Rolster","37:12","3895","Lucid","JUNGLE","Poppy","Victory","=""2/2/9""","5.5","248","73.3%"
"331","Dplus KIA vs KT Rolster","37:12","5122","PerfecT","TOP","Sion","Defeat","=""0/2/2""","8.3","415","66.7%"
"331","Dplus KIA vs KT Rolster","37:12","4260","Peter","SUPPORT","Alistar","Defeat","=""0/4/2""","0.7","77","66.7%"
"331","Dplus KIA vs KT Rolster","37:12","1250","ShowMaker","MID","Taliyah","Victory","=""2/0/10""","9.7","648","80%"
"331","Dplus KIA vs KT Rolster","37:12","5392","Siwoo","TOP","Ambessa","Victory","=""4/0/5""","8.7","693","60%"
"331","Dplus KIA vs KT Rolster","37:12","2508","deokdam","ADC","Ezreal","Defeat","=""1/3/2""","9.1","612","100%"
"332","Dplus KIA vs OK BRION","27:35","1328","Aiming","ADC","Miss Fortune","Defeat","=""1/3/3""","10.0","662","80%"
"332","Dplus KIA vs OK BRION","27:35","2184","BeryL","SUPPORT","Nautilus","Defeat","=""3/6/2""","1.2","179","100%"
"332","Dplus KIA vs OK BRION","27:35","3195","Clozer","MID","Cassiopeia","Victory","=""5/0/8""","9.8","447","59.1%"
"332","Dplus KIA vs OK BRION","27:35","2645","Croco","JUNGLE","Trundle","Victory","=""5/1/13""","7.2","512","81.8%"
"332","Dplus KIA vs OK BRION","27:35","3694","Hype","ADC","Lucian","Victory","=""8/1/9""","8.9","927","77.3%"
"332","Dplus KIA vs OK BRION","27:35","3895","Lucid","JUNGLE","Lee Sin","Defeat","=""1/5/3""","6.6","277","80%"
"332","Dplus KIA vs OK BRION","27:35","2545","Morgan","TOP","Rumble","Victory","=""3/0/9""","9.1","712","54.5%"
"332","Dplus KIA vs OK BRION","27:35","4865","Pollu","SUPPORT","Alistar","Victory","=""1/3/17""","1.0","159","81.8%"
"332","Dplus KIA vs OK BRION","27:35","1250","ShowMaker","MID","Ryze","Defeat","=""0/4/2""","9.6","433","40%"
"332","Dplus KIA vs OK BRION","27:35","5392","Siwoo","TOP","Ambessa","Defeat","=""0/4/1""","8.9","246","20%"
"333","Dplus KIA vs OK BRION","32:51","1328","Aiming","ADC","Senna","Defeat","=""3/0/5""","9.8","923","88.9%"
"333","Dplus KIA vs OK BRION","32:51","2184","BeryL","SUPPORT","Braum","Defeat","=""0/5/7""","0.7","276","77.8%"
"333","Dplus KIA vs OK BRION","32:51","3195","Clozer","MID","Annie","Victory","=""2/1/14""","7.3","645","84.2%"
"333","Dplus KIA vs OK BRION","32:51","2645","Croco","JUNGLE","Xin Zhao","Victory","=""2/0/13""","6.3","694","78.9%"
"333","Dplus KIA vs OK BRION","32:51","3694","Hype","ADC","Corki","Victory","=""7/1/8""","9.4","1367","78.9%"
"333","Dplus KIA vs OK BRION","32:51","3895","Lucid","JUNGLE","Zed","Defeat","=""3/3/2""","6.5","522","55.6%"
"333","Dplus KIA vs OK BRION","32:51","2545","Morgan","TOP","Chogath","Victory","=""7/2/6""","8.2","775","68.4%"
"333","Dplus KIA vs OK BRION","32:51","4865","Pollu","SUPPORT","Rell","Victory","=""1/5/14""","0.9","188","78.9%"
"333","Dplus KIA vs OK BRION","32:51","1250","ShowMaker","MID","Syndra","Defeat","=""0/6/4""","8.2","582","44.4%"
"333","Dplus KIA vs OK BRION","32:51","5392","Siwoo","TOP","Sion","Defeat","=""3/5/4""","7.1","812","77.8%"
"334","Dplus KIA vs OK BRION","34:27","1328","Aiming","ADC","Sivir","Victory","=""2/1/6""","10.7","524","72.7%"
"334","Dplus KIA vs OK BRION","34:27","2184","BeryL","SUPPORT","Karma","Victory","=""1/0/8""","1.2","190","81.8%"
"334","Dplus KIA vs OK BRION","34:27","3195","Clozer","MID","Ahri","Defeat","=""1/2/5""","9.1","377","85.7%"
"334","Dplus KIA vs OK BRION","34:27","2645","Croco","JUNGLE","Wukong","Defeat","=""3/3/3""","6.8","301","85.7%"
"334","Dplus KIA vs OK BRION","34:27","3694","Hype","ADC","Ezreal","Defeat","=""0/2/3""","9.1","603","42.9%"
"334","Dplus KIA vs OK BRION","34:27","3895","Lucid","JUNGLE","Poppy","Victory","=""2/1/4""","6.4","288","54.5%"
"334","Dplus KIA vs OK BRION","34:27","2545","Morgan","TOP","Aurora","Defeat","=""1/3/2""","8.8","485","42.9%"
"334","Dplus KIA vs OK BRION","34:27","4865","Pollu","SUPPORT","Neeko","Defeat","=""2/1/3""","1.1","324","71.4%"
"334","Dplus KIA vs OK BRION","34:27","1250","ShowMaker","MID","Taliyah","Victory","=""3/3/5""","9.1","579","72.7%"
"334","Dplus KIA vs OK BRION","34:27","5392","Siwoo","TOP","Gwen","Victory","=""3/2/1""","9.3","382","36.4%"
"335","GEN vs HLE","28:36","1909","Canyon","JUNGLE","Wukong","Victory","=""9/1/5""","6.7","677","73.7%"
"335","GEN vs HLE","28:36","1629","Chovy","MID","Annie","Victory","=""4/1/11""","9.2","1078","78.9%"
"335","GEN vs HLE","28:36","3411","Delight","SUPPORT","Neeko","Defeat","=""1/4/5""","1.3","294","85.7%"
"335","GEN vs HLE","28:36","4259","Duro","SUPPORT","Alistar","Victory","=""1/2/13""","0.7","169","73.7%"
"335","GEN vs HLE","28:36","1115","Kiin","TOP","Aurora","Victory","=""3/2/7""","8.9","749","52.6%"
"335","GEN vs HLE","28:36","392","Peanut","JUNGLE","Xin Zhao","Defeat","=""1/5/5""","6.3","309","85.7%"
"335","GEN vs HLE","28:36","685","Ruler","ADC","Senna","Victory","=""2/1/12""","9.1","627","73.7%"
"335","GEN vs HLE","28:36","1228","Viper","ADC","Jhin","Defeat","=""3/2/3""","8.9","487","85.7%"
"335","GEN vs HLE","28:36","2906","Zeka","MID","Ryze","Defeat","=""1/3/4""","8.6","410","71.4%"
"335","GEN vs HLE","28:36","3658","Zeus","TOP","Gwen","Defeat","=""1/5/2""","7.1","286","42.9%"
"336","GEN vs HLE","43:07","1909","Canyon","JUNGLE","Jarvan IV","Victory","=""2/2/19""","6.1","506","87.5%"
"336","GEN vs HLE","43:07","1629","Chovy","MID","Azir","Victory","=""4/4/13""","9.6","771","70.8%"
"336","GEN vs HLE","43:07","3411","Delight","SUPPORT","Braum","Defeat","=""2/6/11""","0.9","171","76.5%"
"336","GEN vs HLE","43:07","4259","Duro","SUPPORT","Rell","Victory","=""0/6/20""","0.6","119","83.3%"
"336","GEN vs HLE","43:07","1115","Kiin","TOP","KSante","Victory","=""6/3/10""","7.1","381","66.7%"
"336","GEN vs HLE","43:07","392","Peanut","JUNGLE","Sejuani","Defeat","=""4/6/9""","5.5","374","76.5%"
"336","GEN vs HLE","43:07","685","Ruler","ADC","Corki","Victory","=""12/2/6""","9.5","1128","75%"
"336","GEN vs HLE","43:07","1228","Viper","ADC","Lucian","Defeat","=""5/5/8""","9.7","925","76.5%"
"336","GEN vs HLE","43:07","2906","Zeka","MID","Taliyah","Defeat","=""3/4/9""","8.0","753","70.6%"
"336","GEN vs HLE","43:07","3658","Zeus","TOP","Ambessa","Defeat","=""3/3/7""","8.5","594","58.8%"
"337","DN Freecs vs BNK FearX","28:40","3322","Berserker","ADC","Jinx","Defeat","=""3/4/6""","8.9","422","69.2%"
"337","DN Freecs vs BNK FearX","28:40","3974","Bulldog","MID","Aurora","Defeat","=""3/2/7""","8.2","742","76.9%"
"337","DN Freecs vs BNK FearX","28:40","3421","Clear","TOP","Yorick","Victory","=""3/0/4""","8.4","757","43.8%"
"337","DN Freecs vs BNK FearX","28:40","4943","Diable","ADC","Sivir","Victory","=""4/1/10""","11.7","1009","87.5%"
"337","DN Freecs vs BNK FearX","28:40","3082","DuDu","TOP","Aatrox","Defeat","=""2/2/2""","8.8","500","30.8%"
"337","DN Freecs vs BNK FearX","28:40","1971","Kellin","SUPPORT","Rell","Victory","=""2/5/12""","0.6","244","87.5%"
"337","DN Freecs vs BNK FearX","28:40","1906","Life","SUPPORT","Nautilus","Defeat","=""0/5/10""","0.8","194","76.9%"
"337","DN Freecs vs BNK FearX","28:40","2664","Pyosik","JUNGLE","Trundle","Defeat","=""5/3/7""","6.2","405","92.3%"
"337","DN Freecs vs BNK FearX","28:40","4233","Raptor","JUNGLE","Wukong","Victory","=""6/2/8""","6.1","612","87.5%"
"337","DN Freecs vs BNK FearX","28:40","3326","Vicla","MID","Annie","Victory","=""1/5/9""","6.2","638","62.5%"
"338","DN Freecs vs BNK FearX","29:58","3322","Berserker","ADC","Zeri","Defeat","=""1/2/5""","10.3","441","85.7%"
"338","DN Freecs vs BNK FearX","29:58","3974","Bulldog","MID","Orianna","Defeat","=""2/1/4""","7.2","460","85.7%"
"338","DN Freecs vs BNK FearX","29:58","3421","Clear","TOP","Rumble","Victory","=""3/1/4""","7.7","504","63.6%"
"338","DN Freecs vs BNK FearX","29:58","4943","Diable","ADC","Kaisa","Victory","=""4/2/4""","11.0","464","72.7%"
"338","DN Freecs vs BNK FearX","29:58","3082","DuDu","TOP","Gwen","Defeat","=""0/4/2""","7.2","416","28.6%"
"338","DN Freecs vs BNK FearX","29:58","1971","Kellin","SUPPORT","Alistar","Victory","=""1/1/8""","1.0","80","81.8%"
"338","DN Freecs vs BNK FearX","29:58","1906","Life","SUPPORT","Lulu","Defeat","=""0/3/7""","0.8","174","100%"
"338","DN Freecs vs BNK FearX","29:58","2664","Pyosik","JUNGLE","Nocturne","Defeat","=""4/1/3""","6.9","264","100%"
"338","DN Freecs vs BNK FearX","29:58","4233","Raptor","JUNGLE","Vi","Victory","=""2/1/5""","6.7","309","63.6%"
"338","DN Freecs vs BNK FearX","29:58","3326","Vicla","MID","Taliyah","Victory","=""1/2/4""","8.2","289","45.5%"
"339","KT Rolster vs NS","27:03","650","Bdd","MID","Aurora","Victory","=""8/1/5""","8.7","844","61.9%"
"339","KT Rolster vs NS","27:03","5058","Calix","MID","Yone","Defeat","=""3/3/2""","7.5","452","50%"
"339","KT Rolster vs NS","27:03","983","Cuzz","JUNGLE","Zed","Victory","=""6/2/9""","8.5","596","71.4%"
"339","KT Rolster vs NS","27:03","3327","GIDEON","JUNGLE","Sejuani","Defeat","=""2/4/6""","4.7","417","80%"
"339","KT Rolster vs NS","27:03","4755","Jiwoo","ADC","Varus","Defeat","=""3/3/4""","10.1","647","70%"
"339","KT Rolster vs NS","27:03","738","Lehends","SUPPORT","Shen","Defeat","=""2/6/4""","1.2","327","60%"
"339","KT Rolster vs NS","27:03","5122","PerfecT","TOP","Yorick","Victory","=""1/2/10""","7.7","628","52.4%"
"339","KT Rolster vs NS","27:03","4260","Peter","SUPPORT","Alistar","Victory","=""2/2/14""","0.6","171","76.2%"
"339","KT Rolster vs NS","27:03","2508","deokdam","ADC","Ziggs","Victory","=""4/3/11""","7.8","983","71.4%"
"339","KT Rolster vs NS","27:03","1229","kingen","TOP","Camille","Defeat","=""0/5/5""","7.5","383","50%"
"340","KT Rolster vs NS","41:24","650","Bdd","MID","Taliyah","Victory","=""7/3/12""","9.3","868","67.9%"
"340","KT Rolster vs NS","41:24","5058","Calix","MID","Azir","Defeat","=""3/2/5""","9.3","789","53.3%"
"340","KT Rolster vs NS","41:24","983","Cuzz","JUNGLE","Wukong","Victory","=""6/4/17""","6.7","702","82.1%"
"340","KT Rolster vs NS","41:24","3327","GIDEON","JUNGLE","Xin Zhao","Defeat","=""4/10/5""","5.7","428","60%"
"340","KT Rolster vs NS","41:24","4755","Jiwoo","ADC","Senna","Defeat","=""2/5/10""","8.2","602","80%"
"340","KT Rolster vs NS","41:24","738","Lehends","SUPPORT","Leona","Defeat","=""0/6/8""","1.0","159","53.3%"
"340","KT Rolster vs NS","41:24","5122","PerfecT","TOP","Gwen","Victory","=""4/5/7""","6.5","449","39.3%"
"340","KT Rolster vs NS","41:24","4260","Peter","SUPPORT","Rakan","Victory","=""0/3/21""","0.8","102","75%"
"340","KT Rolster vs NS","41:24","2508","deokdam","ADC","Corki","Victory","=""11/0/13""","9.6","1034","85.7%"
"340","KT Rolster vs NS","41:24","1229","kingen","TOP","Rumble","Defeat","=""6/5/3""","7.3","874","60%"
"341","OK BRION vs DRX","31:35","4938","Andil","SUPPORT","Poppy","Victory","=""1/1/7""","1.5","133","72.7%"
"341","OK BRION vs DRX","31:35","3195","Clozer","MID","Annie","Defeat","=""2/2/3""","8.1","485","71.4%"
"341","OK BRION vs DRX","31:35","2645","Croco","JUNGLE","Xin Zhao","Defeat","=""1/3/3""","7.4","345","57.1%"
"341","OK BRION vs DRX","31:35","3694","Hype","ADC","Corki","Defeat","=""4/1/1""","10.1","604","71.4%"
"341","OK BRION vs DRX","31:35","5264","Kyeahoo","MID","Aurora","Victory","=""1/3/7""","9.4","611","72.7%"
"341","OK BRION vs DRX","31:35","2545","Morgan","TOP","Sion","Defeat","=""0/1/0""","8.8","356","0%"
"341","OK BRION vs DRX","31:35","4865","Pollu","SUPPORT","Alistar","Defeat","=""0/4/4""","1.0","120","57.1%"
"341","OK BRION vs DRX","31:35","1613","Rich","TOP","Ambessa","Victory","=""1/0/7""","9.2","603","72.7%"
"341","OK BRION vs DRX","31:35","4753","Sponge","JUNGLE","Wukong","Victory","=""5/2/5""","7.3","303","90.9%"
"341","OK BRION vs DRX","31:35","799","Teddy","ADC","Miss Fortune","Victory","=""3/1/5""","9.6","738","72.7%"
"342","OK BRION vs DRX","34:58","4938","Andil","SUPPORT","Leona","Defeat","=""0/7/7""","1.1","156","53.8%"
"342","OK BRION vs DRX","34:58","3195","Clozer","MID","Ahri","Victory","=""5/2/16""","8.6","698","80.8%"
"342","OK BRION vs DRX","34:58","2645","Croco","JUNGLE","Vi","Victory","=""7/4/14""","6.6","533","80.8%"
"342","OK BRION vs DRX","34:58","3694","Hype","ADC","Ezreal","Victory","=""7/1/9""","9.0","971","61.5%"
"342","OK BRION vs DRX","34:58","5264","Kyeahoo","MID","Azir","Defeat","=""2/8/6""","8.1","839","61.5%"
"342","OK BRION vs DRX","34:58","2545","Morgan","TOP","Aatrox","Victory","=""7/2/14""","6.7","684","80.8%"
"342","OK BRION vs DRX","34:58","4865","Pollu","SUPPORT","Braum","Victory","=""0/4/24""","0.5","206","92.3%"
"342","OK BRION vs DRX","34:58","1613","Rich","TOP","Rumble","Defeat","=""1/4/3""","6.8","785","30.8%"
"342","OK BRION vs DRX","34:58","4753","Sponge","JUNGLE","Trundle","Defeat","=""4/4/9""","5.3","372","100%"
"342","OK BRION vs DRX","34:58","799","Teddy","ADC","Lucian","Defeat","=""6/3/6""","9.2","657","92.3%"
"343","OK BRION vs DRX","35:01","4938","Andil","SUPPORT","Rakan","Defeat","=""0/2/10""","1.2","217","90.9%"
"343","OK BRION vs DRX","35:01","3195","Clozer","MID","Cassiopeia","Victory","=""1/3/7""","9.1","383","47.1%"
"343","OK BRION vs DRX","35:01","2645","Croco","JUNGLE","Nidalee","Victory","=""3/0/11""","8.1","557","82.4%"
"343","OK BRION vs DRX","35:01","3694","Hype","ADC","Kaisa","Victory","=""8/2/6""","9.2","838","82.4%"
"343","OK BRION vs DRX","35:01","5264","Kyeahoo","MID","Ryze","Defeat","=""9/3/1""","9.1","687","90.9%"
"343","OK BRION vs DRX","35:01","2545","Morgan","TOP","Renekton","Victory","=""3/2/10""","9.4","660","76.5%"
"343","OK BRION vs DRX","35:01","4865","Pollu","SUPPORT","Rell","Victory","=""2/4/12""","1.1","147","82.4%"
"343","OK BRION vs DRX","35:01","1613","Rich","TOP","KSante","Defeat","=""0/6/3""","7.1","516","27.3%"
"343","OK BRION vs DRX","35:01","4753","Sponge","JUNGLE","Jarvan IV","Defeat","=""0/3/11""","6.4","378","100%"
"343","OK BRION vs DRX","35:01","799","Teddy","ADC","Sivir","Defeat","=""2/3/7""","10.7","698","81.8%"
"344","T1 vs GEN","27:28","1909","Canyon","JUNGLE","Trundle","Defeat","=""1/2/0""","5.9","227","20%"
"344","T1 vs GEN","27:28","1629","Chovy","MID","Viktor","Defeat","=""2/5/1""","9.0","887","60%"
"344","T1 vs GEN","27:28","1242","Doran","TOP","Gragas","Victory","=""1/2/12""","6.7","689","61.9%"
"344","T1 vs GEN","27:28","4259","Duro","SUPPORT","Alistar","Defeat","=""1/4/2""","0.8","68","60%"
"344","T1 vs GEN","27:28","48","Faker","MID","Ryze","Victory","=""8/0/7""","8.2","673","71.4%"
"344","T1 vs GEN","27:28","3247","Gumayusi","ADC","Aphelios","Victory","=""8/0/5""","9.5","937","61.9%"
"344","T1 vs GEN","27:28","1258","Keria","SUPPORT","Thresh","Victory","=""0/3/14""","1.0","219","66.7%"
"344","T1 vs GEN","27:28","1115","Kiin","TOP","Renekton","Defeat","=""1/4/2""","8.6","466","60%"
"344","T1 vs GEN","27:28","3741","Oner","JUNGLE","Xin Zhao","Victory","=""4/0/12""","6.9","569","76.2%"
"344","T1 vs GEN","27:28","685","Ruler","ADC","Senna","Defeat","=""0/6/1""","8.9","400","20%"
"345","T1 vs GEN","30:09","1909","Canyon","JUNGLE","Wukong","Victory","=""12/1/8""","7.5","473","74.1%"
"345","T1 vs GEN","30:09","1629","Chovy","MID","Orianna","Victory","=""0/4/19""","9.1","747","70.4%"
"345","T1 vs GEN","30:09","1242","Doran","TOP","Rumble","Defeat","=""2/6/5""","7.6","730","63.6%"
"345","T1 vs GEN","30:09","4259","Duro","SUPPORT","Bard","Victory","=""5/2/15""","0.7","316","74.1%"
"345","T1 vs GEN","30:09","48","Faker","MID","Annie","Defeat","=""2/8/3""","7.2","533","45.5%"
"345","T1 vs GEN","30:09","3247","Gumayusi","ADC","Corki","Defeat","=""4/4/2""","10.3","490","54.5%"
"345","T1 vs GEN","30:09","1258","Keria","SUPPORT","Neeko","Defeat","=""0/4/7""","1.3","324","63.6%"
"345","T1 vs GEN","30:09","1115","Kiin","TOP","Gwen","Victory","=""6/4/9""","8.1","859","55.6%"
"345","T1 vs GEN","30:09","3741","Oner","JUNGLE","Vi","Defeat","=""3/5/2""","6.8","307","45.5%"
"345","T1 vs GEN","30:09","685","Ruler","ADC","Jhin","Victory","=""4/0/8""","10.1","536","44.4%"
"346","T1 vs GEN","30:35","1909","Canyon","JUNGLE","Skarner","Defeat","=""0/4/3""","6.1","312","30%"
"346","T1 vs GEN","30:35","1629","Chovy","MID","Twisted Fate","Defeat","=""2/4/6""","9.2","805","80%"
"346","T1 vs GEN","30:35","1242","Doran","TOP","Jayce","Victory","=""7/4/9""","8.3","950","84.2%"
"346","T1 vs GEN","30:35","4259","Duro","SUPPORT","Braum","Defeat","=""1/3/5""","0.8","220","60%"
"346","T1 vs GEN","30:35","48","Faker","MID","Azir","Victory","=""4/0/8""","9.0","1040","63.2%"
"346","T1 vs GEN","30:35","3247","Gumayusi","ADC","Xayah","Victory","=""7/1/5""","9.5","744","63.2%"
"346","T1 vs GEN","30:35","1258","Keria","SUPPORT","Rakan","Victory","=""0/3/17""","0.7","198","89.5%"
"346","T1 vs GEN","30:35","1115","Kiin","TOP","KSante","Defeat","=""5/4/3""","6.5","687","80%"
"346","T1 vs GEN","30:35","3741","Oner","JUNGLE","Sejuani","Victory","=""1/2/11""","6.5","412","63.2%"
"346","T1 vs GEN","30:35","685","Ruler","ADC","Lucian","Defeat","=""2/4/1""","9.1","818","30%"
"347","Dplus KIA vs BNK FearX","32:46","1328","Aiming","ADC","Senna","Victory","=""3/2/16""","8.3","547","100%"
"347","Dplus KIA vs BNK FearX","32:46","2184","BeryL","SUPPORT","Alistar","Victory","=""0/4/14""","1.1","161","73.7%"
"347","Dplus KIA vs BNK FearX","32:46","3421","Clear","TOP","Ambessa","Defeat","=""0/4/2""","7.6","445","22.2%"
"347","Dplus KIA vs BNK FearX","32:46","4943","Diable","ADC","Lucian","Defeat","=""3/4/4""","8.9","623","77.8%"
"347","Dplus KIA vs BNK FearX","32:46","1971","Kellin","SUPPORT","Braum","Defeat","=""0/4/8""","0.6","254","88.9%"
"347","Dplus KIA vs BNK FearX","32:46","3895","Lucid","JUNGLE","Trundle","Victory","=""6/2/12""","6.6","400","94.7%"
"347","Dplus KIA vs BNK FearX","32:46","4233","Raptor","JUNGLE","Jarvan IV","Defeat","=""2/6/6""","5.5","326","88.9%"
"347","Dplus KIA vs BNK FearX","32:46","1250","ShowMaker","MID","Twisted Fate","Victory","=""6/0/11""","9.9","643","89.5%"
"347","Dplus KIA vs BNK FearX","32:46","5392","Siwoo","TOP","Jayce","Victory","=""4/1/9""","8.8","787","68.4%"
"347","Dplus KIA vs BNK FearX","32:46","3326","Vicla","MID","Taliyah","Defeat","=""4/1/3""","9.2","650","77.8%"
"348","Dplus KIA vs BNK FearX","39:46","1328","Aiming","ADC","Jhin","Victory","=""9/1/7""","10.7","969","80%"
"348","Dplus KIA vs BNK FearX","39:46","2184","BeryL","SUPPORT","Maokai","Victory","=""1/1/13""","1.2","276","70%"
"348","Dplus KIA vs BNK FearX","39:46","3421","Clear","TOP","Gwen","Defeat","=""4/3/3""","7.8","702","58.3%"
"348","Dplus KIA vs BNK FearX","39:46","4943","Diable","ADC","Varus","Defeat","=""4/4/4""","8.8","932","66.7%"
"348","Dplus KIA vs BNK FearX","39:46","1971","Kellin","SUPPORT","Rakan","Defeat","=""0/5/8""","0.7","125","66.7%"
"348","Dplus KIA vs BNK FearX","39:46","3895","Lucid","JUNGLE","Wukong","Victory","=""6/4/10""","5.7","503","80%"
"348","Dplus KIA vs BNK FearX","39:46","4233","Raptor","JUNGLE","Xin Zhao","Defeat","=""0/6/5""","6.2","458","41.7%"
"348","Dplus KIA vs BNK FearX","39:46","1250","ShowMaker","MID","Orianna","Victory","=""1/3/11""","8.9","593","60%"
"348","Dplus KIA vs BNK FearX","39:46","5392","Siwoo","TOP","Rumble","Victory","=""3/3/8""","7.0","708","55%"
"348","Dplus KIA vs BNK FearX","39:46","3326","Vicla","MID","Ahri","Defeat","=""4/2/4""","8.1","594","66.7%"
"349","HLE vs KT Rolster","28:49","650","Bdd","MID","Taliyah","Defeat","=""2/4/4""","8.6","731","66.7%"
"349","HLE vs KT Rolster","28:49","983","Cuzz","JUNGLE","Jarvan IV","Defeat","=""5/3/4""","6.6","370","100%"
"349","HLE vs KT Rolster","28:49","3411","Delight","SUPPORT","Rakan","Victory","=""3/3/9""","1.1","188","60%"
"349","HLE vs KT Rolster","28:49","392","Peanut","JUNGLE","Xin Zhao","Victory","=""2/1/7""","7.8","438","45%"
"349","HLE vs KT Rolster","28:49","5122","PerfecT","TOP","Jayce","Defeat","=""1/4/5""","8.5","598","66.7%"
"349","HLE vs KT Rolster","28:49","4260","Peter","SUPPORT","Alistar","Defeat","=""0/5/7""","0.9","87","77.8%"
"349","HLE vs KT Rolster","28:49","1228","Viper","ADC","Corki","Victory","=""10/1/3""","10.0","965","65%"
"349","HLE vs KT Rolster","28:49","2906","Zeka","MID","Azir","Victory","=""5/1/5""","11.1","912","50%"
"349","HLE vs KT Rolster","28:49","3658","Zeus","TOP","KSante","Victory","=""0/3/5""","8.8","281","25%"
"349","HLE vs KT Rolster","28:49","2508","deokdam","ADC","Sivir","Defeat","=""1/4/7""","9.5","618","88.9%"
"350","HLE vs KT Rolster","36:28","650","Bdd","MID","Malzahar","Defeat","=""4/3/4""","9.5","639","72.7%"
"350","HLE vs KT Rolster","36:28","983","Cuzz","JUNGLE","Trundle","Defeat","=""1/2/8""","5.9","230","81.8%"
"350","HLE vs KT Rolster","36:28","3411","Delight","SUPPORT","Poppy","Victory","=""2/2/13""","1.0","300","78.9%"
"350","HLE vs KT Rolster","36:28","392","Peanut","JUNGLE","Wukong","Victory","=""3/2/11""","7.1","460","73.7%"
"350","HLE vs KT Rolster","36:28","5122","PerfecT","TOP","Gwen","Defeat","=""4/4/2""","6.7","388","54.5%"
"350","HLE vs KT Rolster","36:28","4260","Peter","SUPPORT","Rell","Defeat","=""0/7/8""","0.8","90","72.7%"
"350","HLE vs KT Rolster","36:28","1228","Viper","ADC","Varus","Victory","=""10/0/7""","9.5","1091","89.5%"
"350","HLE vs KT Rolster","36:28","2906","Zeka","MID","Annie","Victory","=""1/4/12""","7.3","663","68.4%"
"350","HLE vs KT Rolster","36:28","3658","Zeus","TOP","Rumble","Victory","=""3/3/11""","7.8","551","73.7%"
"350","HLE vs KT Rolster","36:28","2508","deokdam","ADC","Jhin","Defeat","=""2/3/6""","8.0","477","72.7%"
"351","DN Freecs vs DRX","35:09","4938","Andil","SUPPORT","Rakan","Defeat","=""0/4/5""","1.0","140","100%"
"351","DN Freecs vs DRX","35:09","3322","Berserker","ADC","Sivir","Victory","=""4/1/12""","10.0","719","100%"
"351","DN Freecs vs DRX","35:09","3974","Bulldog","MID","Azir","Victory","=""3/2/9""","8.9","732","75%"
"351","DN Freecs vs DRX","35:09","3082","DuDu","TOP","Sion","Victory","=""5/1/7""","7.1","513","75%"
"351","DN Freecs vs DRX","35:09","5264","Kyeahoo","MID","Aurora","Defeat","=""3/2/1""","9.0","560","80%"
"351","DN Freecs vs DRX","35:09","1906","Life","SUPPORT","Rell","Victory","=""2/0/14""","0.9","166","100%"
"351","DN Freecs vs DRX","35:09","2664","Pyosik","JUNGLE","Trundle","Victory","=""2/1/11""","6.6","336","81.2%"
"351","DN Freecs vs DRX","35:09","1613","Rich","TOP","Ambessa","Defeat","=""0/3/3""","7.7","566","60%"
"351","DN Freecs vs DRX","35:09","4753","Sponge","JUNGLE","Vi","Defeat","=""0/4/4""","5.6","243","80%"
"351","DN Freecs vs DRX","35:09","799","Teddy","ADC","Kaisa","Defeat","=""2/3/2""","9.7","539","80%"
"352","DN Freecs vs DRX","35:48","4938","Andil","SUPPORT","Neeko","Victory","=""1/3/8""","0.9","316","56.2%"
"352","DN Freecs vs DRX","35:48","3322","Berserker","ADC","Corki","Defeat","=""1/1/1""","9.5","589","40%"
"352","DN Freecs vs DRX","35:48","3974","Bulldog","MID","Cassiopeia","Defeat","=""2/4/3""","9.2","544","100%"
"352","DN Freecs vs DRX","35:48","3082","DuDu","TOP","Aatrox","Defeat","=""0/3/1""","8.3","449","20%"
"352","DN Freecs vs DRX","35:48","5264","Kyeahoo","MID","Ryze","Victory","=""4/1/8""","9.3","775","75%"
"352","DN Freecs vs DRX","35:48","1906","Life","SUPPORT","Bard","Defeat","=""1/4/3""","0.9","111","80%"
"352","DN Freecs vs DRX","35:48","2664","Pyosik","JUNGLE","Skarner","Defeat","=""1/4/3""","4.4","131","80%"
"352","DN Freecs vs DRX","35:48","1613","Rich","TOP","KSante","Victory","=""1/0/14""","7.3","509","93.8%"
"352","DN Freecs vs DRX","35:48","4753","Sponge","JUNGLE","Viego","Victory","=""4/1/8""","7.2","393","75%"
"352","DN Freecs vs DRX","35:48","799","Teddy","ADC","Ezreal","Victory","=""6/0/10""","9.9","1104","100%"
"353","DN Freecs vs DRX","39:39","4938","Andil","SUPPORT","Nautilus","Victory","=""0/4/12""","0.7","238","70.6%"
"353","DN Freecs vs DRX","39:39","3322","Berserker","ADC","Zeri","Defeat","=""5/1/5""","9.9","923","66.7%"
"353","DN Freecs vs DRX","39:39","3974","Bulldog","MID","Orianna","Defeat","=""2/3/10""","7.7","582","80%"
"353","DN Freecs vs DRX","39:39","3082","DuDu","TOP","Rumble","Defeat","=""3/6/4""","6.1","615","46.7%"
"353","DN Freecs vs DRX","39:39","5264","Kyeahoo","MID","Taliyah","Victory","=""5/5/9""","7.8","536","82.4%"
"353","DN Freecs vs DRX","39:39","1906","Life","SUPPORT","Lulu","Defeat","=""0/3/12""","0.8","131","80%"
"353","DN Freecs vs DRX","39:39","2664","Pyosik","JUNGLE","Nocturne","Defeat","=""5/4/6""","5.8","378","73.3%"
"353","DN Freecs vs DRX","39:39","1613","Rich","TOP","Ornn","Victory","=""2/1/8""","6.0","415","58.8%"
"353","DN Freecs vs DRX","39:39","4753","Sponge","JUNGLE","Xin Zhao","Victory","=""3/2/11""","7.0","479","82.4%"
"353","DN Freecs vs DRX","39:39","799","Teddy","ADC","Lucian","Victory","=""7/3/7""","8.4","653","82.4%"
"354","T1 vs NS","28:47","5058","Calix","MID","Galio","Defeat","=""1/2/6""","7.7","547","77.8%"
"354","T1 vs NS","28:47","1242","Doran","TOP","Ambessa","Victory","=""6/3/4""","8.6","749","52.6%"
"354","T1 vs NS","28:47","48","Faker","MID","Orianna","Victory","=""4/3/9""","7.3","832","68.4%"
"354","T1 vs NS","28:47","3327","GIDEON","JUNGLE","Viego","Defeat","=""4/4/3""","7.9","392","77.8%"
"354","T1 vs NS","28:47","3247","Gumayusi","ADC","Jhin","Victory","=""5/0/10""","9.8","991","78.9%"
"354","T1 vs NS","28:47","4755","Jiwoo","ADC","Senna","Defeat","=""2/5/6""","7.6","698","88.9%"
"354","T1 vs NS","28:47","1258","Keria","SUPPORT","Bard","Victory","=""0/1/13""","1.2","394","68.4%"
"354","T1 vs NS","28:47","738","Lehends","SUPPORT","Tahm Kench","Defeat","=""1/4/5""","0.9","237","66.7%"
"354","T1 vs NS","28:47","3741","Oner","JUNGLE","Nocturne","Victory","=""4/2/10""","6.7","673","73.7%"
"354","T1 vs NS","28:47","1229","kingen","TOP","KSante","Defeat","=""1/4/3""","7.8","490","44.4%"
"355","T1 vs NS","30:29","5058","Calix","MID","Ahri","Defeat","=""1/1/2""","9.2","448","33.3%"
"355","T1 vs NS","30:29","1242","Doran","TOP","Gwen","Victory","=""7/2/6""","9.3","596","92.9%"
"355","T1 vs NS","30:29","48","Faker","MID","Ryze","Victory","=""2/3/3""","9.0","601","35.7%"
"355","T1 vs NS","30:29","3327","GIDEON","JUNGLE","Wukong","Defeat","=""3/1/4""","7.8","393","77.8%"
"355","T1 vs NS","30:29","3247","Gumayusi","ADC","Varus","Victory","=""1/1/5""","10.0","529","42.9%"
"355","T1 vs NS","30:29","4755","Jiwoo","ADC","Sivir","Defeat","=""3/3/2""","9.4","582","55.6%"
"355","T1 vs NS","30:29","1258","Keria","SUPPORT","Poppy","Victory","=""0/2/11""","1.0","246","78.6%"
"355","T1 vs NS","30:29","738","Lehends","SUPPORT","Nautilus","Defeat","=""1/4/4""","1.3","162","55.6%"
"355","T1 vs NS","30:29","3741","Oner","JUNGLE","Jarvan IV","Victory","=""4/1/7""","7.4","373","78.6%"
"355","T1 vs NS","30:29","1229","kingen","TOP","Rumble","Defeat","=""1/5/2""","7.7","703","33.3%"
"356","DRX vs Dplus KIA","35:44","1328","Aiming","ADC","Sivir","Victory","=""5/0/8""","11.3","620","100%"
"356","DRX vs Dplus KIA","35:44","4938","Andil","SUPPORT","Neeko","Defeat","=""1/4/4""","1.0","223","83.3%"
"356","DRX vs Dplus KIA","35:44","2184","BeryL","SUPPORT","Karma","Victory","=""0/0/13""","0.9","290","100%"
"356","DRX vs Dplus KIA","35:44","5264","Kyeahoo","MID","Yone","Defeat","=""3/1/2""","10.3","401","83.3%"
"356","DRX vs Dplus KIA","35:44","3895","Lucid","JUNGLE","Skarner","Victory","=""2/2/10""","5.7","454","92.3%"
"356","DRX vs Dplus KIA","35:44","1613","Rich","TOP","Rumble","Defeat","=""1/3/2""","7.4","632","50%"
"356","DRX vs Dplus KIA","35:44","1250","ShowMaker","MID","Azir","Victory","=""5/1/6""","8.9","690","84.6%"
"356","DRX vs Dplus KIA","35:44","5392","Siwoo","TOP","Ambessa","Victory","=""1/3/6""","9.9","570","53.8%"
"356","DRX vs Dplus KIA","35:44","4753","Sponge","JUNGLE","Sejuani","Defeat","=""0/3/6""","5.2","272","100%"
"356","DRX vs Dplus KIA","35:44","799","Teddy","ADC","Corki","Defeat","=""1/2/3""","9.4","519","66.7%"
"357","DRX vs Dplus KIA","44:59","1328","Aiming","ADC","Jhin","Victory","=""4/1/14""","10.5","1462","78.3%"
"357","DRX vs Dplus KIA","44:59","4938","Andil","SUPPORT","Alistar","Defeat","=""1/9/15""","0.9","201","84.2%"
"357","DRX vs Dplus KIA","44:59","2184","BeryL","SUPPORT","Nautilus","Victory","=""0/7/9""","1.0","206","39.1%"
"357","DRX vs Dplus KIA","44:59","5264","Kyeahoo","MID","Cassiopeia","Defeat","=""5/3/8""","9.3","700","68.4%"
"357","DRX vs Dplus KIA","44:59","3895","Lucid","JUNGLE","Viego","Victory","=""10/3/6""","6.7","502","69.6%"
"357","DRX vs Dplus KIA","44:59","1613","Rich","TOP","Sion","Defeat","=""3/4/10""","7.2","897","68.4%"
"357","DRX vs Dplus KIA","44:59","1250","ShowMaker","MID","Sylas","Victory","=""6/1/12""","7.0","672","78.3%"
"357","DRX vs Dplus KIA","44:59","5392","Siwoo","TOP","Chogath","Victory","=""3/7/13""","5.8","612","69.6%"
"357","DRX vs Dplus KIA","44:59","4753","Sponge","JUNGLE","Jarvan IV","Defeat","=""4/4/15""","5.4","535","100%"
"357","DRX vs Dplus KIA","44:59","799","Teddy","ADC","Varus","Defeat","=""6/3/12""","8.2","1288","94.7%"
"358","DRX vs Dplus KIA","49:53","1328","Aiming","ADC","Ezreal","Defeat","=""2/1/3""","9.7","715","83.3%"
"358","DRX vs Dplus KIA","49:53","4938","Andil","SUPPORT","Rell","Victory","=""0/1/17""","1.0","146","89.5%"
"358","DRX vs Dplus KIA","49:53","2184","BeryL","SUPPORT","Braum","Defeat","=""0/4/5""","1.0","176","83.3%"
"358","DRX vs Dplus KIA","49:53","5264","Kyeahoo","MID","Taliyah","Victory","=""6/1/6""","8.8","705","63.2%"
"358","DRX vs Dplus KIA","49:53","3895","Lucid","JUNGLE","Xin Zhao","Defeat","=""0/8/4""","5.9","216","66.7%"
"358","DRX vs Dplus KIA","49:53","1613","Rich","TOP","Gwen","Victory","=""5/1/8""","7.7","649","68.4%"
"358","DRX vs Dplus KIA","49:53","1250","ShowMaker","MID","Twisted Fate","Defeat","=""2/1/3""","9.0","438","83.3%"
"358","DRX vs Dplus KIA","49:53","5392","Siwoo","TOP","Aurora","Defeat","=""2/5/3""","8.2","659","83.3%"
"358","DRX vs Dplus KIA","49:53","4753","Sponge","JUNGLE","Wukong","Victory","=""2/3/15""","5.8","467","89.5%"
"358","DRX vs Dplus KIA","49:53","799","Teddy","ADC","Miss Fortune","Victory","=""6/0/10""","10.0","733","84.2%"
"359","KT Rolster vs T1","26:29","650","Bdd","MID","Cassiopeia","Defeat","=""0/4/4""","8.3","431","57.1%"
"359","KT Rolster vs T1","26:29","983","Cuzz","JUNGLE","Wukong","Defeat","=""1/5/4""","5.5","395","71.4%"
"359","KT Rolster vs T1","26:29","1242","Doran","TOP","Ornn","Victory","=""1/1/14""","7.6","476","60%"
"359","KT Rolster vs T1","26:29","48","Faker","MID","Ryze","Victory","=""4/1/10""","9.1","604","56%"
"359","KT Rolster vs T1","26:29","3247","Gumayusi","ADC","Sivir","Victory","=""11/1/13""","11.0","1217","96%"
"359","KT Rolster vs T1","26:29","1258","Keria","SUPPORT","Neeko","Victory","=""2/2/16""","1.5","368","72%"
"359","KT Rolster vs T1","26:29","3741","Oner","JUNGLE","Xin Zhao","Victory","=""7/2/10""","7.2","537","68%"
"359","KT Rolster vs T1","26:29","5122","PerfecT","TOP","Rumble","Defeat","=""2/4/1""","7.9","668","42.9%"
"359","KT Rolster vs T1","26:29","4260","Peter","SUPPORT","Nautilus","Defeat","=""0/7/6""","0.9","201","85.7%"
"359","KT Rolster vs T1","26:29","2508","deokdam","ADC","Corki","Defeat","=""4/5/3""","8.3","982","100%"
"360","KT Rolster vs T1","27:36","650","Bdd","MID","Viktor","Defeat","=""3/3/3""","9.2","733","66.7%"
"360","KT Rolster vs T1","27:36","983","Cuzz","JUNGLE","Skarner","Defeat","=""1/5/6""","5.5","387","77.8%"
"360","KT Rolster vs T1","27:36","1242","Doran","TOP","Gwen","Victory","=""4/2/3""","8.6","645","35%"
"360","KT Rolster vs T1","27:36","48","Faker","MID","Galio","Victory","=""3/2/8""","7.6","524","55%"
"360","KT Rolster vs T1","27:36","3247","Gumayusi","ADC","Xayah","Victory","=""7/1/6""","10.8","841","65%"
"360","KT Rolster vs T1","27:36","1258","Keria","SUPPORT","Rakan","Victory","=""2/2/12""","1.3","180","70%"
"360","KT Rolster vs T1","27:36","3741","Oner","JUNGLE","Nocturne","Victory","=""4/2/7""","7.7","521","55%"
"360","KT Rolster vs T1","27:36","5122","PerfecT","TOP","Jax","Defeat","=""1/3/1""","8.0","383","22.2%"
"360","KT Rolster vs T1","27:36","4260","Peter","SUPPORT","Poppy","Defeat","=""1/3/6""","1.1","259","77.8%"
"360","KT Rolster vs T1","27:36","2508","deokdam","ADC","Varus","Defeat","=""3/6/4""","8.2","704","77.8%"
"361","BNK FearX vs OK BRION","30:30","3421","Clear","TOP","Renekton","Victory","=""3/2/16""","8.8","939","70.4%"
"361","BNK FearX vs OK BRION","30:30","3195","Clozer","MID","Akali","Defeat","=""3/6/6""","7.1","779","56.2%"
"361","BNK FearX vs OK BRION","30:30","2645","Croco","JUNGLE","Xin Zhao","Defeat","=""4/6/9""","6.9","600","81.2%"
"361","BNK FearX vs OK BRION","30:30","4943","Diable","ADC","Kaisa","Victory","=""10/5/11""","9.1","987","77.8%"
"361","BNK FearX vs OK BRION","30:30","3694","Hype","ADC","Corki","Defeat","=""5/7/6""","7.9","793","68.8%"
"361","BNK FearX vs OK BRION","30:30","1971","Kellin","SUPPORT","Alistar","Victory","=""0/3/21""","1.1","138","77.8%"
"361","BNK FearX vs OK BRION","30:30","2545","Morgan","TOP","Ornn","Defeat","=""2/4/8""","7.1","663","62.5%"
"361","BNK FearX vs OK BRION","30:30","4865","Pollu","SUPPORT","Poppy","Defeat","=""2/4/10""","0.9","415","75%"
"361","BNK FearX vs OK BRION","30:30","4233","Raptor","JUNGLE","Nocturne","Victory","=""9/2/11""","6.1","672","74.1%"
"361","BNK FearX vs OK BRION","30:30","3326","Vicla","MID","Orianna","Victory","=""5/4/20""","7.1","971","92.6%"
"362","BNK FearX vs OK BRION","40:39","3421","Clear","TOP","Rumble","Victory","=""0/3/15""","6.6","492","75%"
"362","BNK FearX vs OK BRION","40:39","3195","Clozer","MID","Ahri","Defeat","=""4/1/5""","9.4","606","56.2%"
"362","BNK FearX vs OK BRION","40:39","2645","Croco","JUNGLE","Vi","Defeat","=""2/4/9""","6.2","265","68.8%"
"362","BNK FearX vs OK BRION","40:39","4943","Diable","ADC","Sivir","Victory","=""5/5/14""","10.0","588","95%"
"362","BNK FearX vs OK BRION","40:39","3694","Hype","ADC","Lucian","Defeat","=""5/5/8""","9.2","680","81.2%"
"362","BNK FearX vs OK BRION","40:39","1971","Kellin","SUPPORT","Braum","Victory","=""3/4/16""","1.0","173","95%"
"362","BNK FearX vs OK BRION","40:39","2545","Morgan","TOP","Gwen","Defeat","=""5/4/5""","7.7","562","62.5%"
"362","BNK FearX vs OK BRION","40:39","4865","Pollu","SUPPORT","Rell","Defeat","=""0/6/12""","0.8","114","75%"
"362","BNK FearX vs OK BRION","40:39","4233","Raptor","JUNGLE","Wukong","Victory","=""3/3/14""","5.7","421","85%"
"362","BNK FearX vs OK BRION","40:39","3326","Vicla","MID","Azir","Victory","=""9/1/9""","8.8","828","90%"
"363","NS vs HLE","27:02","5058","Calix","MID","Ryze","Defeat","=""0/3/0""","9.1","355","0%"
"363","NS vs HLE","27:02","3411","Delight","SUPPORT","Braum","Victory","=""3/0/20""","1.0","282","82.1%"
"363","NS vs HLE","27:02","3327","GIDEON","JUNGLE","Xin Zhao","Defeat","=""1/6/1""","6.6","272","100%"
"363","NS vs HLE","27:02","738","Lehends","SUPPORT","Rell","Defeat","=""0/8/1""","1.4","128","50%"
"363","NS vs HLE","27:02","392","Peanut","JUNGLE","Wukong","Victory","=""2/1/11""","7.7","298","46.4%"
"363","NS vs HLE","27:02","2575","Trigger","ADC","Corki","Defeat","=""0/7/1""","7.4","629","50%"
"363","NS vs HLE","27:02","1228","Viper","ADC","Lucian","Victory","=""11/1/9""","9.9","1019","71.4%"
"363","NS vs HLE","27:02","2906","Zeka","MID","Orianna","Victory","=""3/0/16""","9.2","1150","67.9%"
"363","NS vs HLE","27:02","3658","Zeus","TOP","Aurora","Victory","=""9/0/10""","8.3","1122","67.9%"
"363","NS vs HLE","27:02","1229","kingen","TOP","Gwen","Defeat","=""1/4/0""","6.3","534","50%"
"364","NS vs HLE","29:35","5058","Calix","MID","Azir","Defeat","=""6/6/5""","7.4","967","78.6%"
"364","NS vs HLE","29:35","3411","Delight","SUPPORT","Bard","Victory","=""1/4/20""","1.8","212","84%"
"364","NS vs HLE","29:35","3327","GIDEON","JUNGLE","Trundle","Defeat","=""4/4/7""","5.4","464","78.6%"
"364","NS vs HLE","29:35","738","Lehends","SUPPORT","Leona","Defeat","=""0/6/10""","1.0","235","71.4%"
"364","NS vs HLE","29:35","392","Peanut","JUNGLE","Sejuani","Victory","=""4/2/16""","5.5","647","80%"
"364","NS vs HLE","29:35","2575","Trigger","ADC","Sivir","Defeat","=""3/5/4""","9.6","881","50%"
"364","NS vs HLE","29:35","1228","Viper","ADC","Kaisa","Victory","=""14/1/8""","9.7","1183","88%"
"364","NS vs HLE","29:35","2906","Zeka","MID","Yone","Victory","=""1/5/10""","7.5","802","44%"
"364","NS vs HLE","29:35","3658","Zeus","TOP","Rumble","Victory","=""5/2/14""","8.6","935","76%"
"364","NS vs HLE","29:35","1229","kingen","TOP","Sylas","Defeat","=""1/4/7""","6.3","450","57.1%"
"365","Dplus KIA vs DN Freecs","29:08","1328","Aiming","ADC","Varus","Victory","=""12/1/9""","9.9","1341","80.8%"
"365","Dplus KIA vs DN Freecs","29:08","3322","Berserker","ADC","Sivir","Defeat","=""0/4/1""","9.4","646","33.3%"
"365","Dplus KIA vs DN Freecs","29:08","2184","BeryL","SUPPORT","Karma","Victory","=""3/0/19""","0.9","443","84.6%"
"365","Dplus KIA vs DN Freecs","29:08","3974","Bulldog","MID","Azir","Defeat","=""1/6/1""","9.1","570","66.7%"
"365","Dplus KIA vs DN Freecs","29:08","3082","DuDu","TOP","Chogath","Defeat","=""0/8/0""","5.0","214","0%"
"365","Dplus KIA vs DN Freecs","29:08","1906","Life","SUPPORT","Rell","Defeat","=""0/4/1""","1.0","134","33.3%"
"365","Dplus KIA vs DN Freecs","29:08","3895","Lucid","JUNGLE","Vi","Victory","=""1/1/14""","7.7","373","57.7%"
"365","Dplus KIA vs DN Freecs","29:08","2664","Pyosik","JUNGLE","Poppy","Defeat","=""2/4/1""","5.3","308","100%"
"365","Dplus KIA vs DN Freecs","29:08","1250","ShowMaker","MID","Taliyah","Victory","=""9/0/13""","9.9","1005","84.6%"
"365","Dplus KIA vs DN Freecs","29:08","5392","Siwoo","TOP","Sion","Victory","=""1/1/8""","6.7","390","34.6%"
"366","Dplus KIA vs DN Freecs","36:41","1328","Aiming","ADC","Senna","Victory","=""4/2/9""","9.2","581","61.9%"
"366","Dplus KIA vs DN Freecs","36:41","3322","Berserker","ADC","Lucian","Defeat","=""3/5/6""","9.4","637","75%"
"366","Dplus KIA vs DN Freecs","36:41","2184","BeryL","SUPPORT","Galio","Victory","=""0/5/10""","0.9","238","47.6%"
"366","Dplus KIA vs DN Freecs","36:41","3974","Bulldog","MID","Viktor","Defeat","=""2/5/4""","8.4","831","50%"
"366","Dplus KIA vs DN Freecs","36:41","3082","DuDu","TOP","Rumble","Defeat","=""1/2/7""","8.3","625","66.7%"
"366","Dplus KIA vs DN Freecs","36:41","1906","Life","SUPPORT","Braum","Defeat","=""2/5/9""","0.6","179","91.7%"
"366","Dplus KIA vs DN Freecs","36:41","3895","Lucid","JUNGLE","Zed","Victory","=""5/3/8""","7.0","610","61.9%"
"366","Dplus KIA vs DN Freecs","36:41","2664","Pyosik","JUNGLE","Trundle","Defeat","=""4/4/5""","5.6","426","75%"
"366","Dplus KIA vs DN Freecs","36:41","1250","ShowMaker","MID","Ryze","Victory","=""6/1/6""","10.3","861","57.1%"
"366","Dplus KIA vs DN Freecs","36:41","5392","Siwoo","TOP","Aurora","Victory","=""6/1/7""","7.2","815","61.9%"
"367","GEN vs KT Rolster","34:32","650","Bdd","MID","Taliyah","Defeat","=""1/3/5""","8.0","528","60%"
"367","GEN vs KT Rolster","34:32","1909","Canyon","JUNGLE","Vi","Victory","=""2/3/11""","6.7","227","65%"
"367","GEN vs KT Rolster","34:32","1629","Chovy","MID","Ryze","Victory","=""7/1/9""","10.0","816","80%"
"367","GEN vs KT Rolster","34:32","983","Cuzz","JUNGLE","Trundle","Defeat","=""1/3/3""","5.6","206","40%"
"367","GEN vs KT Rolster","34:32","4259","Duro","SUPPORT","Bard","Victory","=""1/2/17""","0.9","302","90%"
"367","GEN vs KT Rolster","34:32","1115","Kiin","TOP","Ambessa","Victory","=""3/2/9""","8.8","472","60%"
"367","GEN vs KT Rolster","34:32","5122","PerfecT","TOP","Yorick","Defeat","=""3/4/0""","7.6","402","30%"
"367","GEN vs KT Rolster","34:32","4260","Peter","SUPPORT","Leona","Defeat","=""0/6/7""","1.0","151","70%"
"367","GEN vs KT Rolster","34:32","685","Ruler","ADC","Senna","Victory","=""7/2/13""","8.0","716","100%"
"367","GEN vs KT Rolster","34:32","2508","deokdam","ADC","Ziggs","Defeat","=""5/4/4""","7.8","780","90%"
"368","GEN vs KT Rolster","36:21","650","Bdd","MID","Annie","Defeat","=""2/3/10""","6.1","460","60%"
"368","GEN vs KT Rolster","36:21","1909","Canyon","JUNGLE","Wukong","Victory","=""1/5/11""","6.3","387","70.6%"
"368","GEN vs KT Rolster","36:21","1629","Chovy","MID","Galio","Victory","=""4/1/9""","9.2","678","76.5%"
"368","GEN vs KT Rolster","36:21","983","Cuzz","JUNGLE","Xin Zhao","Defeat","=""5/3/10""","6.5","589","75%"
"368","GEN vs KT Rolster","36:21","4259","Duro","SUPPORT","Rell","Victory","=""2/4/14""","0.7","136","94.1%"
"368","GEN vs KT Rolster","36:21","1115","Kiin","TOP","Gwen","Victory","=""3/5/11""","6.8","834","82.4%"
"368","GEN vs KT Rolster","36:21","5122","PerfecT","TOP","Aurora","Defeat","=""8/2/10""","6.8","814","90%"
"368","GEN vs KT Rolster","36:21","4260","Peter","SUPPORT","Nautilus","Defeat","=""1/5/15""","1.1","110","80%"
"368","GEN vs KT Rolster","36:21","685","Ruler","ADC","Kaisa","Victory","=""7/5/8""","9.4","590","88.2%"
"368","GEN vs KT Rolster","36:21","2508","deokdam","ADC","Sivir","Defeat","=""4/4/15""","8.7","901","95%"
"369","BNK FearX vs DRX","28:03","4938","Andil","SUPPORT","Lulu","Victory","=""0/4/16""","1.2","148","94.1%"
"369","BNK FearX vs DRX","28:03","3421","Clear","TOP","Gwen","Defeat","=""3/3/0""","8.6","605","33.3%"
"369","BNK FearX vs DRX","28:03","4943","Diable","ADC","Sivir","Defeat","=""3/2/5""","10.7","600","88.9%"
"369","BNK FearX vs DRX","28:03","1971","Kellin","SUPPORT","Leona","Defeat","=""0/4/9""","1.2","152","100%"
"369","BNK FearX vs DRX","28:03","5264","Kyeahoo","MID","Aurora","Victory","=""3/1/9""","8.4","725","70.6%"
"369","BNK FearX vs DRX","28:03","4233","Raptor","JUNGLE","Naafiri","Defeat","=""3/4/5""","5.9","359","88.9%"
"369","BNK FearX vs DRX","28:03","1613","Rich","TOP","Ambessa","Victory","=""2/1/9""","8.4","584","64.7%"
"369","BNK FearX vs DRX","28:03","4753","Sponge","JUNGLE","Jarvan IV","Victory","=""3/1/13""","6.7","453","94.1%"
"369","BNK FearX vs DRX","28:03","799","Teddy","ADC","Zeri","Victory","=""9/2/5""","10.4","748","82.4%"
"369","BNK FearX vs DRX","28:03","3326","Vicla","MID","Galio","Defeat","=""0/4/8""","7.0","511","88.9%"
"370","BNK FearX vs DRX","33:00","4938","Andil","SUPPORT","Alistar","Defeat","=""0/3/16""","0.5","222","80%"
"370","BNK FearX vs DRX","33:00","3421","Clear","TOP","Aatrox","Victory","=""5/2/6""","7.2","752","45.8%"
"370","BNK FearX vs DRX","33:00","4943","Diable","ADC","Varus","Victory","=""6/6/12""","7.2","1129","75%"
"370","BNK FearX vs DRX","33:00","1971","Kellin","SUPPORT","Rell","Victory","=""2/6/14""","0.8","247","66.7%"
"370","BNK FearX vs DRX","33:00","5264","Kyeahoo","MID","Ahri","Defeat","=""3/4/11""","8.2","615","70%"
"370","BNK FearX vs DRX","33:00","4233","Raptor","JUNGLE","Nocturne","Victory","=""3/3/12""","6.0","575","62.5%"
"370","BNK FearX vs DRX","33:00","1613","Rich","TOP","Rumble","Defeat","=""8/5/7""","6.1","1081","75%"
"370","BNK FearX vs DRX","33:00","4753","Sponge","JUNGLE","Trundle","Defeat","=""2/8/13""","6.1","625","75%"
"370","BNK FearX vs DRX","33:00","799","Teddy","ADC","Jhin","Defeat","=""7/4/7""","7.2","735","70%"
"370","BNK FearX vs DRX","33:00","3326","Vicla","MID","Orianna","Victory","=""8/3/14""","8.4","1098","91.7%"
"371","BNK FearX vs DRX","34:57","4938","Andil","SUPPORT","Nautilus","Victory","=""3/7/22""","1.1","340","89.3%"
"371","BNK FearX vs DRX","34:57","3421","Clear","TOP","KSante","Defeat","=""3/5/10""","6.2","696","61.9%"
"371","BNK FearX vs DRX","34:57","4943","Diable","ADC","Corki","Defeat","=""11/6/7""","8.4","1008","85.7%"
"371","BNK FearX vs DRX","34:57","1971","Kellin","SUPPORT","Neeko","Defeat","=""0/9/15""","1.1","342","71.4%"
"371","BNK FearX vs DRX","34:57","5264","Kyeahoo","MID","Viktor","Victory","=""7/2/15""","8.4","1081","78.6%"
"371","BNK FearX vs DRX","34:57","4233","Raptor","JUNGLE","Vi","Defeat","=""4/6/10""","5.9","344","66.7%"
"371","BNK FearX vs DRX","34:57","1613","Rich","TOP","Renekton","Victory","=""4/4/8""","7.1","501","42.9%"
"371","BNK FearX vs DRX","34:57","4753","Sponge","JUNGLE","Xin Zhao","Victory","=""4/4/18""","6.0","683","78.6%"
"371","BNK FearX vs DRX","34:57","799","Teddy","ADC","Senna","Victory","=""10/4/17""","7.1","860","96.4%"
"371","BNK FearX vs DRX","34:57","3326","Vicla","MID","Ryze","Defeat","=""3/2/11""","9.0","888","66.7%"
"372","T1 vs HLE","30:09","3411","Delight","SUPPORT","Rakan","Defeat","=""0/2/2""","1.5","105","66.7%"
"372","T1 vs HLE","30:09","1242","Doran","TOP","Gwen","Victory","=""5/0/1""","9.7","687","33.3%"
"372","T1 vs HLE","30:09","48","Faker","MID","Galio","Victory","=""5/1/7""","8.7","446","66.7%"
"372","T1 vs HLE","30:09","3247","Gumayusi","ADC","Jhin","Victory","=""4/1/7""","9.2","691","61.1%"
"372","T1 vs HLE","30:09","1258","Keria","SUPPORT","Bard","Victory","=""3/0/10""","1.1","341","72.2%"
"372","T1 vs HLE","30:09","3741","Oner","JUNGLE","Jarvan IV","Victory","=""1/1/12""","7.5","552","72.2%"
"372","T1 vs HLE","30:09","392","Peanut","JUNGLE","Wukong","Defeat","=""0/3/0""","7.1","315","0%"
"372","T1 vs HLE","30:09","1228","Viper","ADC","Lucian","Defeat","=""0/4/0""","9.4","605","0%"
"372","T1 vs HLE","30:09","2906","Zeka","MID","Orianna","Defeat","=""2/6/0""","8.4","575","66.7%"
"372","T1 vs HLE","30:09","3658","Zeus","TOP","Ambessa","Defeat","=""1/3/1""","9.2","653","66.7%"
"373","T1 vs HLE","38:46","3411","Delight","SUPPORT","Alistar","Defeat","=""0/6/15""","1.1","159","83.3%"
"373","T1 vs HLE","38:46","1242","Doran","TOP","KSante","Victory","=""3/3/8""","6.4","494","50%"
"373","T1 vs HLE","38:46","48","Faker","MID","Taliyah","Victory","=""4/3/10""","8.0","917","63.6%"
"373","T1 vs HLE","38:46","3247","Gumayusi","ADC","Sivir","Victory","=""12/3/7""","10.4","1364","86.4%"
"373","T1 vs HLE","38:46","1258","Keria","SUPPORT","Neeko","Victory","=""0/7/16""","1.1","406","72.7%"
"373","T1 vs HLE","38:46","3741","Oner","JUNGLE","Trundle","Victory","=""3/2/16""","6.6","421","86.4%"
"373","T1 vs HLE","38:46","392","Peanut","JUNGLE","Maokai","Defeat","=""1/6/12""","4.5","588","72.2%"
"373","T1 vs HLE","38:46","1228","Viper","ADC","Senna","Defeat","=""4/4/10""","8.3","1018","77.8%"
"373","T1 vs HLE","38:46","2906","Zeka","MID","Azir","Defeat","=""8/3/6""","8.4","1114","77.8%"
"373","T1 vs HLE","38:46","3658","Zeus","TOP","Aatrox","Defeat","=""5/3/6""","6.9","604","61.1%"
"374","DN Freecs vs OK BRION","33:26","3322","Berserker","ADC","Corki","Defeat","=""2/2/0""","9.5","532","40%"
"374","DN Freecs vs OK BRION","33:26","3974","Bulldog","MID","Ryze","Defeat","=""0/3/2""","9.2","631","40%"
"374","DN Freecs vs OK BRION","33:26","3195","Clozer","MID","Cassiopeia","Victory","=""3/2/11""","9.2","893","87.5%"
"374","DN Freecs vs OK BRION","33:26","2645","Croco","JUNGLE","Wukong","Victory","=""3/1/9""","7.7","431","75%"
"374","DN Freecs vs OK BRION","33:26","3082","DuDu","TOP","Rumble","Defeat","=""2/1/0""","8.1","600","40%"
"374","DN Freecs vs OK BRION","33:26","3694","Hype","ADC","Varus","Victory","=""4/1/9""","8.1","917","81.2%"
"374","DN Freecs vs OK BRION","33:26","1906","Life","SUPPORT","Rell","Defeat","=""0/7/2""","1.0","101","40%"
"374","DN Freecs vs OK BRION","33:26","2545","Morgan","TOP","Aurora","Victory","=""6/0/5""","9.5","782","68.8%"
"374","DN Freecs vs OK BRION","33:26","4865","Pollu","SUPPORT","Poppy","Victory","=""0/1/10""","1.1","170","62.5%"
"374","DN Freecs vs OK BRION","33:26","2664","Pyosik","JUNGLE","Trundle","Defeat","=""1/3/3""","6.6","272","80%"
"375","DN Freecs vs OK BRION","43:04","3322","Berserker","ADC","Senna","Defeat","=""1/6/14""","6.1","891","88.2%"
"375","DN Freecs vs OK BRION","43:04","3974","Bulldog","MID","Azir","Defeat","=""5/7/8""","8.7","1123","76.5%"
"375","DN Freecs vs OK BRION","43:04","3195","Clozer","MID","Yone","Victory","=""7/2/13""","11.4","819","71.4%"
"375","DN Freecs vs OK BRION","43:04","2645","Croco","JUNGLE","Maokai","Victory","=""3/5/16""","5.5","734","67.9%"
"375","DN Freecs vs OK BRION","43:04","3082","DuDu","TOP","Sion","Defeat","=""2/3/9""","6.7","850","64.7%"
"375","DN Freecs vs OK BRION","43:04","3694","Hype","ADC","Kaisa","Victory","=""12/3/12""","8.7","1309","85.7%"
"375","DN Freecs vs OK BRION","43:04","1906","Life","SUPPORT","Nautilus","Defeat","=""4/10/13""","0.7","258","100%"
"375","DN Freecs vs OK BRION","43:04","2545","Morgan","TOP","Chogath","Victory","=""4/2/17""","6.6","730","75%"
"375","DN Freecs vs OK BRION","43:04","4865","Pollu","SUPPORT","Neeko","Victory","=""2/5/21""","0.8","444","82.1%"
"375","DN Freecs vs OK BRION","43:04","2664","Pyosik","JUNGLE","Xin Zhao","Defeat","=""5/2/7""","6.6","654","70.6%"
"376","NS vs GEN","27:39","5058","Calix","MID","Azir","Defeat","=""0/4/1""","8.8","448","16.7%"
"376","NS vs GEN","27:39","1909","Canyon","JUNGLE","Pantheon","Victory","=""5/2/12""","7.5","653","81%"
"376","NS vs GEN","27:39","1629","Chovy","MID","Aurora","Victory","=""5/0/10""","10.2","954","71.4%"
"376","NS vs GEN","27:39","4259","Duro","SUPPORT","Rell","Victory","=""0/1/18""","1.0","121","85.7%"
"376","NS vs GEN","27:39","3327","GIDEON","JUNGLE","Skarner","Defeat","=""0/3/5""","6.2","166","83.3%"
"376","NS vs GEN","27:39","1115","Kiin","TOP","Yorick","Victory","=""3/3/3""","7.4","424","28.6%"
"376","NS vs GEN","27:39","738","Lehends","SUPPORT","Shen","Defeat","=""3/7/1""","0.8","360","66.7%"
"376","NS vs GEN","27:39","685","Ruler","ADC","Sivir","Victory","=""8/0/7""","10.3","904","71.4%"
"376","NS vs GEN","27:39","2575","Trigger","ADC","Zeri","Defeat","=""1/3/1""","9.1","319","33.3%"
"376","NS vs GEN","27:39","1229","kingen","TOP","Ambessa","Defeat","=""2/4/1""","7.8","734","50%"
"377","NS vs GEN","29:13","5058","Calix","MID","Galio","Defeat","=""3/3/4""","8.6","502","77.8%"
"377","NS vs GEN","29:13","1909","Canyon","JUNGLE","Xin Zhao","Victory","=""5/2/13""","6.8","625","78.3%"
"377","NS vs GEN","29:13","1629","Chovy","MID","Annie","Victory","=""6/2/9""","10.0","741","65.2%"
"377","NS vs GEN","29:13","4259","Duro","SUPPORT","Neeko","Victory","=""0/3/10""","0.8","310","43.5%"
"377","NS vs GEN","29:13","3327","GIDEON","JUNGLE","Wukong","Defeat","=""1/6/7""","6.5","427","88.9%"
"377","NS vs GEN","29:13","1115","Kiin","TOP","Gwen","Victory","=""4/1/8""","8.2","679","52.2%"
"377","NS vs GEN","29:13","738","Lehends","SUPPORT","Leona","Defeat","=""1/7/6""","0.9","195","77.8%"
"377","NS vs GEN","29:13","685","Ruler","ADC","Corki","Victory","=""8/1/7""","10.0","861","65.2%"
"377","NS vs GEN","29:13","2575","Trigger","ADC","Ezreal","Defeat","=""2/3/3""","8.2","681","55.6%"
"377","NS vs GEN","29:13","1229","kingen","TOP","Rumble","Defeat","=""2/4/3""","8.8","617","55.6%"
"378","HLE vs NS","29:03","5058","Calix","MID","Annie","Defeat","=""0/5/4""","8.0","454","40%"
"378","HLE vs NS","29:03","3411","Delight","SUPPORT","Rakan","Victory","=""0/0/21""","1.5","256","95.5%"
"378","HLE vs NS","29:03","3327","GIDEON","JUNGLE","Xin Zhao","Defeat","=""4/3/4""","6.2","418","80%"
"378","HLE vs NS","29:03","4755","Jiwoo","ADC","Yunara","Defeat","=""2/3/1""","9.7","593","30%"
"378","HLE vs NS","29:03","738","Lehends","SUPPORT","Lulu","Defeat","=""2/6/5""","1.1","171","70%"
"378","HLE vs NS","29:03","392","Peanut","JUNGLE","Wukong","Victory","=""8/1/7""","6.8","428","68.2%"
"378","HLE vs NS","29:03","1228","Viper","ADC","Xayah","Victory","=""4/2/8""","10.6","494","54.5%"
"378","HLE vs NS","29:03","2906","Zeka","MID","Orianna","Victory","=""7/1/14""","9.3","994","95.5%"
"378","HLE vs NS","29:03","3658","Zeus","TOP","Rumble","Victory","=""3/6/7""","7.3","628","45.5%"
"378","HLE vs NS","29:03","1229","kingen","TOP","Gwen","Defeat","=""2/5/1""","6.9","450","30%"
"379","HLE vs NS","38:13","5058","Calix","MID","Ryze","Defeat","=""4/2/6""","9.2","572","58.8%"
"379","HLE vs NS","38:13","3411","Delight","SUPPORT","Neeko","Victory","=""0/4/11""","1.4","262","61.1%"
"379","HLE vs NS","38:13","3327","GIDEON","JUNGLE","Nocturne","Defeat","=""4/5/7""","5.7","362","64.7%"
"379","HLE vs NS","38:13","4755","Jiwoo","ADC","Sivir","Defeat","=""1/2/12""","9.5","694","76.5%"
"379","HLE vs NS","38:13","738","Lehends","SUPPORT","Shen","Defeat","=""3/5/10""","1.2","274","76.5%"
"379","HLE vs NS","38:13","392","Peanut","JUNGLE","Jarvan IV","Victory","=""0/5/17""","5.8","252","94.4%"
"379","HLE vs NS","38:13","1228","Viper","ADC","Kaisa","Victory","=""11/4/4""","9.8","924","83.3%"
"379","HLE vs NS","38:13","2906","Zeka","MID","Taliyah","Victory","=""0/1/11""","9.4","495","61.1%"
"379","HLE vs NS","38:13","3658","Zeus","TOP","KSante","Victory","=""7/3/8""","7.5","530","83.3%"
"379","HLE vs NS","38:13","1229","kingen","TOP","Jayce","Defeat","=""5/4/5""","8.2","771","58.8%"
"380","OK BRION vs BNK FearX","31:57","3421","Clear","TOP","Rumble","Victory","=""1/1/10""","7.0","645","73.3%"
"380","OK BRION vs BNK FearX","31:57","3195","Clozer","MID","Azir","Defeat","=""1/4/5""","9.0","501","75%"
"380","OK BRION vs BNK FearX","31:57","2645","Croco","JUNGLE","Trundle","Defeat","=""5/1/1""","6.3","233","75%"
"380","OK BRION vs BNK FearX","31:57","4943","Diable","ADC","Yunara","Victory","=""5/1/7""","9.8","1063","80%"
"380","OK BRION vs BNK FearX","31:57","3694","Hype","ADC","Lucian","Defeat","=""2/5/3""","8.4","403","62.5%"
"380","OK BRION vs BNK FearX","31:57","1971","Kellin","SUPPORT","Rakan","Victory","=""2/1/13""","0.8","242","100%"
"380","OK BRION vs BNK FearX","31:57","2545","Morgan","TOP","Ornn","Defeat","=""0/2/6""","6.9","445","75%"
"380","OK BRION vs BNK FearX","31:57","4865","Pollu","SUPPORT","Braum","Defeat","=""0/3/7""","0.5","235","87.5%"
"380","OK BRION vs BNK FearX","31:57","4233","Raptor","JUNGLE","Wukong","Victory","=""3/2/10""","6.1","314","86.7%"
"380","OK BRION vs BNK FearX","31:57","3326","Vicla","MID","Taliyah","Victory","=""4/3/9""","9.3","622","86.7%"
"381","OK BRION vs BNK FearX","40:33","3421","Clear","TOP","Ambessa","Victory","=""2/4/5""","7.7","799","33.3%"
"381","OK BRION vs BNK FearX","40:33","3195","Clozer","MID","Yone","Defeat","=""0/4/10""","8.6","671","66.7%"
"381","OK BRION vs BNK FearX","40:33","2645","Croco","JUNGLE","Maokai","Defeat","=""4/4/9""","6.0","800","86.7%"
"381","OK BRION vs BNK FearX","40:33","4943","Diable","ADC","Jhin","Victory","=""8/1/7""","9.9","642","71.4%"
"381","OK BRION vs BNK FearX","40:33","3694","Hype","ADC","Varus","Defeat","=""3/3/7""","8.8","833","66.7%"
"381","OK BRION vs BNK FearX","40:33","1971","Kellin","SUPPORT","Bard","Victory","=""5/4/14""","0.7","255","90.5%"
"381","OK BRION vs BNK FearX","40:33","2545","Morgan","TOP","Jax","Defeat","=""7/4/3""","7.3","708","66.7%"
"381","OK BRION vs BNK FearX","40:33","4865","Pollu","SUPPORT","Neeko","Defeat","=""1/6/10""","1.1","417","73.3%"
"381","OK BRION vs BNK FearX","40:33","4233","Raptor","JUNGLE","Xin Zhao","Victory","=""4/3/15""","6.1","637","90.5%"
"381","OK BRION vs BNK FearX","40:33","3326","Vicla","MID","Orianna","Victory","=""2/3/13""","7.2","707","71.4%"
"382","DRX vs DN Freecs","29:44","4938","Andil","SUPPORT","Lulu","Defeat","=""0/2/3""","1.0","154","100%"
"382","DRX vs DN Freecs","29:44","3322","Berserker","ADC","Kaisa","Victory","=""4/1/7""","9.8","599","57.9%"
"382","DRX vs DN Freecs","29:44","3974","Bulldog","MID","Galio","Victory","=""3/1/10""","9.3","900","68.4%"
"382","DRX vs DN Freecs","29:44","3082","DuDu","TOP","Gragas","Victory","=""2/0/12""","8.9","1060","73.7%"
"382","DRX vs DN Freecs","29:44","5264","Kyeahoo","MID","Sylas","Defeat","=""0/5/2""","8.5","385","66.7%"
"382","DRX vs DN Freecs","29:44","2664","Pyosik","JUNGLE","Jarvan IV","Victory","=""9/0/9""","6.7","433","94.7%"
"382","DRX vs DN Freecs","29:44","5394","Quantum","SUPPORT","Neeko","Victory","=""1/1/15""","1.2","439","84.2%"
"382","DRX vs DN Freecs","29:44","1613","Rich","TOP","Renekton","Defeat","=""1/3/2""","7.4","586","100%"
"382","DRX vs DN Freecs","29:44","4753","Sponge","JUNGLE","Nocturne","Defeat","=""0/3/3""","6.5","340","100%"
"382","DRX vs DN Freecs","29:44","799","Teddy","ADC","Sivir","Defeat","=""2/6/1""","9.3","742","100%"
"383","DRX vs DN Freecs","34:29","4938","Andil","SUPPORT","Alistar","Victory","=""2/2/18""","0.6","176","95.2%"
"383","DRX vs DN Freecs","34:29","3322","Berserker","ADC","Senna","Defeat","=""0/3/4""","8.1","1176","80%"
"383","DRX vs DN Freecs","34:29","3974","Bulldog","MID","Azir","Defeat","=""1/3/1""","9.5","852","40%"
"383","DRX vs DN Freecs","34:29","3082","DuDu","TOP","Sion","Defeat","=""2/3/2""","8.1","681","80%"
"383","DRX vs DN Freecs","34:29","5264","Kyeahoo","MID","Taliyah","Victory","=""3/0/13""","8.7","1024","76.2%"
"383","DRX vs DN Freecs","34:29","2664","Pyosik","JUNGLE","Skarner","Defeat","=""1/7/3""","5.5","354","80%"
"383","DRX vs DN Freecs","34:29","5394","Quantum","SUPPORT","Bard","Defeat","=""1/5/3""","0.8","195","80%"
"383","DRX vs DN Freecs","34:29","1613","Rich","TOP","Aatrox","Victory","=""4/1/6""","7.3","678","47.6%"
"383","DRX vs DN Freecs","34:29","4753","Sponge","JUNGLE","Xin Zhao","Victory","=""3/2/14""","6.1","570","81%"
"383","DRX vs DN Freecs","34:29","799","Teddy","ADC","Jhin","Victory","=""9/0/9""","9.1","1109","85.7%"
"384","DRX vs DN Freecs","36:07","4938","Andil","SUPPORT","Nautilus","Defeat","=""0/4/7""","0.9","137","58.3%"
"384","DRX vs DN Freecs","36:07","3322","Berserker","ADC","Yunara","Victory","=""9/0/9""","10.9","952","94.7%"
"384","DRX vs DN Freecs","36:07","3974","Bulldog","MID","Annie","Victory","=""2/3/13""","7.8","631","78.9%"
"384","DRX vs DN Freecs","36:07","3082","DuDu","TOP","Rumble","Victory","=""4/2/7""","7.7","634","57.9%"
"384","DRX vs DN Freecs","36:07","5264","Kyeahoo","MID","Aurora","Defeat","=""4/3/5""","8.3","590","75%"
"384","DRX vs DN Freecs","36:07","2664","Pyosik","JUNGLE","Vi","Victory","=""4/3/12""","6.5","391","84.2%"
"384","DRX vs DN Freecs","36:07","5394","Quantum","SUPPORT","Rell","Victory","=""0/4/17""","1.0","148","89.5%"
"384","DRX vs DN Freecs","36:07","1613","Rich","TOP","Gwen","Defeat","=""3/5/4""","7.5","684","58.3%"
"384","DRX vs DN Freecs","36:07","4753","Sponge","JUNGLE","Wukong","Defeat","=""2/4/6""","6.3","184","66.7%"
"384","DRX vs DN Freecs","36:07","799","Teddy","ADC","Xayah","Defeat","=""3/3/4""","9.4","559","58.3%"
"385","GEN vs T1","26:54","1909","Canyon","JUNGLE","Vi","Victory","=""3/0/11""","6.8","404","63.6%"
"385","GEN vs T1","26:54","1629","Chovy","MID","Corki","Victory","=""9/0/6""","9.1","994","68.2%"
"385","GEN vs T1","26:54","1242","Doran","TOP","Jax","Defeat","=""1/6/2""","5.8","364","50%"
"385","GEN vs T1","26:54","4259","Duro","SUPPORT","Nautilus","Victory","=""2/2/11""","0.8","269","59.1%"
"385","GEN vs T1","26:54","48","Faker","MID","Sylas","Defeat","=""1/4/2""","7.4","428","50%"
"385","GEN vs T1","26:54","3247","Gumayusi","ADC","Xayah","Defeat","=""1/3/2""","10.1","465","50%"
"385","GEN vs T1","26:54","1258","Keria","SUPPORT","Neeko","Defeat","=""2/4/3""","0.9","310","83.3%"
"385","GEN vs T1","26:54","1115","Kiin","TOP","Yorick","Victory","=""3/1/4""","7.3","772","31.8%"
"385","GEN vs T1","26:54","3741","Oner","JUNGLE","Nocturne","Defeat","=""1/5/2""","6.2","506","50%"
"385","GEN vs T1","26:54","685","Ruler","ADC","Ziggs","Victory","=""5/3/12""","9.0","825","77.3%"
"386","GEN vs T1","30:09","1909","Canyon","JUNGLE","Xin Zhao","Victory","=""8/2/8""","7.8","707","69.6%"
"386","GEN vs T1","30:09","1629","Chovy","MID","Galio","Victory","=""1/0/8""","9.5","347","39.1%"
"386","GEN vs T1","30:09","1242","Doran","TOP","Rumble","Defeat","=""4/5/4""","7.3","660","88.9%"
"386","GEN vs T1","30:09","4259","Duro","SUPPORT","Rakan","Victory","=""0/3/15""","0.9","163","65.2%"
"386","GEN vs T1","30:09","48","Faker","MID","Orianna","Defeat","=""0/4/2""","7.5","365","22.2%"
"386","GEN vs T1","30:09","3247","Gumayusi","ADC","Lucian","Defeat","=""4/5/0""","9.9","815","44.4%"
"386","GEN vs T1","30:09","1258","Keria","SUPPORT","Nami","Defeat","=""0/4/8""","0.7","320","88.9%"
"386","GEN vs T1","30:09","1115","Kiin","TOP","Ambessa","Victory","=""3/4/4""","7.3","654","30.4%"
"386","GEN vs T1","30:09","3741","Oner","JUNGLE","Jarvan IV","Defeat","=""1/5/7""","5.9","441","88.9%"
"386","GEN vs T1","30:09","685","Ruler","ADC","Yunara","Victory","=""11/0/5""","10.2","763","69.6%"
"387","GEN vs T1","31:47","1909","Canyon","JUNGLE","Wukong","Defeat","=""1/3/1""","6.7","176","100%"
"387","GEN vs T1","31:47","1629","Chovy","MID","Annie","Defeat","=""0/4/1""","8.6","654","50%"
"387","GEN vs T1","31:47","1242","Doran","TOP","Aurora","Victory","=""5/0/10""","8.0","796","78.9%"
"387","GEN vs T1","31:47","4259","Duro","SUPPORT","Rell","Defeat","=""0/5/1""","0.8","95","50%"
"387","GEN vs T1","31:47","48","Faker","MID","Ryze","Victory","=""3/1/10""","9.3","422","68.4%"
"387","GEN vs T1","31:47","3247","Gumayusi","ADC","Jhin","Victory","=""7/0/8""","11.0","702","78.9%"
"387","GEN vs T1","31:47","1258","Keria","SUPPORT","Bard","Victory","=""2/1/13""","1.3","382","78.9%"
"387","GEN vs T1","31:47","1115","Kiin","TOP","Gwen","Defeat","=""1/4/1""","8.6","404","100%"
"387","GEN vs T1","31:47","3741","Oner","JUNGLE","Trundle","Victory","=""2/0/15""","6.9","284","89.5%"
"387","GEN vs T1","31:47","685","Ruler","ADC","Sivir","Defeat","=""0/3/2""","10.0","743","100%"
"388","BNK FearX vs Dplus KIA","32:30","1328","Aiming","ADC","Yunara","Defeat","=""3/3/3""","11.5","665","75%"
"388","BNK FearX vs Dplus KIA","32:30","2184","BeryL","SUPPORT","Neeko","Defeat","=""0/4/5""","0.9","346","62.5%"
"388","BNK FearX vs Dplus KIA","32:30","3421","Clear","TOP","Renekton","Victory","=""2/1/8""","8.1","515","62.5%"
"388","BNK FearX vs Dplus KIA","32:30","4943","Diable","ADC","Kaisa","Victory","=""7/1/8""","10.1","533","93.8%"
"388","BNK FearX vs Dplus KIA","32:30","1971","Kellin","SUPPORT","Rell","Victory","=""0/2/11""","0.9","142","68.8%"
"388","BNK FearX vs Dplus KIA","32:30","3895","Lucid","JUNGLE","Lee Sin","Defeat","=""2/3/4""","6.3","326","75%"
"388","BNK FearX vs Dplus KIA","32:30","4233","Raptor","JUNGLE","Trundle","Victory","=""1/1/13""","5.2","425","87.5%"
"388","BNK FearX vs Dplus KIA","32:30","1250","ShowMaker","MID","Ryze","Defeat","=""2/3/6""","8.5","791","100%"
"388","BNK FearX vs Dplus KIA","32:30","5392","Siwoo","TOP","Ambessa","Defeat","=""1/3/0""","7.7","334","12.5%"
"388","BNK FearX vs Dplus KIA","32:30","3326","Vicla","MID","Ahri","Victory","=""6/3/6""","8.5","507","75%"
"389","BNK FearX vs Dplus KIA","35:19","1328","Aiming","ADC","Varus","Defeat","=""2/3/4""","8.5","858","50%"
"389","BNK FearX vs Dplus KIA","35:19","2184","BeryL","SUPPORT","Alistar","Defeat","=""1/4/7""","1.5","177","66.7%"
"389","BNK FearX vs Dplus KIA","35:19","3421","Clear","TOP","Gwen","Victory","=""7/5/6""","7.1","786","61.9%"
"389","BNK FearX vs Dplus KIA","35:19","4943","Diable","ADC","Lucian","Victory","=""5/1/7""","10.0","746","57.1%"
"389","BNK FearX vs Dplus KIA","35:19","1971","Kellin","SUPPORT","Braum","Victory","=""0/2/14""","0.5","239","66.7%"
"389","BNK FearX vs Dplus KIA","35:19","3895","Lucid","JUNGLE","Sejuani","Defeat","=""3/5/7""","5.5","456","83.3%"
"389","BNK FearX vs Dplus KIA","35:19","4233","Raptor","JUNGLE","Xin Zhao","Victory","=""7/2/10""","5.3","586","81%"
"389","BNK FearX vs Dplus KIA","35:19","1250","ShowMaker","MID","Yone","Defeat","=""3/3/5""","9.3","497","66.7%"
"389","BNK FearX vs Dplus KIA","35:19","5392","Siwoo","TOP","Rumble","Defeat","=""3/6/6""","7.3","691","75%"
"389","BNK FearX vs Dplus KIA","35:19","3326","Vicla","MID","Azir","Victory","=""2/2/9""","8.4","997","52.4%"
"390","KT Rolster vs HLE","28:35","650","Bdd","MID","Viktor","Defeat","=""5/3/4""","8.9","831","81.8%"
"390","KT Rolster vs HLE","28:35","983","Cuzz","JUNGLE","Trundle","Defeat","=""1/5/5""","6.4","274","54.5%"
"390","KT Rolster vs HLE","28:35","3411","Delight","SUPPORT","Neeko","Victory","=""2/3/16""","1.6","420","81.8%"
"390","KT Rolster vs HLE","28:35","392","Peanut","JUNGLE","Jarvan IV","Victory","=""3/2/18""","6.1","311","95.5%"
"390","KT Rolster vs HLE","28:35","5122","PerfecT","TOP","Sion","Defeat","=""1/5/5""","7.3","417","54.5%"
"390","KT Rolster vs HLE","28:35","1228","Viper","ADC","Kaisa","Victory","=""12/2/8""","9.8","1125","90.9%"
"390","KT Rolster vs HLE","28:35","4572","Way","SUPPORT","Karma","Defeat","=""0/3/10""","1.1","272","90.9%"
"390","KT Rolster vs HLE","28:35","2906","Zeka","MID","Orianna","Victory","=""3/1/11""","9.1","819","63.6%"
"390","KT Rolster vs HLE","28:35","3658","Zeus","TOP","Aatrox","Victory","=""2/3/9""","7.8","674","50%"
"390","KT Rolster vs HLE","28:35","2508","deokdam","ADC","Jhin","Defeat","=""4/6/3""","8.5","512","63.6%"
"391","KT Rolster vs HLE","38:02","650","Bdd","MID","Taliyah","Defeat","=""4/2/8""","9.4","854","85.7%"
"391","KT Rolster vs HLE","38:02","983","Cuzz","JUNGLE","Xin Zhao","Defeat","=""1/5/9""","5.8","439","71.4%"
"391","KT Rolster vs HLE","38:02","3411","Delight","SUPPORT","Alistar","Victory","=""1/5/20""","0.9","148","95.5%"
"391","KT Rolster vs HLE","38:02","392","Peanut","JUNGLE","Wukong","Victory","=""3/4/10""","6.5","296","59.1%"
"391","KT Rolster vs HLE","38:02","5122","PerfecT","TOP","Rumble","Defeat","=""3/4/6""","4.4","693","64.3%"
"391","KT Rolster vs HLE","38:02","1228","Viper","ADC","Yunara","Victory","=""8/0/12""","10.3","905","90.9%"
"391","KT Rolster vs HLE","38:02","4572","Way","SUPPORT","Nautilus","Defeat","=""0/8/13""","1.1","177","92.9%"
"391","KT Rolster vs HLE","38:02","2906","Zeka","MID","Ryze","Victory","=""6/3/10""","9.1","567","72.7%"
"391","KT Rolster vs HLE","38:02","3658","Zeus","TOP","Ornn","Victory","=""4/2/14""","5.3","460","81.8%"
"391","KT Rolster vs HLE","38:02","2508","deokdam","ADC","Aphelios","Defeat","=""6/3/6""","8.7","789","85.7%"
"392","DRX vs OK BRION","28:34","4938","Andil","SUPPORT","Alistar","Defeat","=""0/6/0""","0.8","79","0%"
"392","DRX vs OK BRION","28:34","3195","Clozer","MID","Annie","Victory","=""3/1/12""","8.2","562","75%"
"392","DRX vs OK BRION","28:34","2645","Croco","JUNGLE","Wukong","Victory","=""4/0/6""","8.0","461","50%"
"392","DRX vs OK BRION","28:34","3694","Hype","ADC","Corki","Victory","=""6/0/6""","9.8","667","60%"
"392","DRX vs OK BRION","28:34","5264","Kyeahoo","MID","Orianna","Defeat","=""0/3/0""","8.5","548","0%"
"392","DRX vs OK BRION","28:34","2545","Morgan","TOP","Rumble","Victory","=""5/0/9""","8.6","943","70%"
"392","DRX vs OK BRION","28:34","4865","Pollu","SUPPORT","Nautilus","Victory","=""2/0/13""","1.1","172","75%"
"392","DRX vs OK BRION","28:34","1613","Rich","TOP","Ambessa","Defeat","=""0/4/1""","8.1","442","100%"
"392","DRX vs OK BRION","28:34","4753","Sponge","JUNGLE","Jarvan IV","Defeat","=""0/4/1""","6.1","202","100%"
"392","DRX vs OK BRION","28:34","799","Teddy","ADC","Jhin","Defeat","=""1/3/0""","9.0","282","100%"
"393","DRX vs OK BRION","29:02","4938","Andil","SUPPORT","Thresh","Defeat","=""0/6/9""","1.2","103","75%"
"393","DRX vs OK BRION","29:02","3195","Clozer","MID","Viktor","Victory","=""1/1/13""","7.5","709","70%"
"393","DRX vs OK BRION","29:02","2645","Croco","JUNGLE","Zed","Victory","=""6/3/9""","7.3","591","75%"
"393","DRX vs OK BRION","29:02","3694","Hype","ADC","Sivir","Victory","=""11/0/8""","10.1","1088","95%"
"393","DRX vs OK BRION","29:02","5264","Kyeahoo","MID","Ryze","Defeat","=""5/4/2""","8.3","735","58.3%"
"393","DRX vs OK BRION","29:02","2545","Morgan","TOP","Sion","Victory","=""2/3/5""","7.6","894","35%"
"393","DRX vs OK BRION","29:02","4865","Pollu","SUPPORT","Blitzcrank","Victory","=""0/5/14""","0.8","136","70%"
"393","DRX vs OK BRION","29:02","1613","Rich","TOP","Chogath","Defeat","=""2/3/5""","6.8","651","58.3%"
"393","DRX vs OK BRION","29:02","4753","Sponge","JUNGLE","Viego","Defeat","=""3/3/5""","5.9","330","66.7%"
"393","DRX vs OK BRION","29:02","799","Teddy","ADC","Aphelios","Defeat","=""2/4/9""","8.9","533","91.7%"
"394","DRX vs OK BRION","30:41","4938","Andil","SUPPORT","Rakan","Victory","=""0/0/12""","1.2","92","92.3%"
"394","DRX vs OK BRION","30:41","3195","Clozer","MID","Cassiopeia","Defeat","=""0/2/0""","9.7","443","0%"
"394","DRX vs OK BRION","30:41","2645","Croco","JUNGLE","Vi","Defeat","=""1/4/2""","7.0","159","100%"
"394","DRX vs OK BRION","30:41","3694","Hype","ADC","Kaisa","Defeat","=""2/1/0""","9.0","304","66.7%"
"394","DRX vs OK BRION","30:41","5264","Kyeahoo","MID","Galio","Victory","=""1/0/8""","9.1","405","69.2%"
"394","DRX vs OK BRION","30:41","2545","Morgan","TOP","Aurora","Defeat","=""0/3/1""","8.7","578","33.3%"
"394","DRX vs OK BRION","30:41","4865","Pollu","SUPPORT","Rell","Defeat","=""0/3/2""","1.3","75","66.7%"
"394","DRX vs OK BRION","30:41","1613","Rich","TOP","Gwen","Victory","=""2/2/8""","7.8","469","76.9%"
"394","DRX vs OK BRION","30:41","4753","Sponge","JUNGLE","Xin Zhao","Victory","=""1/0/11""","7.3","412","92.3%"
"394","DRX vs OK BRION","30:41","799","Teddy","ADC","Yunara","Victory","=""9/1/2""","11.0","496","84.6%"
"395","NS vs T1","27:00","5058","Calix","MID","Corki","Defeat","=""2/3/4""","9.7","685","85.7%"
"395","NS vs T1","27:00","1242","Doran","TOP","Ambessa","Victory","=""9/1/8""","8.4","945","81%"
"395","NS vs T1","27:00","48","Faker","MID","Galio","Victory","=""2/3/11""","8.3","544","61.9%"
"395","NS vs T1","27:00","3327","GIDEON","JUNGLE","Wukong","Defeat","=""3/4/2""","6.4","381","71.4%"
"395","NS vs T1","27:00","3247","Gumayusi","ADC","Sivir","Victory","=""3/1/11""","10.0","802","66.7%"
"395","NS vs T1","27:00","4755","Jiwoo","ADC","Kalista","Defeat","=""2/4/0""","8.4","729","28.6%"
"395","NS vs T1","27:00","1258","Keria","SUPPORT","Poppy","Victory","=""2/0/15""","1.4","333","81%"
"395","NS vs T1","27:00","738","Lehends","SUPPORT","Renata Glasc","Defeat","=""0/5/3""","1.1","290","42.9%"
"395","NS vs T1","27:00","3741","Oner","JUNGLE","Xin Zhao","Victory","=""5/2/8""","6.9","540","61.9%"
"395","NS vs T1","27:00","1229","kingen","TOP","Gwen","Defeat","=""0/5/1""","7.6","711","14.3%"
"396","NS vs T1","28:01","5058","Calix","MID","Ryze","Defeat","=""0/4/3""","9.0","369","60%"
"396","NS vs T1","28:01","1242","Doran","TOP","Aurora","Victory","=""4/1/8""","9.4","981","50%"
"396","NS vs T1","28:01","48","Faker","MID","Orianna","Victory","=""6/1/12""","8.8","1196","75%"
"396","NS vs T1","28:01","3327","GIDEON","JUNGLE","Trundle","Defeat","=""1/6/1""","5.9","322","40%"
"396","NS vs T1","28:01","3247","Gumayusi","ADC","Jhin","Victory","=""9/0/9""","9.5","635","75%"
"396","NS vs T1","28:01","4755","Jiwoo","ADC","Xayah","Defeat","=""2/4/0""","9.3","500","40%"
"396","NS vs T1","28:01","1258","Keria","SUPPORT","Alistar","Victory","=""1/0/20""","0.9","289","87.5%"
"396","NS vs T1","28:01","738","Lehends","SUPPORT","Lulu","Defeat","=""0/5/4""","1.0","267","80%"
"396","NS vs T1","28:01","3741","Oner","JUNGLE","Nocturne","Victory","=""4/3/10""","7.1","643","58.3%"
"396","NS vs T1","28:01","1229","kingen","TOP","Rumble","Defeat","=""2/5/0""","6.9","654","40%"
"397","DN Freecs vs Dplus KIA","31:47","1328","Aiming","ADC","Corki","Victory","=""10/1/5""","10.1","1109","83.3%"
"397","DN Freecs vs Dplus KIA","31:47","3322","Berserker","ADC","Xayah","Defeat","=""2/4/4""","9.0","470","54.5%"
"397","DN Freecs vs Dplus KIA","31:47","2184","BeryL","SUPPORT","Janna","Victory","=""0/1/14""","1.1","190","77.8%"
"397","DN Freecs vs Dplus KIA","31:47","3974","Bulldog","MID","Galio","Defeat","=""2/5/5""","7.2","676","63.6%"
"397","DN Freecs vs Dplus KIA","31:47","3082","DuDu","TOP","Ambessa","Defeat","=""3/3/1""","7.3","524","36.4%"
"397","DN Freecs vs Dplus KIA","31:47","3895","Lucid","JUNGLE","Trundle","Victory","=""5/2/8""","6.8","556","72.2%"
"397","DN Freecs vs Dplus KIA","31:47","2664","Pyosik","JUNGLE","Jarvan IV","Defeat","=""3/3/5""","5.7","373","72.7%"
"397","DN Freecs vs Dplus KIA","31:47","5394","Quantum","SUPPORT","Rakan","Defeat","=""1/3/5""","1.1","154","54.5%"
"397","DN Freecs vs Dplus KIA","31:47","1250","ShowMaker","MID","Jayce","Victory","=""1/4/11""","8.1","799","66.7%"
"397","DN Freecs vs Dplus KIA","31:47","5392","Siwoo","TOP","Aurora","Victory","=""2/3/11""","7.2","707","72.2%"
"398","DN Freecs vs Dplus KIA","41:12","1328","Aiming","ADC","Sivir","Victory","=""11/0/11""","10.7","1069","88%"
"398","DN Freecs vs Dplus KIA","41:12","3322","Berserker","ADC","Lucian","Defeat","=""5/5/5""","10.1","683","62.5%"
"398","DN Freecs vs Dplus KIA","41:12","2184","BeryL","SUPPORT","Neeko","Victory","=""2/3/14""","1.1","326","64%"
"398","DN Freecs vs Dplus KIA","41:12","3974","Bulldog","MID","Ahri","Defeat","=""3/3/5""","8.3","467","50%"
"398","DN Freecs vs Dplus KIA","41:12","3082","DuDu","TOP","Rumble","Defeat","=""4/7/8""","7.2","754","75%"
"398","DN Freecs vs Dplus KIA","41:12","3895","Lucid","JUNGLE","Wukong","Victory","=""4/6/13""","6.4","442","68%"
"398","DN Freecs vs Dplus KIA","41:12","2664","Pyosik","JUNGLE","Vi","Defeat","=""4/5/8""","6.5","244","75%"
"398","DN Freecs vs Dplus KIA","41:12","5394","Quantum","SUPPORT","Braum","Defeat","=""0/6/10""","1.0","165","62.5%"
"398","DN Freecs vs Dplus KIA","41:12","1250","ShowMaker","MID","Taliyah","Victory","=""6/0/11""","8.8","583","68%"
"398","DN Freecs vs Dplus KIA","41:12","5392","Siwoo","TOP","Gwen","Victory","=""2/7/7""","6.7","503","36%"
"399","KT Rolster vs GEN","27:57","650","Bdd","MID","Annie","Defeat","=""2/1/2""","7.9","685","80%"
"399","KT Rolster vs GEN","27:57","1909","Canyon","JUNGLE","Skarner","Victory","=""1/2/8""","7.1","429","69.2%"
"399","KT Rolster vs GEN","27:57","1629","Chovy","MID","Galio","Victory","=""0/2/10""","9.6","485","76.9%"
"399","KT Rolster vs GEN","27:57","983","Cuzz","JUNGLE","Xin Zhao","Defeat","=""1/3/3""","5.8","413","80%"
"399","KT Rolster vs GEN","27:57","4259","Duro","SUPPORT","Poppy","Victory","=""0/1/8""","0.8","184","61.5%"
"399","KT Rolster vs GEN","27:57","1115","Kiin","TOP","Rumble","Victory","=""1/0/8""","8.4","597","69.2%"
"399","KT Rolster vs GEN","27:57","5122","PerfecT","TOP","Ornn","Defeat","=""0/3/1""","7.3","241","20%"
"399","KT Rolster vs GEN","27:57","685","Ruler","ADC","Ezreal","Victory","=""11/0/1""","9.9","1373","92.3%"
"399","KT Rolster vs GEN","27:57","4572","Way","SUPPORT","Rakan","Defeat","=""1/3/4""","0.9","132","100%"
"399","KT Rolster vs GEN","27:57","2508","deokdam","ADC","Xayah","Defeat","=""1/3/3""","7.4","810","80%"
"400","KT Rolster vs GEN","33:52","650","Bdd","MID","Ryze","Defeat","=""4/2/3""","10.5","377","87.5%"
"400","KT Rolster vs GEN","33:52","1909","Canyon","JUNGLE","Vi","Victory","=""2/2/10""","7.0","227","70.6%"
"400","KT Rolster vs GEN","33:52","1629","Chovy","MID","Taliyah","Victory","=""2/1/13""","10.9","701","88.2%"
"400","KT Rolster vs GEN","33:52","983","Cuzz","JUNGLE","Trundle","Defeat","=""0/3/5""","5.5","204","62.5%"
"400","KT Rolster vs GEN","33:52","4259","Duro","SUPPORT","Neeko","Victory","=""1/3/10""","0.7","326","64.7%"
"400","KT Rolster vs GEN","33:52","1115","Kiin","TOP","Gwen","Victory","=""7/2/3""","9.1","601","58.8%"
"400","KT Rolster vs GEN","33:52","5122","PerfecT","TOP","Ambessa","Defeat","=""1/5/5""","6.7","374","75%"
"400","KT Rolster vs GEN","33:52","685","Ruler","ADC","Corki","Victory","=""5/0/7""","10.2","668","70.6%"
"400","KT Rolster vs GEN","33:52","4572","Way","SUPPORT","Rell","Defeat","=""1/5/6""","0.9","137","87.5%"
"400","KT Rolster vs GEN","33:52","2508","deokdam","ADC","Jhin","Defeat","=""2/2/5""","8.4","422","87.5%"
"401","BNK FearX vs DN Freecs","26:40","3322","Berserker","ADC","Aphelios","Defeat","=""2/4/1""","9.1","555","42.9%"
"401","BNK FearX vs DN Freecs","26:40","3974","Bulldog","MID","Taliyah","Defeat","=""1/5/3""","8.1","563","57.1%"
"401","BNK FearX vs DN Freecs","26:40","3421","Clear","TOP","Sion","Victory","=""2/2/5""","7.6","468","28%"
"401","BNK FearX vs DN Freecs","26:40","4943","Diable","ADC","Jhin","Victory","=""10/0/11""","9.3","1202","84%"
"401","BNK FearX vs DN Freecs","26:40","3082","DuDu","TOP","KSante","Defeat","=""2/5/1""","8.3","439","42.9%"
"401","BNK FearX vs DN Freecs","26:40","1971","Kellin","SUPPORT","Alistar","Victory","=""0/1/21""","1.2","214","84%"
"401","BNK FearX vs DN Freecs","26:40","1906","Life","SUPPORT","Nautilus","Defeat","=""1/7/4""","1.0","244","71.4%"
"401","BNK FearX vs DN Freecs","26:40","2664","Pyosik","JUNGLE","Trundle","Defeat","=""1/4/4""","4.8","355","71.4%"
"401","BNK FearX vs DN Freecs","26:40","4233","Raptor","JUNGLE","Lee Sin","Victory","=""6/1/14""","7.0","701","80%"
"401","BNK FearX vs DN Freecs","26:40","3326","Vicla","MID","Azir","Victory","=""7/3/6""","8.9","761","52%"
"402","BNK FearX vs DN Freecs","28:22","3322","Berserker","ADC","Sivir","Victory","=""8/2/11""","8.8","858","79.2%"
"402","BNK FearX vs DN Freecs","28:22","3974","Bulldog","MID","Aurora","Victory","=""5/1/14""","7.5","1041","79.2%"
"402","BNK FearX vs DN Freecs","28:22","3421","Clear","TOP","Aatrox","Defeat","=""1/4/1""","7.1","337","25%"
"402","BNK FearX vs DN Freecs","28:22","4943","Diable","ADC","Kaisa","Defeat","=""2/3/5""","10.2","500","87.5%"
"402","BNK FearX vs DN Freecs","28:22","3082","DuDu","TOP","Rumble","Victory","=""2/3/11""","8.0","656","54.2%"
"402","BNK FearX vs DN Freecs","28:22","1971","Kellin","SUPPORT","Rakan","Defeat","=""1/7/6""","0.8","126","87.5%"
"402","BNK FearX vs DN Freecs","28:22","1906","Life","SUPPORT","Rell","Victory","=""3/2/19""","1.1","227","91.7%"
"402","BNK FearX vs DN Freecs","28:22","2664","Pyosik","JUNGLE","Pantheon","Victory","=""6/0/12""","6.9","523","75%"
"402","BNK FearX vs DN Freecs","28:22","4233","Raptor","JUNGLE","Nocturne","Defeat","=""3/6/3""","5.4","357","75%"
"402","BNK FearX vs DN Freecs","28:22","3326","Vicla","MID","Ryze","Defeat","=""1/4/4""","8.3","580","62.5%"
"403","BNK FearX vs DN Freecs","35:51","3322","Berserker","ADC","Lucian","Defeat","=""4/3/5""","10.2","773","81.8%"
"403","BNK FearX vs DN Freecs","35:51","3974","Bulldog","MID","Galio","Defeat","=""2/5/8""","7.8","524","90.9%"
"403","BNK FearX vs DN Freecs","35:51","3421","Clear","TOP","Gwen","Victory","=""3/2/7""","7.4","631","58.8%"
"403","BNK FearX vs DN Freecs","35:51","4943","Diable","ADC","Zeri","Victory","=""9/2/5""","12.1","1274","82.4%"
"403","BNK FearX vs DN Freecs","35:51","3082","DuDu","TOP","Ambessa","Defeat","=""2/3/7""","7.9","593","81.8%"
"403","BNK FearX vs DN Freecs","35:51","1971","Kellin","SUPPORT","Lulu","Victory","=""0/2/17""","0.6","217","100%"
"403","BNK FearX vs DN Freecs","35:51","2664","Pyosik","JUNGLE","Xin Zhao","Defeat","=""2/3/6""","6.7","370","72.7%"
"403","BNK FearX vs DN Freecs","35:51","5394","Quantum","SUPPORT","Nami","Defeat","=""1/3/9""","0.9","291","90.9%"
"403","BNK FearX vs DN Freecs","35:51","4233","Raptor","JUNGLE","Wukong","Victory","=""1/4/11""","5.9","354","70.6%"
"403","BNK FearX vs DN Freecs","35:51","3326","Vicla","MID","Annie","Victory","=""4/1/9""","7.6","670","76.5%"
"404","T1 vs KT Rolster","23:31","650","Bdd","MID","Ryze","Defeat","=""1/4/3""","8.2","503","80%"
"404","T1 vs KT Rolster","23:31","983","Cuzz","JUNGLE","Xin Zhao","Defeat","=""2/5/1""","5.3","466","60%"
"404","T1 vs KT Rolster","23:31","1242","Doran","TOP","Ambessa","Victory","=""5/1/9""","9.3","889","60.9%"
"404","T1 vs KT Rolster","23:31","48","Faker","MID","Orianna","Victory","=""5/2/6""","7.9","825","47.8%"
"404","T1 vs KT Rolster","23:31","3247","Gumayusi","ADC","Varus","Victory","=""8/1/6""","8.7","988","60.9%"
"404","T1 vs KT Rolster","23:31","1258","Keria","SUPPORT","Bard","Victory","=""1/1/21""","1.0","425","95.7%"
"404","T1 vs KT Rolster","23:31","3741","Oner","JUNGLE","Jarvan IV","Victory","=""4/0/14""","7.0","618","78.3%"
"404","T1 vs KT Rolster","23:31","5122","PerfecT","TOP","Sion","Defeat","=""0/3/1""","7.8","304","20%"
"404","T1 vs KT Rolster","23:31","4572","Way","SUPPORT","Neeko","Defeat","=""0/8/3""","0.9","527","60%"
"404","T1 vs KT Rolster","23:31","2508","deokdam","ADC","Sivir","Defeat","=""2/3/0""","8.2","536","40%"
"405","T1 vs KT Rolster","26:23","650","Bdd","MID","Taliyah","Defeat","=""2/4/3""","8.6","555","50%"
"405","T1 vs KT Rolster","26:23","983","Cuzz","JUNGLE","Trundle","Defeat","=""3/7/5""","4.7","396","80%"
"405","T1 vs KT Rolster","26:23","1242","Doran","TOP","Gwen","Victory","=""7/7/11""","6.2","887","54.5%"
"405","T1 vs KT Rolster","26:23","48","Faker","MID","Annie","Victory","=""4/0/8""","9.6","711","36.4%"
"405","T1 vs KT Rolster","26:23","3247","Gumayusi","ADC","Jhin","Victory","=""15/0/10""","10.5","871","75.8%"
"405","T1 vs KT Rolster","26:23","1258","Keria","SUPPORT","Blitzcrank","Victory","=""1/1/22""","1.1","308","69.7%"
"405","T1 vs KT Rolster","26:23","3741","Oner","JUNGLE","Wukong","Victory","=""6/2/13""","7.7","553","57.6%"
"405","T1 vs KT Rolster","26:23","5122","PerfecT","TOP","Rumble","Defeat","=""2/4/3""","7.7","453","50%"
"405","T1 vs KT Rolster","26:23","4572","Way","SUPPORT","Rell","Defeat","=""0/11/8""","1.1","160","80%"
"405","T1 vs KT Rolster","26:23","2508","deokdam","ADC","Corki","Defeat","=""3/7/4""","8.0","944","70%"
"406","Dplus KIA vs DRX","31:46","1328","Aiming","ADC","Jhin","Victory","=""11/1/7""","9.6","975","81.8%"
"406","Dplus KIA vs DRX","31:46","4938","Andil","SUPPORT","Nautilus","Defeat","=""0/7/7""","1.1","221","46.7%"
"406","Dplus KIA vs DRX","31:46","2184","BeryL","SUPPORT","Rell","Victory","=""1/4/18""","1.0","191","86.4%"
"406","Dplus KIA vs DRX","31:46","5264","Kyeahoo","MID","Viktor","Defeat","=""3/2/7""","7.5","751","66.7%"
"406","Dplus KIA vs DRX","31:46","3895","Lucid","JUNGLE","Wukong","Victory","=""5/1/14""","7.1","560","86.4%"
"406","Dplus KIA vs DRX","31:46","1613","Rich","TOP","Rumble","Defeat","=""3/5/6""","6.4","571","60%"
"406","Dplus KIA vs DRX","31:46","1250","ShowMaker","MID","Annie","Victory","=""3/6/12""","7.6","608","68.2%"
"406","Dplus KIA vs DRX","31:46","5392","Siwoo","TOP","Ornn","Victory","=""2/3/5""","7.3","422","31.8%"
"406","Dplus KIA vs DRX","31:46","4753","Sponge","JUNGLE","Pantheon","Defeat","=""6/6/3""","5.4","381","60%"
"406","Dplus KIA vs DRX","31:46","799","Teddy","ADC","Miss Fortune","Defeat","=""3/2/5""","9.3","579","53.3%"
"407","Dplus KIA vs DRX","41:50","1328","Aiming","ADC","Corki","Victory","=""3/2/6""","10.5","985","42.9%"
"407","Dplus KIA vs DRX","41:50","4938","Andil","SUPPORT","Karma","Defeat","=""0/2/12""","0.8","187","80%"
"407","Dplus KIA vs DRX","41:50","2184","BeryL","SUPPORT","Neeko","Victory","=""2/4/5""","1.5","334","33.3%"
"407","Dplus KIA vs DRX","41:50","5264","Kyeahoo","MID","Ryze","Defeat","=""2/6/7""","7.7","701","60%"
"407","Dplus KIA vs DRX","41:50","3895","Lucid","JUNGLE","Trundle","Victory","=""3/3/13""","6.6","377","76.2%"
"407","Dplus KIA vs DRX","41:50","1613","Rich","TOP","Gwen","Defeat","=""4/3/4""","7.8","558","53.3%"
"407","Dplus KIA vs DRX","41:50","1250","ShowMaker","MID","Orianna","Victory","=""5/2/8""","7.9","855","61.9%"
"407","Dplus KIA vs DRX","41:50","5392","Siwoo","TOP","Aurora","Victory","=""8/4/7""","7.9","1140","71.4%"
"407","Dplus KIA vs DRX","41:50","4753","Sponge","JUNGLE","Xin Zhao","Defeat","=""0/7/10""","4.7","532","66.7%"
"407","Dplus KIA vs DRX","41:50","799","Teddy","ADC","Sivir","Defeat","=""9/3/4""","10.6","1013","86.7%"
"408","GEN vs NS","24:22","5058","Calix","MID","Azir","Defeat","=""1/6/2""","9.4","607","42.9%"
"408","GEN vs NS","24:22","1909","Canyon","JUNGLE","Pantheon","Victory","=""5/2/9""","7.8","644","42.4%"
"408","GEN vs NS","24:22","1629","Chovy","MID","Aurora","Victory","=""10/0/8""","9.9","908","54.5%"
"408","GEN vs NS","24:22","4259","Duro","SUPPORT","Rakan","Victory","=""2/0/17""","0.8","209","57.6%"
"408","GEN vs NS","24:22","3327","GIDEON","JUNGLE","Skarner","Defeat","=""3/6/1""","5.4","316","57.1%"
"408","GEN vs NS","24:22","4755","Jiwoo","ADC","Sivir","Defeat","=""0/7/5""","8.1","535","71.4%"
"408","GEN vs NS","24:22","1115","Kiin","TOP","Yorick","Victory","=""2/2/9""","7.3","662","33.3%"
"408","GEN vs NS","24:22","738","Lehends","SUPPORT","Nautilus","Defeat","=""1/6/3""","1.5","192","57.1%"
"408","GEN vs NS","24:22","685","Ruler","ADC","Kaisa","Victory","=""14/3/7""","9.8","1132","63.6%"
"408","GEN vs NS","24:22","1229","kingen","TOP","Rumble","Defeat","=""2/8/3""","7.4","747","71.4%"
"409","GEN vs NS","24:31","5058","Calix","MID","Orianna","Defeat","=""4/3/0""","8.9","545","80%"
"409","GEN vs NS","24:31","1909","Canyon","JUNGLE","Wukong","Victory","=""2/1/8""","7.7","434","55.6%"
"409","GEN vs NS","24:31","1629","Chovy","MID","Annie","Victory","=""2/0/6""","10.2","619","44.4%"
"409","GEN vs NS","24:31","4259","Duro","SUPPORT","Neeko","Victory","=""0/2/12""","0.9","421","66.7%"
"409","GEN vs NS","24:31","3327","GIDEON","JUNGLE","Xin Zhao","Defeat","=""0/3/2""","5.7","260","40%"
"409","GEN vs NS","24:31","4755","Jiwoo","ADC","Jhin","Defeat","=""0/5/2""","8.3","360","40%"
"409","GEN vs NS","24:31","1115","Kiin","TOP","Gwen","Victory","=""5/2/5""","8.1","865","55.6%"
"409","GEN vs NS","24:31","738","Lehends","SUPPORT","Alistar","Defeat","=""0/4/2""","0.8","196","40%"
"409","GEN vs NS","24:31","685","Ruler","ADC","Corki","Victory","=""9/0/4""","9.7","813","72.2%"
"409","GEN vs NS","24:31","1229","kingen","TOP","Ambessa","Defeat","=""1/3/0""","8.5","478","20%"
"410","HLE vs T1","34:02","3411","Delight","SUPPORT","Rell","Defeat","=""0/4/11""","1.2","217","91.7%"
"410","HLE vs T1","34:02","1242","Doran","TOP","Ambessa","Victory","=""0/4/9""","7.5","475","50%"
"410","HLE vs T1","34:02","48","Faker","MID","Orianna","Victory","=""5/2/11""","8.7","854","88.9%"
"410","HLE vs T1","34:02","3247","Gumayusi","ADC","Sivir","Victory","=""8/2/9""","10.5","959","94.4%"
"410","HLE vs T1","34:02","1258","Keria","SUPPORT","Bard","Victory","=""2/2/16""","1.1","281","100%"
"410","HLE vs T1","34:02","3741","Oner","JUNGLE","Wukong","Victory","=""3/2/12""","6.8","620","83.3%"
"410","HLE vs T1","34:02","392","Peanut","JUNGLE","Xin Zhao","Defeat","=""4/5/4""","6.1","426","66.7%"
"410","HLE vs T1","34:02","1228","Viper","ADC","Varus","Defeat","=""2/3/6""","8.9","828","66.7%"
"410","HLE vs T1","34:02","2906","Zeka","MID","Galio","Defeat","=""3/4/3""","7.8","337","50%"
"410","HLE vs T1","34:02","3658","Zeus","TOP","Jax","Defeat","=""3/2/4""","9.2","559","58.3%"
"411","HLE vs T1","39:57","3411","Delight","SUPPORT","Blitzcrank","Defeat","=""1/4/9""","0.9","125","76.9%"
"411","HLE vs T1","39:57","1242","Doran","TOP","Yorick","Victory","=""6/3/0""","9.6","655","35.3%"
"411","HLE vs T1","39:57","48","Faker","MID","Annie","Victory","=""2/2/12""","8.0","677","82.4%"
"411","HLE vs T1","39:57","3247","Gumayusi","ADC","Lucian","Victory","=""6/3/7""","10.8","865","76.5%"
"411","HLE vs T1","39:57","1258","Keria","SUPPORT","Braum","Victory","=""0/3/14""","0.7","190","82.4%"
"411","HLE vs T1","39:57","3741","Oner","JUNGLE","Trundle","Victory","=""3/2/12""","5.4","250","88.2%"
"411","HLE vs T1","39:57","392","Peanut","JUNGLE","Maokai","Defeat","=""2/3/8""","5.5","528","76.9%"
"411","HLE vs T1","39:57","1228","Viper","ADC","Corki","Defeat","=""2/4/7""","9.9","937","69.2%"
"411","HLE vs T1","39:57","2906","Zeka","MID","Yone","Defeat","=""5/3/5""","8.4","758","76.9%"
"411","HLE vs T1","39:57","3658","Zeus","TOP","Rumble","Defeat","=""3/3/7""","7.0","567","76.9%"
"412","OK BRION vs DN Freecs","27:03","3322","Berserker","ADC","Kaisa","Victory","=""7/0/4""","10.8","641","84.6%"
"412","OK BRION vs DN Freecs","27:03","3974","Bulldog","MID","Ryze","Victory","=""0/1/7""","9.2","314","53.8%"
"412","OK BRION vs DN Freecs","27:03","3195","Clozer","MID","Viktor","Defeat","=""1/3/0""","9.0","512","100%"
"412","OK BRION vs DN Freecs","27:03","2645","Croco","JUNGLE","Skarner","Defeat","=""0/4/1""","6.7","328","100%"
"412","OK BRION vs DN Freecs","27:03","3082","DuDu","TOP","KSante","Victory","=""1/0/4""","8.1","400","38.5%"
"412","OK BRION vs DN Freecs","27:03","3694","Hype","ADC","Jhin","Defeat","=""0/3/0""","9.1","265","0%"
"412","OK BRION vs DN Freecs","27:03","1906","Life","SUPPORT","Neeko","Victory","=""2/0/10""","1.2","275","92.3%"
"412","OK BRION vs DN Freecs","27:03","2545","Morgan","TOP","Ambessa","Defeat","=""0/1/1""","9.1","572","100%"
"412","OK BRION vs DN Freecs","27:03","4865","Pollu","SUPPORT","Karma","Defeat","=""0/2/1""","1.1","191","100%"
"412","OK BRION vs DN Freecs","27:03","2664","Pyosik","JUNGLE","Hecarim","Victory","=""3/0/10""","8.4","326","100%"
"413","OK BRION vs DN Freecs","31:03","3322","Berserker","ADC","Lucian","Victory","=""4/1/8""","10.6","485","57.1%"
"413","OK BRION vs DN Freecs","31:03","3974","Bulldog","MID","Annie","Victory","=""5/2/13""","8.1","621","85.7%"
"413","OK BRION vs DN Freecs","31:03","3195","Clozer","MID","Aurora","Defeat","=""2/6/3""","8.7","499","55.6%"
"413","OK BRION vs DN Freecs","31:03","2645","Croco","JUNGLE","Vi","Defeat","=""2/3/5""","7.4","279","77.8%"
"413","OK BRION vs DN Freecs","31:03","3082","DuDu","TOP","Rumble","Victory","=""3/5/8""","7.1","550","52.4%"
"413","OK BRION vs DN Freecs","31:03","3694","Hype","ADC","Corki","Defeat","=""3/3/0""","9.4","431","33.3%"
"413","OK BRION vs DN Freecs","31:03","1906","Life","SUPPORT","Braum","Victory","=""0/0/14""","0.9","213","66.7%"
"413","OK BRION vs DN Freecs","31:03","2545","Morgan","TOP","Gwen","Defeat","=""2/6/4""","8.4","277","66.7%"
"413","OK BRION vs DN Freecs","31:03","4865","Pollu","SUPPORT","Alistar","Defeat","=""0/3/2""","0.8","78","22.2%"
"413","OK BRION vs DN Freecs","31:03","2664","Pyosik","JUNGLE","Wukong","Victory","=""9/1/9""","6.6","398","85.7%"
"414","OK BRION vs DN Freecs","35:48","3322","Berserker","ADC","Varus","Defeat","=""1/3/3""","9.2","918","80%"
"414","OK BRION vs DN Freecs","35:48","3974","Bulldog","MID","Azir","Defeat","=""3/5/1""","9.6","885","80%"
"414","OK BRION vs DN Freecs","35:48","3195","Clozer","MID","Yone","Victory","=""10/0/7""","9.8","1032","81%"
"414","OK BRION vs DN Freecs","35:48","2645","Croco","JUNGLE","Maokai","Victory","=""0/0/15""","7.0","660","71.4%"
"414","OK BRION vs DN Freecs","35:48","3082","DuDu","TOP","Sion","Defeat","=""0/3/1""","7.9","782","20%"
"414","OK BRION vs DN Freecs","35:48","3694","Hype","ADC","Yunara","Victory","=""7/1/9""","9.3","1167","76.2%"
"414","OK BRION vs DN Freecs","35:48","2545","Morgan","TOP","Renekton","Victory","=""1/1/10""","9.0","697","52.4%"
"414","OK BRION vs DN Freecs","35:48","4865","Pollu","SUPPORT","Nautilus","Victory","=""3/3/13""","1.1","222","76.2%"
"414","OK BRION vs DN Freecs","35:48","2664","Pyosik","JUNGLE","Trundle","Defeat","=""1/5/4""","5.4","181","100%"
"414","OK BRION vs DN Freecs","35:48","5394","Quantum","SUPPORT","Rell","Defeat","=""0/6/5""","1.1","107","100%"
"415","DRX vs BNK FearX","29:38","4938","Andil","SUPPORT","Neeko","Defeat","=""1/5/7""","0.9","316","66.7%"
"415","DRX vs BNK FearX","29:38","3421","Clear","TOP","Rumble","Victory","=""7/4/10""","6.0","885","56.7%"
"415","DRX vs BNK FearX","29:38","4943","Diable","ADC","Jhin","Victory","=""10/0/9""","10.1","1042","63.3%"
"415","DRX vs BNK FearX","29:38","1971","Kellin","SUPPORT","Rell","Victory","=""0/5/22""","0.8","230","73.3%"
"415","DRX vs BNK FearX","29:38","5264","Kyeahoo","MID","Ahri","Defeat","=""6/6/2""","7.3","694","66.7%"
"415","DRX vs BNK FearX","29:38","4233","Raptor","JUNGLE","Jarvan IV","Victory","=""7/1/14""","5.9","536","70%"
"415","DRX vs BNK FearX","29:38","1613","Rich","TOP","Aatrox","Defeat","=""4/6/1""","6.6","337","41.7%"
"415","DRX vs BNK FearX","29:38","4753","Sponge","JUNGLE","Trundle","Defeat","=""1/8/6""","5.6","411","58.3%"
"415","DRX vs BNK FearX","29:38","799","Teddy","ADC","Corki","Defeat","=""0/5/4""","7.7","531","33.3%"
"415","DRX vs BNK FearX","29:38","3326","Vicla","MID","Taliyah","Victory","=""6/2/16""","9.0","884","73.3%"
"416","DRX vs BNK FearX","30:00","4938","Andil","SUPPORT","Bard","Victory","=""2/0/17""","1.1","308","86.4%"
"416","DRX vs BNK FearX","30:00","3421","Clear","TOP","Sion","Defeat","=""1/3/1""","8.4","475","66.7%"
"416","DRX vs BNK FearX","30:00","4943","Diable","ADC","Zeri","Defeat","=""0/6/2""","9.3","436","66.7%"
"416","DRX vs BNK FearX","30:00","1971","Kellin","SUPPORT","Karma","Defeat","=""0/3/1""","0.7","262","33.3%"
"416","DRX vs BNK FearX","30:00","5264","Kyeahoo","MID","Ryze","Victory","=""5/1/10""","9.2","844","68.2%"
"416","DRX vs BNK FearX","30:00","4233","Raptor","JUNGLE","Vi","Defeat","=""1/5/0""","5.6","200","33.3%"
"416","DRX vs BNK FearX","30:00","1613","Rich","TOP","Ambessa","Victory","=""5/0/6""","9.2","716","50%"
"416","DRX vs BNK FearX","30:00","4753","Sponge","JUNGLE","Sejuani","Victory","=""4/1/10""","5.6","491","63.6%"
"416","DRX vs BNK FearX","30:00","799","Teddy","ADC","Sivir","Victory","=""6/1/14""","8.7","695","90.9%"
"416","DRX vs BNK FearX","30:00","3326","Vicla","MID","Cassiopeia","Defeat","=""1/5/2""","8.4","888","100%"
"417","DRX vs BNK FearX","31:01","4938","Andil","SUPPORT","Rakan","Victory","=""2/3/18""","0.8","228","87%"
"417","DRX vs BNK FearX","31:01","3421","Clear","TOP","Gwen","Defeat","=""2/6/0""","7.1","381","20%"
"417","DRX vs BNK FearX","31:01","4943","Diable","ADC","Lucian","Defeat","=""5/3/3""","10.3","502","80%"
"417","DRX vs BNK FearX","31:01","1971","Kellin","SUPPORT","Braum","Defeat","=""1/5/7""","0.6","152","80%"
"417","DRX vs BNK FearX","31:01","5264","Kyeahoo","MID","Annie","Victory","=""2/1/13""","7.0","822","65.2%"
"417","DRX vs BNK FearX","31:01","4233","Raptor","JUNGLE","Xin Zhao","Defeat","=""2/3/8""","6.6","510","100%"
"417","DRX vs BNK FearX","31:01","1613","Rich","TOP","Aurora","Victory","=""5/2/10""","7.7","835","65.2%"
"417","DRX vs BNK FearX","31:01","4753","Sponge","JUNGLE","Wukong","Victory","=""8/1/8""","6.6","656","69.6%"
"417","DRX vs BNK FearX","31:01","799","Teddy","ADC","Xayah","Victory","=""6/3/13""","8.9","663","82.6%"
"417","DRX vs BNK FearX","31:01","3326","Vicla","MID","Galio","Defeat","=""0/6/3""","6.9","436","30%"
"418","NS vs KT Rolster","28:26","650","Bdd","MID","Azir","Victory","=""9/2/8""","8.1","944","60.7%"
"418","NS vs KT Rolster","28:26","5058","Calix","MID","Taliyah","Defeat","=""2/4/1""","7.9","530","27.3%"
"418","NS vs KT Rolster","28:26","983","Cuzz","JUNGLE","Jarvan IV","Victory","=""4/2/19""","7.1","544","82.1%"
"418","NS vs KT Rolster","28:26","3327","GIDEON","JUNGLE","Trundle","Defeat","=""5/4/5""","5.2","311","90.9%"
"418","NS vs KT Rolster","28:26","4755","Jiwoo","ADC","Corki","Defeat","=""3/8/4""","8.1","664","63.6%"
"418","NS vs KT Rolster","28:26","738","Lehends","SUPPORT","Bard","Defeat","=""0/6/4""","1.2","275","36.4%"
"418","NS vs KT Rolster","28:26","5122","PerfecT","TOP","Sion","Victory","=""3/3/13""","6.4","568","57.1%"
"418","NS vs KT Rolster","28:26","4260","Peter","SUPPORT","Neeko","Victory","=""0/3/22""","1.0","539","78.6%"
"418","NS vs KT Rolster","28:26","2508","deokdam","ADC","Ezreal","Victory","=""12/1/10""","9.1","1223","78.6%"
"418","NS vs KT Rolster","28:26","1229","kingen","TOP","Camille","Defeat","=""1/6/3""","6.4","491","36.4%"
"419","NS vs KT Rolster","28:36","650","Bdd","MID","Annie","Defeat","=""3/4/2""","7.9","507","55.6%"
"419","NS vs KT Rolster","28:36","5058","Calix","MID","Galio","Victory","=""1/1/7""","9.3","499","61.5%"
"419","NS vs KT Rolster","28:36","983","Cuzz","JUNGLE","Skarner","Defeat","=""0/3/7""","5.1","354","77.8%"
"419","NS vs KT Rolster","28:36","3327","GIDEON","JUNGLE","Viego","Victory","=""2/1/7""","8.2","351","69.2%"
"419","NS vs KT Rolster","28:36","4755","Jiwoo","ADC","Varus","Victory","=""7/1/4""","9.2","1101","84.6%"
"419","NS vs KT Rolster","28:36","738","Lehends","SUPPORT","Elise","Victory","=""0/4/10""","0.9","409","76.9%"
"419","NS vs KT Rolster","28:36","5122","PerfecT","TOP","Renekton","Defeat","=""3/2/2""","8.6","572","55.6%"
"419","NS vs KT Rolster","28:36","4260","Peter","SUPPORT","Poppy","Defeat","=""0/3/5""","1.3","301","55.6%"
"419","NS vs KT Rolster","28:36","2508","deokdam","ADC","Jhin","Defeat","=""3/1/2""","8.8","589","55.6%"
"419","NS vs KT Rolster","28:36","1229","kingen","TOP","Ambessa","Victory","=""3/2/4""","8.3","591","53.8%"
"420","NS vs KT Rolster","32:31","650","Bdd","MID","Ryze","Victory","=""1/1/10""","9.9","531","55%"
"420","NS vs KT Rolster","32:31","5058","Calix","MID","Orianna","Defeat","=""1/3/1""","9.7","505","66.7%"
"420","NS vs KT Rolster","32:31","983","Cuzz","JUNGLE","Xin Zhao","Victory","=""6/0/7""","7.0","421","65%"
"420","NS vs KT Rolster","32:31","3327","GIDEON","JUNGLE","Wukong","Defeat","=""1/4/2""","7.0","292","100%"
"420","NS vs KT Rolster","32:31","4755","Jiwoo","ADC","Aphelios","Defeat","=""1/4/0""","8.8","660","33.3%"
"420","NS vs KT Rolster","32:31","738","Lehends","SUPPORT","Nautilus","Defeat","=""0/5/0""","1.1","129","0%"
"420","NS vs KT Rolster","32:31","5122","PerfecT","TOP","Ornn","Victory","=""2/1/7""","6.9","306","45%"
"420","NS vs KT Rolster","32:31","4260","Peter","SUPPORT","Alistar","Victory","=""0/1/18""","1.2","164","90%"
"420","NS vs KT Rolster","32:31","2508","deokdam","ADC","Sivir","Victory","=""11/0/8""","10.2","778","95%"
"420","NS vs KT Rolster","32:31","1229","kingen","TOP","Rumble","Defeat","=""0/4/2""","7.9","620","66.7%"
"421","HLE vs GEN","28:13","1909","Canyon","JUNGLE","Pantheon","Victory","=""4/0/4""","7.9","387","53.3%"
"421","HLE vs GEN","28:13","1629","Chovy","MID","Ziggs","Victory","=""4/0/6""","10.8","598","66.7%"
"421","HLE vs GEN","28:13","3411","Delight","SUPPORT","Karma","Defeat","=""1/3/3""","0.8","231","100%"
"421","HLE vs GEN","28:13","4259","Duro","SUPPORT","Braum","Victory","=""1/1/11""","1.0","155","80%"
"421","HLE vs GEN","28:13","1115","Kiin","TOP","Sion","Victory","=""1/2/11""","8.0","753","80%"
"421","HLE vs GEN","28:13","392","Peanut","JUNGLE","Jarvan IV","Defeat","=""1/5/3""","6.4","263","100%"
"421","HLE vs GEN","28:13","685","Ruler","ADC","Lucian","Victory","=""5/1/5""","10.1","773","66.7%"
"421","HLE vs GEN","28:13","1228","Viper","ADC","Sivir","Defeat","=""1/2/2""","10.6","672","75%"
"421","HLE vs GEN","28:13","2906","Zeka","MID","Galio","Defeat","=""1/3/1""","8.6","426","50%"
"421","HLE vs GEN","28:13","3658","Zeus","TOP","Aatrox","Defeat","=""0/2/0""","7.8","304","0%"
"422","HLE vs GEN","28:35","1909","Canyon","JUNGLE","Wukong","Victory","=""3/0/6""","8.2","212","75%"
"422","HLE vs GEN","28:35","1629","Chovy","MID","Azir","Victory","=""0/1/4""","10.7","555","33.3%"
"422","HLE vs GEN","28:35","3411","Delight","SUPPORT","Alistar","Defeat","=""0/4/4""","1.1","98","66.7%"
"422","HLE vs GEN","28:35","4259","Duro","SUPPORT","Rakan","Victory","=""1/1/11""","1.2","170","100%"
"422","HLE vs GEN","28:35","1115","Kiin","TOP","Gwen","Victory","=""1/3/3""","7.9","363","33.3%"
"422","HLE vs GEN","28:35","392","Peanut","JUNGLE","Poppy","Defeat","=""0/3/4""","5.9","171","66.7%"
"422","HLE vs GEN","28:35","685","Ruler","ADC","Corki","Victory","=""7/1/5""","11.4","1028","100%"
"422","HLE vs GEN","28:35","1228","Viper","ADC","Yunara","Defeat","=""3/2/1""","10.3","411","66.7%"
"422","HLE vs GEN","28:35","2906","Zeka","MID","Ahri","Defeat","=""0/0/2""","9.2","416","33.3%"
"422","HLE vs GEN","28:35","3658","Zeus","TOP","Rumble","Defeat","=""3/3/1""","8.4","359","66.7%"
"423","HLE vs GEN","30:35","1909","Canyon","JUNGLE","Xin Zhao","Defeat","=""3/6/4""","6.0","445","77.8%"
"423","HLE vs GEN","30:35","1629","Chovy","MID","Ryze","Defeat","=""2/5/4""","9.9","499","66.7%"
"423","HLE vs GEN","30:35","3411","Delight","SUPPORT","Leona","Victory","=""0/3/18""","1.1","153","66.7%"
"423","HLE vs GEN","30:35","4259","Duro","SUPPORT","Rell","Defeat","=""0/5/5""","0.5","146","55.6%"
"423","HLE vs GEN","30:35","1115","Kiin","TOP","Yorick","Defeat","=""3/7/1""","7.8","553","44.4%"
"423","HLE vs GEN","30:35","392","Peanut","JUNGLE","Vi","Victory","=""8/2/16""","6.6","752","88.9%"
"423","HLE vs GEN","30:35","685","Ruler","ADC","Ezreal","Defeat","=""1/4/4""","9.9","670","55.6%"
"423","HLE vs GEN","30:35","1228","Viper","ADC","Xayah","Victory","=""7/0/10""","9.9","835","63%"
"423","HLE vs GEN","30:35","2906","Zeka","MID","Aurora","Victory","=""8/1/12""","7.9","982","74.1%"
"423","HLE vs GEN","30:35","3658","Zeus","TOP","Ambessa","Victory","=""4/3/16""","7.4","941","74.1%"
"424","OK BRION vs Dplus KIA","27:51","1328","Aiming","ADC","Ezreal","Defeat","=""1/4/2""","9.4","627","50%"
"424","OK BRION vs Dplus KIA","27:51","2184","BeryL","SUPPORT","Karma","Defeat","=""0/2/4""","1.0","166","66.7%"
"424","OK BRION vs Dplus KIA","27:51","3195","Clozer","MID","Yone","Victory","=""7/0/5""","9.9","757","75%"
"424","OK BRION vs Dplus KIA","27:51","2645","Croco","JUNGLE","Maokai","Victory","=""2/2/10""","7.2","418","75%"
"424","OK BRION vs Dplus KIA","27:51","3694","Hype","ADC","Lucian","Victory","=""4/1/3""","9.8","647","43.8%"
"424","OK BRION vs Dplus KIA","27:51","3895","Lucid","JUNGLE","Vi","Defeat","=""0/3/2""","6.4","201","33.3%"
"424","OK BRION vs Dplus KIA","27:51","2545","Morgan","TOP","Renekton","Victory","=""3/1/2""","8.6","422","31.2%"
"424","OK BRION vs Dplus KIA","27:51","4865","Pollu","SUPPORT","Nautilus","Victory","=""0/2/13""","0.9","164","81.2%"
"424","OK BRION vs Dplus KIA","27:51","1250","ShowMaker","MID","Ahri","Defeat","=""1/4/1""","8.8","502","33.3%"
"424","OK BRION vs Dplus KIA","27:51","5392","Siwoo","TOP","Ambessa","Defeat","=""4/3/0""","7.4","645","66.7%"
"425","OK BRION vs Dplus KIA","36:20","1328","Aiming","ADC","Sivir","Defeat","=""2/3/3""","10.1","646","71.4%"
"425","OK BRION vs Dplus KIA","36:20","2184","BeryL","SUPPORT","Bard","Defeat","=""0/3/4""","1.3","224","57.1%"
"425","OK BRION vs Dplus KIA","36:20","3195","Clozer","MID","Annie","Victory","=""1/0/11""","7.8","465","75%"
"425","OK BRION vs Dplus KIA","36:20","2645","Croco","JUNGLE","Wukong","Victory","=""3/2/8""","7.3","715","68.8%"
"425","OK BRION vs Dplus KIA","36:20","3694","Hype","ADC","Corki","Victory","=""6/1/6""","9.7","949","75%"
"425","OK BRION vs Dplus KIA","36:20","3895","Lucid","JUNGLE","Trundle","Defeat","=""2/3/4""","6.4","297","85.7%"
"425","OK BRION vs Dplus KIA","36:20","2545","Morgan","TOP","Rumble","Victory","=""5/1/5""","7.7","847","62.5%"
"425","OK BRION vs Dplus KIA","36:20","4865","Pollu","SUPPORT","Rell","Victory","=""1/3/11""","1.0","154","75%"
"425","OK BRION vs Dplus KIA","36:20","1250","ShowMaker","MID","Orianna","Defeat","=""3/2/2""","8.3","709","71.4%"
"425","OK BRION vs Dplus KIA","36:20","5392","Siwoo","TOP","Ornn","Defeat","=""0/5/5""","6.6","446","71.4%"
"426","DRX vs DN Freecs","35:01","4938","Andil","SUPPORT","Braum","Victory","=""0/3/13""","0.7","292","92.9%"
"426","DRX vs DN Freecs","35:01","3322","Berserker","ADC","Jhin","Defeat","=""0/1/6""","9.6","582","85.7%"
"426","DRX vs DN Freecs","35:01","3974","Bulldog","MID","Orianna","Defeat","=""1/2/5""","7.9","869","85.7%"
"426","DRX vs DN Freecs","35:01","3082","DuDu","TOP","Rumble","Defeat","=""5/3/2""","7.0","744","100%"
"426","DRX vs DN Freecs","35:01","5264","Kyeahoo","MID","Galio","Victory","=""1/0/12""","7.5","425","92.9%"
"426","DRX vs DN Freecs","35:01","1906","Life","SUPPORT","Alistar","Defeat","=""0/6/4""","1.1","102","57.1%"
"426","DRX vs DN Freecs","35:01","2664","Pyosik","JUNGLE","Nocturne","Defeat","=""1/2/4""","6.3","359","71.4%"
"426","DRX vs DN Freecs","35:01","1613","Rich","TOP","Aurora","Victory","=""4/2/7""","7.0","578","78.6%"
"426","DRX vs DN Freecs","35:01","4753","Sponge","JUNGLE","Xin Zhao","Victory","=""3/0/10""","6.8","524","92.9%"
"426","DRX vs DN Freecs","35:01","799","Teddy","ADC","Lucian","Victory","=""6/2/4""","9.7","668","71.4%"
"427","DRX vs DN Freecs","40:36","4938","Andil","SUPPORT","Leona","Victory","=""2/4/14""","1.1","223","84.2%"
"427","DRX vs DN Freecs","40:36","3322","Berserker","ADC","Kaisa","Defeat","=""4/3/5""","9.8","668","69.2%"
"427","DRX vs DN Freecs","40:36","3974","Bulldog","MID","Taliyah","Defeat","=""2/4/7""","7.4","655","69.2%"
"427","DRX vs DN Freecs","40:36","3082","DuDu","TOP","Sion","Defeat","=""3/4/4""","8.1","612","53.8%"
"427","DRX vs DN Freecs","40:36","5264","Kyeahoo","MID","Ryze","Victory","=""2/2/9""","7.6","505","57.9%"
"427","DRX vs DN Freecs","40:36","1906","Life","SUPPORT","Rell","Defeat","=""1/4/11""","1.1","140","92.3%"
"427","DRX vs DN Freecs","40:36","2664","Pyosik","JUNGLE","Wukong","Defeat","=""3/4/7""","6.2","428","76.9%"
"427","DRX vs DN Freecs","40:36","1613","Rich","TOP","Ambessa","Victory","=""4/0/8""","8.6","820","63.2%"
"427","DRX vs DN Freecs","40:36","4753","Sponge","JUNGLE","Pantheon","Victory","=""3/6/10""","6.3","564","68.4%"
"427","DRX vs DN Freecs","40:36","799","Teddy","ADC","Sivir","Victory","=""8/1/8""","10.7","938","84.2%"
"428","GEN vs NS","32:01","5058","Calix","MID","Ryze","Defeat","=""2/4/4""","8.9","520","66.7%"
"428","GEN vs NS","32:01","1909","Canyon","JUNGLE","Vi","Victory","=""3/2/15""","6.6","465","78.3%"
"428","GEN vs NS","32:01","1629","Chovy","MID","Galio","Victory","=""5/0/13""","9.3","812","78.3%"
"428","GEN vs NS","32:01","4259","Duro","SUPPORT","Neeko","Victory","=""3/3/14""","0.7","533","73.9%"
"428","GEN vs NS","32:01","3327","GIDEON","JUNGLE","Poppy","Defeat","=""3/5/2""","5.3","352","55.6%"
"428","GEN vs NS","32:01","4755","Jiwoo","ADC","Ezreal","Defeat","=""3/3/3""","8.2","790","66.7%"
"428","GEN vs NS","32:01","1115","Kiin","TOP","Renekton","Victory","=""4/2/11""","7.9","631","65.2%"
"428","GEN vs NS","32:01","738","Lehends","SUPPORT","Elise","Defeat","=""0/6/4""","0.7","273","44.4%"
"428","GEN vs NS","32:01","685","Ruler","ADC","Caitlyn","Victory","=""8/2/5""","9.8","925","56.5%"
"428","GEN vs NS","32:01","1229","kingen","TOP","Ambessa","Defeat","=""1/5/4""","7.2","762","55.6%"
"429","GEN vs NS","35:15","5058","Calix","MID","Taliyah","Defeat","=""4/3/4""","9.3","848","100%"
"429","GEN vs NS","35:15","1909","Canyon","JUNGLE","Skarner","Victory","=""2/2/10""","5.9","323","75%"
"429","GEN vs NS","35:15","1629","Chovy","MID","Azir","Victory","=""3/2/10""","10.0","747","81.2%"
"429","GEN vs NS","35:15","4259","Duro","SUPPORT","Bard","Victory","=""2/1/10""","0.9","323","75%"
"429","GEN vs NS","35:15","3327","GIDEON","JUNGLE","Wukong","Defeat","=""2/5/4""","6.6","329","75%"
"429","GEN vs NS","35:15","4755","Jiwoo","ADC","Jhin","Defeat","=""1/1/4""","9.2","452","62.5%"
"429","GEN vs NS","35:15","1115","Kiin","TOP","Gwen","Victory","=""1/1/5""","8.1","309","37.5%"
"429","GEN vs NS","35:15","738","Lehends","SUPPORT","Alistar","Defeat","=""0/4/6""","0.6","154","75%"
"429","GEN vs NS","35:15","685","Ruler","ADC","Corki","Victory","=""8/2/3""","10.3","763","68.8%"
"429","GEN vs NS","35:15","1229","kingen","TOP","Aurora","Defeat","=""1/3/1""","7.9","680","25%"
"430","KT Rolster vs HLE","35:06","650","Bdd","MID","Ahri","Defeat","=""3/3/9""","7.5","651","92.3%"
"430","KT Rolster vs HLE","35:06","983","Cuzz","JUNGLE","Trundle","Defeat","=""2/5/8""","5.5","392","76.9%"
"430","KT Rolster vs HLE","35:06","3411","Delight","SUPPORT","Neeko","Victory","=""1/3/12""","0.9","312","92.9%"
"430","KT Rolster vs HLE","35:06","392","Peanut","JUNGLE","Ivern","Victory","=""1/3/12""","5.1","132","92.9%"
"430","KT Rolster vs HLE","35:06","5122","PerfecT","TOP","Sion","Defeat","=""1/3/5""","6.8","358","46.2%"
"430","KT Rolster vs HLE","35:06","4260","Peter","SUPPORT","Lulu","Defeat","=""2/1/10""","0.8","127","92.3%"
"430","KT Rolster vs HLE","35:06","1228","Viper","ADC","Kaisa","Victory","=""7/2/6""","9.4","871","92.9%"
"430","KT Rolster vs HLE","35:06","2906","Zeka","MID","Taliyah","Victory","=""3/2/7""","9.3","744","71.4%"
"430","KT Rolster vs HLE","35:06","3658","Zeus","TOP","Aatrox","Victory","=""2/3/8""","7.4","496","71.4%"
"430","KT Rolster vs HLE","35:06","2508","deokdam","ADC","Aphelios","Defeat","=""5/2/4""","9.8","845","69.2%"
"431","KT Rolster vs HLE","39:24","650","Bdd","MID","Orianna","Defeat","=""5/1/6""","7.7","683","84.6%"
"431","KT Rolster vs HLE","39:24","983","Cuzz","JUNGLE","Xin Zhao","Defeat","=""5/5/6""","6.2","667","84.6%"
"431","KT Rolster vs HLE","39:24","3411","Delight","SUPPORT","Alistar","Victory","=""0/4/17""","1.0","161","77.3%"
"431","KT Rolster vs HLE","39:24","392","Peanut","JUNGLE","Jarvan IV","Victory","=""5/1/17""","6.1","566","100%"
"431","KT Rolster vs HLE","39:24","5122","PerfecT","TOP","Renekton","Defeat","=""1/6/5""","8.4","600","46.2%"
"431","KT Rolster vs HLE","39:24","4260","Peter","SUPPORT","Braum","Defeat","=""0/4/10""","1.0","199","76.9%"
"431","KT Rolster vs HLE","39:24","1228","Viper","ADC","Zeri","Victory","=""6/2/10""","11.5","1154","72.7%"
"431","KT Rolster vs HLE","39:24","2906","Zeka","MID","Aurora","Victory","=""4/4/9""","7.8","897","59.1%"
"431","KT Rolster vs HLE","39:24","3658","Zeus","TOP","Ambessa","Victory","=""7/2/7""","8.0","637","63.6%"
"431","KT Rolster vs HLE","39:24","2508","deokdam","ADC","Sivir","Defeat","=""2/6/5""","10.0","593","53.8%"
"432","KT Rolster vs HLE","39:31","650","Bdd","MID","Ryze","Victory","=""5/3/16""","8.9","807","77.8%"
"432","KT Rolster vs HLE","39:31","983","Cuzz","JUNGLE","Pantheon","Victory","=""7/1/11""","6.4","543","66.7%"
"432","KT Rolster vs HLE","39:31","3411","Delight","SUPPORT","Bard","Defeat","=""0/7/14""","1.1","196","87.5%"
"432","KT Rolster vs HLE","39:31","392","Peanut","JUNGLE","Wukong","Defeat","=""5/5/7""","5.6","333","75%"
"432","KT Rolster vs HLE","39:31","5122","PerfecT","TOP","Gwen","Victory","=""2/6/8""","6.7","597","37%"
"432","KT Rolster vs HLE","39:31","4260","Peter","SUPPORT","Nautilus","Victory","=""0/5/18""","0.8","160","66.7%"
"432","KT Rolster vs HLE","39:31","1228","Viper","ADC","Jhin","Defeat","=""4/2/8""","9.4","761","75%"
"432","KT Rolster vs HLE","39:31","2906","Zeka","MID","Galio","Defeat","=""1/4/11""","9.0","515","75%"
"432","KT Rolster vs HLE","39:31","3658","Zeus","TOP","Rumble","Defeat","=""6/9/10""","6.5","901","100%"
"432","KT Rolster vs HLE","39:31","2508","deokdam","ADC","Corki","Victory","=""13/1/7""","9.5","1021","74.1%"
"433","OK BRION vs BNK FearX","28:24","3421","Clear","TOP","KSante","Victory","=""1/0/6""","8.3","310","41.2%"
"433","OK BRION vs BNK FearX","28:24","3195","Clozer","MID","LeBlanc","Defeat","=""2/3/3""","8.4","831","55.6%"
"433","OK BRION vs BNK FearX","28:24","2645","Croco","JUNGLE","Pantheon","Defeat","=""2/4/5""","7.2","272","77.8%"
"433","OK BRION vs BNK FearX","28:24","4943","Diable","ADC","Kalista","Victory","=""10/2/3""","10.4","1070","76.5%"
"433","OK BRION vs BNK FearX","28:24","3694","Hype","ADC","Lucian","Defeat","=""5/4/2""","9.1","631","77.8%"
"433","OK BRION vs BNK FearX","28:24","1971","Kellin","SUPPORT","Renata Glasc","Victory","=""1/1/13""","1.0","268","82.4%"
"433","OK BRION vs BNK FearX","28:24","2545","Morgan","TOP","Yorick","Defeat","=""0/2/2""","8.8","794","22.2%"
"433","OK BRION vs BNK FearX","28:24","4865","Pollu","SUPPORT","Braum","Defeat","=""0/4/6""","0.9","162","66.7%"
"433","OK BRION vs BNK FearX","28:24","4233","Raptor","JUNGLE","Jarvan IV","Victory","=""2/3/14""","5.6","456","94.1%"
"433","OK BRION vs BNK FearX","28:24","3326","Vicla","MID","Azir","Victory","=""3/3/5""","9.4","743","47.1%"
"434","OK BRION vs BNK FearX","29:21","3421","Clear","TOP","Rumble","Victory","=""5/1/15""","8.1","820","87%"
"434","OK BRION vs BNK FearX","29:21","3195","Clozer","MID","Ahri","Defeat","=""5/3/2""","9.1","556","77.8%"
"434","OK BRION vs BNK FearX","29:21","2645","Croco","JUNGLE","Wukong","Defeat","=""1/5/7""","6.5","440","88.9%"
"434","OK BRION vs BNK FearX","29:21","4943","Diable","ADC","Kaisa","Victory","=""12/2/6""","11.0","600","78.3%"
"434","OK BRION vs BNK FearX","29:21","3694","Hype","ADC","Sivir","Defeat","=""2/5/3""","9.1","318","55.6%"
"434","OK BRION vs BNK FearX","29:21","1971","Kellin","SUPPORT","Rakan","Victory","=""1/2/20""","1.1","196","91.3%"
"434","OK BRION vs BNK FearX","29:21","2545","Morgan","TOP","Gwen","Defeat","=""1/6/2""","8.0","564","33.3%"
"434","OK BRION vs BNK FearX","29:21","4865","Pollu","SUPPORT","Rell","Defeat","=""0/4/9""","1.2","178","100%"
"434","OK BRION vs BNK FearX","29:21","4233","Raptor","JUNGLE","Xin Zhao","Victory","=""1/2/14""","7.1","400","65.2%"
"434","OK BRION vs BNK FearX","29:21","3326","Vicla","MID","Taliyah","Victory","=""4/2/13""","8.3","668","73.9%"
"435","OK BRION vs BNK FearX","30:07","3421","Clear","TOP","Renekton","Defeat","=""1/7/4""","7.3","448","41.7%"
"435","OK BRION vs BNK FearX","30:07","3195","Clozer","MID","Orianna","Victory","=""2/2/7""","9.5","544","40.9%"
"435","OK BRION vs BNK FearX","30:07","2645","Croco","JUNGLE","Trundle","Victory","=""6/2/10""","6.7","711","72.7%"
"435","OK BRION vs BNK FearX","30:07","4943","Diable","ADC","Jhin","Defeat","=""2/4/4""","9.7","510","50%"
"435","OK BRION vs BNK FearX","30:07","3694","Hype","ADC","Corki","Victory","=""8/3/7""","9.5","704","68.2%"
"435","OK BRION vs BNK FearX","30:07","1971","Kellin","SUPPORT","Alistar","Defeat","=""0/7/8""","1.0","166","66.7%"
"435","OK BRION vs BNK FearX","30:07","2545","Morgan","TOP","Sion","Victory","=""5/3/8""","8.3","632","59.1%"
"435","OK BRION vs BNK FearX","30:07","4865","Pollu","SUPPORT","Neeko","Victory","=""1/2/14""","1.0","467","68.2%"
"435","OK BRION vs BNK FearX","30:07","4233","Raptor","JUNGLE","Vi","Defeat","=""3/2/9""","6.7","448","100%"
"435","OK BRION vs BNK FearX","30:07","3326","Vicla","MID","Viktor","Defeat","=""6/2/3""","9.0","1069","75%"
"436","Dplus KIA vs DRX","32:18","1328","Aiming","ADC","Jhin","Victory","=""4/1/16""","10.8","877","80%"
"436","Dplus KIA vs DRX","32:18","4938","Andil","SUPPORT","Alistar","Defeat","=""2/6/7""","0.6","247","100%"
"436","Dplus KIA vs DRX","32:18","2184","BeryL","SUPPORT","Bard","Victory","=""1/1/21""","0.7","442","88%"
"436","Dplus KIA vs DRX","32:18","5264","Kyeahoo","MID","Ryze","Defeat","=""3/5/1""","8.7","782","44.4%"
"436","Dplus KIA vs DRX","32:18","3895","Lucid","JUNGLE","Jarvan IV","Victory","=""3/1/18""","7.2","663","84%"
"436","Dplus KIA vs DRX","32:18","1613","Rich","TOP","Gwen","Defeat","=""2/4/2""","7.4","575","44.4%"
"436","Dplus KIA vs DRX","32:18","1250","ShowMaker","MID","Cassiopeia","Victory","=""10/1/8""","8.6","945","72%"
"436","Dplus KIA vs DRX","32:18","5392","Siwoo","TOP","Aurora","Victory","=""7/5/4""","7.8","997","44%"
"436","Dplus KIA vs DRX","32:18","4753","Sponge","JUNGLE","Xin Zhao","Defeat","=""0/5/5""","5.6","562","55.6%"
"436","Dplus KIA vs DRX","32:18","799","Teddy","ADC","Ezreal","Defeat","=""2/5/5""","9.5","861","77.8%"
"437","Dplus KIA vs DRX","39:01","1328","Aiming","ADC","Corki","Defeat","=""4/3/2""","9.1","774","75%"
"437","Dplus KIA vs DRX","39:01","4938","Andil","SUPPORT","Rell","Victory","=""0/4/15""","0.7","194","75%"
"437","Dplus KIA vs DRX","39:01","2184","BeryL","SUPPORT","Leona","Defeat","=""0/6/7""","1.3","229","87.5%"
"437","Dplus KIA vs DRX","39:01","5264","Kyeahoo","MID","Annie","Victory","=""0/2/13""","8.4","535","65%"
"437","Dplus KIA vs DRX","39:01","3895","Lucid","JUNGLE","Wukong","Defeat","=""4/6/2""","6.9","372","75%"
"437","Dplus KIA vs DRX","39:01","1613","Rich","TOP","Rumble","Victory","=""6/0/8""","8.1","1017","70%"
"437","Dplus KIA vs DRX","39:01","1250","ShowMaker","MID","Orianna","Defeat","=""0/2/5""","8.6","464","62.5%"
"437","Dplus KIA vs DRX","39:01","5392","Siwoo","TOP","Ornn","Defeat","=""0/3/2""","7.0","413","25%"
"437","Dplus KIA vs DRX","39:01","4753","Sponge","JUNGLE","Pantheon","Victory","=""7/1/9""","6.5","891","80%"
"437","Dplus KIA vs DRX","39:01","799","Teddy","ADC","Kaisa","Victory","=""7/1/8""","9.9","729","75%"
"438","Dplus KIA vs DRX","50:27","1328","Aiming","ADC","Jinx","Victory","=""13/2/13""","10.5","1162","96.3%"
"438","Dplus KIA vs DRX","50:27","4938","Andil","SUPPORT","Nautilus","Defeat","=""2/8/13""","0.4","209","78.9%"
"438","Dplus KIA vs DRX","50:27","2184","BeryL","SUPPORT","Tahm Kench","Victory","=""0/8/17""","0.6","174","63%"
"438","Dplus KIA vs DRX","50:27","5264","Kyeahoo","MID","Taliyah","Defeat","=""2/6/10""","8.1","726","63.2%"
"438","Dplus KIA vs DRX","50:27","3895","Lucid","JUNGLE","Trundle","Victory","=""8/3/16""","5.0","384","88.9%"
"438","Dplus KIA vs DRX","50:27","1613","Rich","TOP","KSante","Defeat","=""2/5/8""","6.3","316","52.6%"
"438","Dplus KIA vs DRX","50:27","1250","ShowMaker","MID","Ahri","Victory","=""5/3/19""","8.0","626","88.9%"
"438","Dplus KIA vs DRX","50:27","5392","Siwoo","TOP","Yorick","Victory","=""1/3/15""","8.3","651","59.3%"
"438","Dplus KIA vs DRX","50:27","4753","Sponge","JUNGLE","Viego","Defeat","=""8/5/7""","5.9","441","78.9%"
"438","Dplus KIA vs DRX","50:27","799","Teddy","ADC","Sivir","Defeat","=""5/3/10""","10.0","1469","78.9%"
"439","NS vs T1","26:18","5058","Calix","MID","Annie","Defeat","=""4/1/3""","9.0","645","87.5%"
"439","NS vs T1","26:18","1242","Doran","TOP","Jax","Victory","=""1/1/4""","9.4","454","33.3%"
"439","NS vs T1","26:18","48","Faker","MID","Ryze","Victory","=""4/3/3""","8.9","686","46.7%"
"439","NS vs T1","26:18","3327","GIDEON","JUNGLE","Trundle","Defeat","=""2/4/6""","4.9","357","100%"
"439","NS vs T1","26:18","3247","Gumayusi","ADC","Lucian","Victory","=""5/2/7""","8.3","813","80%"
"439","NS vs T1","26:18","4755","Jiwoo","ADC","Jinx","Defeat","=""2/5/2""","8.7","643","50%"
"439","NS vs T1","26:18","1258","Keria","SUPPORT","Braum","Victory","=""0/0/14""","0.9","311","93.3%"
"439","NS vs T1","26:18","738","Lehends","SUPPORT","Milio","Defeat","=""0/1/4""","0.6","157","50%"
"439","NS vs T1","26:18","3741","Oner","JUNGLE","Zed","Victory","=""5/2/7""","7.7","608","80%"
"439","NS vs T1","26:18","1229","kingen","TOP","Yorick","Defeat","=""0/4/0""","7.9","411","0%"
"440","NS vs T1","28:54","5058","Calix","MID","Taliyah","Victory","=""8/2/10""","8.5","862","66.7%"
"440","NS vs T1","28:54","1242","Doran","TOP","Aurora","Defeat","=""1/4/1""","8.1","471","22.2%"
"440","NS vs T1","28:54","48","Faker","MID","Ahri","Defeat","=""0/5/5""","7.7","351","55.6%"
"440","NS vs T1","28:54","3327","GIDEON","JUNGLE","Pantheon","Victory","=""7/0/8""","7.7","506","55.6%"
"440","NS vs T1","28:54","3247","Gumayusi","ADC","Varus","Defeat","=""6/8/2""","7.9","640","88.9%"
"440","NS vs T1","28:54","4755","Jiwoo","ADC","Ziggs","Victory","=""4/5/12""","8.8","698","59.3%"
"440","NS vs T1","28:54","1258","Keria","SUPPORT","Bard","Defeat","=""0/7/6""","1.0","182","66.7%"
"440","NS vs T1","28:54","738","Lehends","SUPPORT","Leona","Victory","=""2/2/12""","1.2","322","51.9%"
"440","NS vs T1","28:54","3741","Oner","JUNGLE","Jarvan IV","Defeat","=""2/3/3""","6.9","315","55.6%"
"440","NS vs T1","28:54","1229","kingen","TOP","Ambessa","Victory","=""6/0/5""","7.0","602","40.7%"
"441","NS vs T1","29:28","5058","Calix","MID","Orianna","Defeat","=""0/4/3""","9.3","664","50%"
"441","NS vs T1","29:28","1242","Doran","TOP","Rumble","Victory","=""5/2/7""","8.4","985","60%"
"441","NS vs T1","29:28","48","Faker","MID","Galio","Victory","=""5/0/14""","8.9","697","95%"
"441","NS vs T1","29:28","3327","GIDEON","JUNGLE","Wukong","Defeat","=""4/4/2""","6.1","385","100%"
"441","NS vs T1","29:28","3247","Gumayusi","ADC","Jhin","Victory","=""4/0/11""","10.1","776","75%"
"441","NS vs T1","29:28","4755","Jiwoo","ADC","Sivir","Defeat","=""2/4/2""","9.0","789","66.7%"
"441","NS vs T1","29:28","1258","Keria","SUPPORT","Poppy","Victory","=""1/2/16""","0.9","292","85%"
"441","NS vs T1","29:28","738","Lehends","SUPPORT","Alistar","Defeat","=""0/5/4""","0.9","134","66.7%"
"441","NS vs T1","29:28","3741","Oner","JUNGLE","Xin Zhao","Victory","=""5/2/14""","6.8","549","95%"
"441","NS vs T1","29:28","1229","kingen","TOP","Ornn","Defeat","=""0/3/4""","7.3","384","66.7%"
"442","HLE vs GEN","33:00","1909","Canyon","JUNGLE","Pantheon","Defeat","=""0/2/1""","7.0","234","100%"
"442","HLE vs GEN","33:00","1629","Chovy","MID","Ziggs","Defeat","=""0/4/1""","9.3","897","100%"
"442","HLE vs GEN","33:00","3411","Delight","SUPPORT","Braum","Victory","=""0/0/12""","1.2","208","85.7%"
"442","HLE vs GEN","33:00","4259","Duro","SUPPORT","Rakan","Defeat","=""0/3/1""","1.0","167","100%"
"442","HLE vs GEN","33:00","1115","Kiin","TOP","Yorick","Defeat","=""1/3/0""","8.5","536","100%"
"442","HLE vs GEN","33:00","392","Peanut","JUNGLE","Poppy","Victory","=""1/1/6""","6.8","175","50%"
"442","HLE vs GEN","33:00","685","Ruler","ADC","Jhin","Defeat","=""0/2/1""","9.7","481","100%"
"442","HLE vs GEN","33:00","1228","Viper","ADC","Lucian","Victory","=""7/0/4""","10.7","795","78.6%"
"442","HLE vs GEN","33:00","2906","Zeka","MID","Azir","Victory","=""2/0/9""","9.2","928","78.6%"
"442","HLE vs GEN","33:00","3658","Zeus","TOP","Ambessa","Victory","=""4/0/6""","9.6","692","71.4%"
"443","HLE vs GEN","33:01","1909","Canyon","JUNGLE","Xin Zhao","Victory","=""4/2/16""","6.2","750","74.1%"
"443","HLE vs GEN","33:01","1629","Chovy","MID","Ryze","Victory","=""9/1/11""","9.9","1452","74.1%"
"443","HLE vs GEN","33:01","3411","Delight","SUPPORT","Alistar","Defeat","=""0/7/10""","1.2","196","90.9%"
"443","HLE vs GEN","33:01","4259","Duro","SUPPORT","Blitzcrank","Victory","=""0/3/18""","1.1","289","66.7%"
"443","HLE vs GEN","33:01","1115","Kiin","TOP","Renekton","Victory","=""10/2/7""","7.1","618","63%"
"443","HLE vs GEN","33:01","392","Peanut","JUNGLE","Trundle","Defeat","=""0/4/7""","5.5","360","63.6%"
"443","HLE vs GEN","33:01","685","Ruler","ADC","Tristana","Victory","=""4/3/8""","9.9","684","44.4%"
"443","HLE vs GEN","33:01","1228","Viper","ADC","Kaisa","Defeat","=""11/3/0""","9.0","1006","100%"
"443","HLE vs GEN","33:01","2906","Zeka","MID","Cassiopeia","Defeat","=""0/6/9""","8.5","764","81.8%"
"443","HLE vs GEN","33:01","3658","Zeus","TOP","Gragas","Defeat","=""0/7/6""","7.0","451","54.5%"
"444","HLE vs GEN","33:08","1909","Canyon","JUNGLE","Wukong","Victory","=""6/1/15""","7.7","671","80.8%"
"444","HLE vs GEN","33:08","1629","Chovy","MID","Orianna","Victory","=""7/2/11""","8.9","822","69.2%"
"444","HLE vs GEN","33:08","3411","Delight","SUPPORT","Rell","Defeat","=""0/6/11""","1.1","131","84.6%"
"444","HLE vs GEN","33:08","4259","Duro","SUPPORT","Neeko","Victory","=""1/4/17""","1.0","337","69.2%"
"444","HLE vs GEN","33:08","1115","Kiin","TOP","Rumble","Victory","=""4/3/10""","6.8","891","53.8%"
"444","HLE vs GEN","33:08","392","Peanut","JUNGLE","Vi","Defeat","=""1/6/7""","5.8","158","61.5%"
"444","HLE vs GEN","33:08","685","Ruler","ADC","Corki","Victory","=""8/3/9""","10.0","686","65.4%"
"444","HLE vs GEN","33:08","1228","Viper","ADC","Yunara","Defeat","=""7/3/4""","9.5","702","84.6%"
"444","HLE vs GEN","33:08","2906","Zeka","MID","Taliyah","Defeat","=""5/3/8""","8.6","691","100%"
"444","HLE vs GEN","33:08","3658","Zeus","TOP","Gwen","Defeat","=""0/8/9""","7.5","662","69.2%"
"445","OK BRION vs DN Freecs","30:51","3322","Berserker","ADC","Kaisa","Victory","=""7/0/6""","9.8","681","76.5%"
"445","OK BRION vs DN Freecs","30:51","3974","Bulldog","MID","Orianna","Victory","=""2/1/10""","7.8","543","70.6%"
"445","OK BRION vs DN Freecs","30:51","3195","Clozer","MID","Annie","Defeat","=""0/3/0""","7.8","267","0%"
"445","OK BRION vs DN Freecs","30:51","2645","Croco","JUNGLE","Zed","Defeat","=""1/4/1""","6.8","480","100%"
"445","OK BRION vs DN Freecs","30:51","3082","DuDu","TOP","KSante","Victory","=""5/0/6""","8.3","633","64.7%"
"445","OK BRION vs DN Freecs","30:51","3694","Hype","ADC","Sivir","Defeat","=""1/3/0""","9.3","464","50%"
"445","OK BRION vs DN Freecs","30:51","1906","Life","SUPPORT","Alistar","Victory","=""1/1/11""","0.9","124","70.6%"
"445","OK BRION vs DN Freecs","30:51","2545","Morgan","TOP","Sion","Defeat","=""0/5/2""","7.7","586","100%"
"445","OK BRION vs DN Freecs","30:51","4865","Pollu","SUPPORT","Neeko","Defeat","=""0/2/1""","1.3","290","50%"
"445","OK BRION vs DN Freecs","30:51","2664","Pyosik","JUNGLE","Lee Sin","Victory","=""2/0/10""","7.6","416","70.6%"
"446","OK BRION vs DN Freecs","31:36","3322","Berserker","ADC","Corki","Victory","=""2/2/12""","10.0","608","82.4%"
"446","OK BRION vs DN Freecs","31:36","3974","Bulldog","MID","Ziggs","Victory","=""4/1/5""","10.2","1165","52.9%"
"446","OK BRION vs DN Freecs","31:36","3195","Clozer","MID","Azir","Defeat","=""3/2/2""","10.2","512","83.3%"
"446","OK BRION vs DN Freecs","31:36","2645","Croco","JUNGLE","Poppy","Defeat","=""2/5/1""","6.5","248","50%"
"446","OK BRION vs DN Freecs","31:36","3082","DuDu","TOP","Rumble","Victory","=""7/1/4""","7.1","923","64.7%"
"446","OK BRION vs DN Freecs","31:36","3694","Hype","ADC","Jhin","Defeat","=""1/1/3""","9.0","455","66.7%"
"446","OK BRION vs DN Freecs","31:36","1906","Life","SUPPORT","Rakan","Victory","=""2/2/14""","1.2","179","94.1%"
"446","OK BRION vs DN Freecs","31:36","2545","Morgan","TOP","Aurora","Defeat","=""0/4/3""","7.3","414","50%"
"446","OK BRION vs DN Freecs","31:36","4865","Pollu","SUPPORT","Bard","Defeat","=""0/5/5""","0.9","184","83.3%"
"446","OK BRION vs DN Freecs","31:36","2664","Pyosik","JUNGLE","Vi","Victory","=""2/0/12""","7.7","334","82.4%"
"447","OK BRION vs DN Freecs","41:12","3322","Berserker","ADC","Lucian","Defeat","=""4/1/8""","10.5","835","70.6%"
"447","OK BRION vs DN Freecs","41:12","3974","Bulldog","MID","Taliyah","Defeat","=""5/2/8""","7.9","1125","76.5%"
"447","OK BRION vs DN Freecs","41:12","3195","Clozer","MID","Yone","Victory","=""8/2/7""","9.6","798","71.4%"
"447","OK BRION vs DN Freecs","41:12","2645","Croco","JUNGLE","Maokai","Victory","=""4/3/15""","5.8","757","90.5%"
"447","OK BRION vs DN Freecs","41:12","3082","DuDu","TOP","Ambessa","Defeat","=""5/5/6""","7.5","732","64.7%"
"447","OK BRION vs DN Freecs","41:12","3694","Hype","ADC","Varus","Victory","=""4/4/15""","7.8","997","90.5%"
"447","OK BRION vs DN Freecs","41:12","1906","Life","SUPPORT","Rell","Defeat","=""0/7/13""","1.1","197","76.5%"
"447","OK BRION vs DN Freecs","41:12","2545","Morgan","TOP","Yorick","Victory","=""5/4/11""","7.8","769","76.2%"
"447","OK BRION vs DN Freecs","41:12","4865","Pollu","SUPPORT","Braum","Victory","=""0/4/19""","0.8","221","90.5%"
"447","OK BRION vs DN Freecs","41:12","2664","Pyosik","JUNGLE","Jarvan IV","Defeat","=""3/6/12""","5.3","354","88.2%"
"448","BNK FearX vs Dplus KIA","35:51","1328","Aiming","ADC","Zeri","Victory","=""6/6/14""","9.4","773","74.1%"
"448","BNK FearX vs Dplus KIA","35:51","2184","BeryL","SUPPORT","Lulu","Victory","=""4/4/17""","0.8","322","77.8%"
"448","BNK FearX vs Dplus KIA","35:51","3421","Clear","TOP","KSante","Defeat","=""6/5/5""","6.3","785","64.7%"
"448","BNK FearX vs Dplus KIA","35:51","4943","Diable","ADC","Kaisa","Defeat","=""7/5/5""","9.7","827","70.6%"
"448","BNK FearX vs Dplus KIA","35:51","1971","Kellin","SUPPORT","Neeko","Defeat","=""0/6/12""","0.9","481","70.6%"
"448","BNK FearX vs Dplus KIA","35:51","3895","Lucid","JUNGLE","Jarvan IV","Victory","=""5/4/20""","5.9","675","92.6%"
"448","BNK FearX vs Dplus KIA","35:51","4233","Raptor","JUNGLE","Nocturne","Defeat","=""2/4/12""","5.9","505","82.4%"
"448","BNK FearX vs Dplus KIA","35:51","1250","ShowMaker","MID","Ahri","Victory","=""10/1/11""","8.6","1118","77.8%"
"448","BNK FearX vs Dplus KIA","35:51","5392","Siwoo","TOP","Sion","Victory","=""2/2/8""","8.5","618","37%"
"448","BNK FearX vs Dplus KIA","35:51","3326","Vicla","MID","Taliyah","Defeat","=""2/7/9""","7.4","945","64.7%"
"449","BNK FearX vs Dplus KIA","35:58","1328","Aiming","ADC","Jhin","Victory","=""8/4/13""","8.8","1103","67.7%"
"449","BNK FearX vs Dplus KIA","35:58","2184","BeryL","SUPPORT","Rakan","Victory","=""3/2/24""","1.1","328","87.1%"
"449","BNK FearX vs Dplus KIA","35:58","3421","Clear","TOP","Rumble","Defeat","=""4/7/15""","6.0","957","86.4%"
"449","BNK FearX vs Dplus KIA","35:58","4943","Diable","ADC","Varus","Defeat","=""6/1/8""","9.4","1025","63.6%"
"449","BNK FearX vs Dplus KIA","35:58","1971","Kellin","SUPPORT","Alistar","Defeat","=""0/8/16""","1.0","225","72.7%"
"449","BNK FearX vs Dplus KIA","35:58","3895","Lucid","JUNGLE","Xin Zhao","Victory","=""12/4/16""","6.7","1328","90.3%"
"449","BNK FearX vs Dplus KIA","35:58","4233","Raptor","JUNGLE","Pantheon","Defeat","=""10/9/4""","5.2","866","63.6%"
"449","BNK FearX vs Dplus KIA","35:58","1250","ShowMaker","MID","Annie","Victory","=""1/4/15""","6.6","674","51.6%"
"449","BNK FearX vs Dplus KIA","35:58","5392","Siwoo","TOP","Gwen","Victory","=""7/8/9""","7.2","850","51.6%"
"449","BNK FearX vs Dplus KIA","35:58","3326","Vicla","MID","Galio","Defeat","=""2/6/11""","7.1","767","59.1%"
"450","KT Rolster vs T1","27:38","650","Bdd","MID","Annie","Victory","=""8/1/15""","6.8","917","82.1%"
"450","KT Rolster vs T1","27:38","983","Cuzz","JUNGLE","Wukong","Victory","=""7/0/9""","8.1","544","57.1%"
"450","KT Rolster vs T1","27:38","1242","Doran","TOP","Gwen","Defeat","=""2/6/1""","6.9","648","100%"
"450","KT Rolster vs T1","27:38","48","Faker","MID","Galio","Defeat","=""0/5/2""","7.7","310","66.7%"
"450","KT Rolster vs T1","27:38","3247","Gumayusi","ADC","Lucian","Defeat","=""1/4/1""","9.8","536","66.7%"
"450","KT Rolster vs T1","27:38","1258","Keria","SUPPORT","Braum","Defeat","=""0/7/0""","0.8","182","0%"
"450","KT Rolster vs T1","27:38","3741","Oner","JUNGLE","Pantheon","Defeat","=""0/6/0""","6.8","308","0%"
"450","KT Rolster vs T1","27:38","5122","PerfecT","TOP","Ambessa","Victory","=""9/0/7""","7.3","804","57.1%"
"450","KT Rolster vs T1","27:38","4260","Peter","SUPPORT","Nautilus","Victory","=""1/1/22""","1.0","255","82.1%"
"450","KT Rolster vs T1","27:38","2508","deokdam","ADC","Ziggs","Victory","=""3/1/10""","9.6","811","46.4%"
"451","KT Rolster vs T1","41:29","650","Bdd","MID","Taliyah","Victory","=""6/3/12""","7.9","888","94.7%"
"451","KT Rolster vs T1","41:29","983","Cuzz","JUNGLE","Trundle","Victory","=""2/2/9""","7.1","457","57.9%"
"451","KT Rolster vs T1","41:29","1242","Doran","TOP","Aurora","Defeat","=""6/3/4""","6.7","854","55.6%"
"451","KT Rolster vs T1","41:29","48","Faker","MID","Orianna","Defeat","=""4/6/9""","7.0","1012","72.2%"
"451","KT Rolster vs T1","41:29","3247","Gumayusi","ADC","Jhin","Defeat","=""1/3/7""","8.4","461","44.4%"
"451","KT Rolster vs T1","41:29","1258","Keria","SUPPORT","Rakan","Defeat","=""2/3/12""","1.2","152","77.8%"
"451","KT Rolster vs T1","41:29","3741","Oner","JUNGLE","Xin Zhao","Defeat","=""5/4/9""","6.9","556","77.8%"
"451","KT Rolster vs T1","41:29","5122","PerfecT","TOP","Rumble","Victory","=""4/2/8""","6.0","759","63.2%"
"451","KT Rolster vs T1","41:29","4260","Peter","SUPPORT","Leona","Victory","=""0/7/13""","1.1","220","68.4%"
"451","KT Rolster vs T1","41:29","2508","deokdam","ADC","Corki","Victory","=""7/4/7""","10.2","908","73.7%"
"452","DN Freecs vs BNK FearX","30:21","3322","Berserker","ADC","Zeri","Defeat","=""6/4/11""","8.6","974","89.5%"
"452","DN Freecs vs BNK FearX","30:21","3974","Bulldog","MID","Orianna","Defeat","=""5/5/8""","7.8","850","68.4%"
"452","DN Freecs vs BNK FearX","30:21","3421","Clear","TOP","Sion","Victory","=""5/3/16""","6.9","825","84%"
"452","DN Freecs vs BNK FearX","30:21","4943","Diable","ADC","Sivir","Victory","=""11/2/9""","9.0","1380","80%"
"452","DN Freecs vs BNK FearX","30:21","3082","DuDu","TOP","KSante","Defeat","=""4/7/4""","6.6","661","42.1%"
"452","DN Freecs vs BNK FearX","30:21","1971","Kellin","SUPPORT","Rakan","Victory","=""2/3/18""","0.9","343","80%"
"452","DN Freecs vs BNK FearX","30:21","1906","Life","SUPPORT","Alistar","Defeat","=""1/5/13""","0.8","273","73.7%"
"452","DN Freecs vs BNK FearX","30:21","2664","Pyosik","JUNGLE","Nocturne","Defeat","=""3/4/11""","6.4","569","73.7%"
"452","DN Freecs vs BNK FearX","30:21","4233","Raptor","JUNGLE","Jarvan IV","Victory","=""5/6/17""","5.7","574","88%"
"452","DN Freecs vs BNK FearX","30:21","3326","Vicla","MID","Ryze","Victory","=""2/5/14""","8.0","898","64%"
"453","DN Freecs vs BNK FearX","33:53","3322","Berserker","ADC","Corki","Defeat","=""5/2/6""","10.2","804","100%"
"453","DN Freecs vs BNK FearX","33:53","3974","Bulldog","MID","Aurora","Defeat","=""1/3/6""","8.1","669","63.6%"
"453","DN Freecs vs BNK FearX","33:53","3421","Clear","TOP","Renekton","Victory","=""2/1/11""","7.9","397","61.9%"
"453","DN Freecs vs BNK FearX","33:53","4943","Diable","ADC","Yunara","Victory","=""7/4/11""","9.6","987","85.7%"
"453","DN Freecs vs BNK FearX","33:53","3082","DuDu","TOP","Ambessa","Defeat","=""2/5/5""","7.8","524","63.6%"
"453","DN Freecs vs BNK FearX","33:53","1971","Kellin","SUPPORT","Lulu","Victory","=""1/1/19""","0.6","325","95.2%"
"453","DN Freecs vs BNK FearX","33:53","2664","Pyosik","JUNGLE","Wukong","Defeat","=""2/7/4""","5.0","207","54.5%"
"453","DN Freecs vs BNK FearX","33:53","5394","Quantum","SUPPORT","Neeko","Defeat","=""1/4/6""","0.9","478","63.6%"
"453","DN Freecs vs BNK FearX","33:53","4233","Raptor","JUNGLE","Xin Zhao","Victory","=""5/2/13""","7.1","623","85.7%"
"453","DN Freecs vs BNK FearX","33:53","3326","Vicla","MID","Annie","Victory","=""6/3/12""","7.2","981","85.7%"
"454","T1 vs HLE","27:30","3411","Delight","SUPPORT","Rell","Defeat","=""1/4/7""","1.8","152","88.9%"
"454","T1 vs HLE","27:30","1242","Doran","TOP","Renekton","Victory","=""2/1/11""","9.1","645","65%"
"454","T1 vs HLE","27:30","48","Faker","MID","Orianna","Victory","=""6/2/14""","8.4","769","100%"
"454","T1 vs HLE","27:30","3247","Gumayusi","ADC","Lucian","Victory","=""6/1/8""","9.9","742","70%"
"454","T1 vs HLE","27:30","1258","Keria","SUPPORT","Bard","Victory","=""2/1/16""","1.3","322","90%"
"454","T1 vs HLE","27:30","3741","Oner","JUNGLE","Nocturne","Victory","=""4/4/12""","6.9","477","80%"
"454","T1 vs HLE","27:30","392","Peanut","JUNGLE","Jarvan IV","Defeat","=""1/4/8""","5.8","264","100%"
"454","T1 vs HLE","27:30","1228","Viper","ADC","Jhin","Defeat","=""3/3/5""","9.3","474","88.9%"
"454","T1 vs HLE","27:30","2906","Zeka","MID","Akali","Defeat","=""2/5/5""","7.6","462","77.8%"
"454","T1 vs HLE","27:30","3658","Zeus","TOP","Ornn","Defeat","=""2/4/2""","8.1","637","44.4%"
"455","T1 vs HLE","27:54","3411","Delight","SUPPORT","Nautilus","Defeat","=""0/7/3""","1.5","134","60%"
"455","T1 vs HLE","27:54","1242","Doran","TOP","Rumble","Victory","=""9/0/13""","7.6","927","81.5%"
"455","T1 vs HLE","27:54","48","Faker","MID","Galio","Victory","=""1/0/20""","8.2","480","77.8%"
"455","T1 vs HLE","27:54","3247","Gumayusi","ADC","Sivir","Victory","=""6/2/11""","9.3","791","63%"
"455","T1 vs HLE","27:54","1258","Keria","SUPPORT","Poppy","Victory","=""0/1/20""","1.4","256","74.1%"
"455","T1 vs HLE","27:54","3741","Oner","JUNGLE","Wukong","Victory","=""11/2/10""","7.6","621","77.8%"
"455","T1 vs HLE","27:54","392","Peanut","JUNGLE","Vi","Defeat","=""0/6/3""","5.7","212","60%"
"455","T1 vs HLE","27:54","1228","Viper","ADC","Varus","Defeat","=""0/6/0""","9.2","342","0%"
"455","T1 vs HLE","27:54","2906","Zeka","MID","Annie","Defeat","=""2/4/1""","7.9","764","60%"
"455","T1 vs HLE","27:54","3658","Zeus","TOP","Ambessa","Defeat","=""3/4/2""","8.1","518","100%"
"456","T1 vs HLE","47:09","3411","Delight","SUPPORT","Alistar","Victory","=""1/7/16""","0.9","188","85%"
"456","T1 vs HLE","47:09","1242","Doran","TOP","Jax","Defeat","=""3/6/4""","7.5","581","35%"
"456","T1 vs HLE","47:09","48","Faker","MID","Ryze","Defeat","=""4/5/7""","8.7","604","55%"
"456","T1 vs HLE","47:09","3247","Gumayusi","ADC","Corki","Defeat","=""6/3/9""","9.7","1262","75%"
"456","T1 vs HLE","47:09","1258","Keria","SUPPORT","Rakan","Defeat","=""1/2/19""","1.1","237","100%"
"456","T1 vs HLE","47:09","3741","Oner","JUNGLE","Skarner","Defeat","=""6/4/13""","5.2","605","95%"
"456","T1 vs HLE","47:09","392","Peanut","JUNGLE","Xin Zhao","Victory","=""4/3/13""","6.3","545","85%"
"456","T1 vs HLE","47:09","1228","Viper","ADC","Ezreal","Victory","=""5/2/10""","10.4","1222","75%"
"456","T1 vs HLE","47:09","2906","Zeka","MID","Taliyah","Victory","=""5/3/11""","7.7","753","80%"
"456","T1 vs HLE","47:09","3658","Zeus","TOP","Gwen","Victory","=""5/5/10""","8.3","849","75%"
"457","Dplus KIA vs OK BRION","25:17","1328","Aiming","ADC","Jhin","Victory","=""2/0/8""","10.0","474","50%"
"457","Dplus KIA vs OK BRION","25:17","2184","BeryL","SUPPORT","Nautilus","Victory","=""1/3/12""","1.4","215","65%"
"457","Dplus KIA vs OK BRION","25:17","3195","Clozer","MID","Taliyah","Defeat","=""3/3/2""","8.5","491","100%"
"457","Dplus KIA vs OK BRION","25:17","2645","Croco","JUNGLE","Wukong","Defeat","=""0/5/4""","6.7","312","80%"
"457","Dplus KIA vs OK BRION","25:17","3694","Hype","ADC","Zeri","Defeat","=""2/4/2""","8.3","600","80%"
"457","Dplus KIA vs OK BRION","25:17","3895","Lucid","JUNGLE","Trundle","Victory","=""5/0/10""","7.0","556","75%"
"457","Dplus KIA vs OK BRION","25:17","2545","Morgan","TOP","Yorick","Defeat","=""0/4/1""","7.0","346","20%"
"457","Dplus KIA vs OK BRION","25:17","4865","Pollu","SUPPORT","Rakan","Defeat","=""0/4/4""","1.0","168","80%"
"457","Dplus KIA vs OK BRION","25:17","1250","ShowMaker","MID","Ahri","Victory","=""7/0/8""","8.5","576","75%"
"457","Dplus KIA vs OK BRION","25:17","5392","Siwoo","TOP","Rumble","Victory","=""5/2/8""","8.7","842","65%"
"458","Dplus KIA vs OK BRION","30:07","1328","Aiming","ADC","Corki","Victory","=""11/0/2""","10.6","783","61.9%"
"458","Dplus KIA vs OK BRION","30:07","2184","BeryL","SUPPORT","Bard","Victory","=""2/2/13""","1.2","444","71.4%"
"458","Dplus KIA vs OK BRION","30:07","3195","Clozer","MID","Orianna","Defeat","=""0/4/5""","9.0","453","71.4%"
"458","Dplus KIA vs OK BRION","30:07","2645","Croco","JUNGLE","Pantheon","Defeat","=""1/4/4""","6.4","369","71.4%"
"458","Dplus KIA vs OK BRION","30:07","3694","Hype","ADC","Sivir","Defeat","=""4/3/2""","9.5","749","85.7%"
"458","Dplus KIA vs OK BRION","30:07","3895","Lucid","JUNGLE","Jarvan IV","Victory","=""3/1/17""","6.8","438","95.2%"
"458","Dplus KIA vs OK BRION","30:07","2545","Morgan","TOP","Ambessa","Defeat","=""0/4/4""","7.7","317","57.1%"
"458","Dplus KIA vs OK BRION","30:07","4865","Pollu","SUPPORT","Rell","Defeat","=""2/6/4""","1.0","180","85.7%"
"458","Dplus KIA vs OK BRION","30:07","1250","ShowMaker","MID","Annie","Victory","=""0/2/12""","8.5","675","57.1%"
"458","Dplus KIA vs OK BRION","30:07","5392","Siwoo","TOP","Aurora","Victory","=""5/2/9""","8.2","796","66.7%"
"459","GEN vs KT Rolster","29:27","650","Bdd","MID","Ahri","Defeat","=""3/2/4""","8.1","565","77.8%"
"459","GEN vs KT Rolster","29:27","1909","Canyon","JUNGLE","Xin Zhao","Victory","=""2/2/13""","6.4","464","71.4%"
"459","GEN vs KT Rolster","29:27","1629","Chovy","MID","Taliyah","Victory","=""8/1/8""","10.8","972","76.2%"
"459","GEN vs KT Rolster","29:27","983","Cuzz","JUNGLE","Jarvan IV","Defeat","=""1/5/6""","6.1","373","77.8%"
"459","GEN vs KT Rolster","29:27","4259","Duro","SUPPORT","Rakan","Victory","=""0/3/15""","1.1","196","71.4%"
"459","GEN vs KT Rolster","29:27","1115","Kiin","TOP","Sion","Victory","=""4/3/13""","7.5","745","81%"
"459","GEN vs KT Rolster","29:27","5122","PerfecT","TOP","KSante","Defeat","=""1/3/3""","7.2","423","44.4%"
"459","GEN vs KT Rolster","29:27","4260","Peter","SUPPORT","Alistar","Defeat","=""0/8/6""","0.7","122","66.7%"
"459","GEN vs KT Rolster","29:27","685","Ruler","ADC","Corki","Victory","=""7/0/3""","9.5","950","47.6%"
"459","GEN vs KT Rolster","29:27","2508","deokdam","ADC","Yunara","Defeat","=""4/3/3""","9.5","1002","77.8%"
"460","GEN vs KT Rolster","36:22","650","Bdd","MID","Ryze","Defeat","=""2/3/1""","9.6","279","50%"
"460","GEN vs KT Rolster","36:22","1909","Canyon","JUNGLE","Wukong","Victory","=""3/1/7""","7.5","283","62.5%"
"460","GEN vs KT Rolster","36:22","1629","Chovy","MID","Orianna","Victory","=""3/2/7""","8.2","574","62.5%"
"460","GEN vs KT Rolster","36:22","983","Cuzz","JUNGLE","Trundle","Defeat","=""3/3/2""","6.6","147","83.3%"
"460","GEN vs KT Rolster","36:22","4259","Duro","SUPPORT","Pyke","Victory","=""4/2/5""","1.2","266","56.2%"
"460","GEN vs KT Rolster","36:22","1115","Kiin","TOP","Aurora","Victory","=""0/1/8""","7.8","666","50%"
"460","GEN vs KT Rolster","36:22","5122","PerfecT","TOP","Rumble","Defeat","=""0/3/4""","5.4","416","66.7%"
"460","GEN vs KT Rolster","36:22","4260","Peter","SUPPORT","Bard","Defeat","=""1/5/3""","0.8","187","66.7%"
"460","GEN vs KT Rolster","36:22","685","Ruler","ADC","Jhin","Victory","=""6/1/5""","9.6","744","68.8%"
"460","GEN vs KT Rolster","36:22","2508","deokdam","ADC","Ezreal","Defeat","=""0/2/3""","9.0","605","50%"
"461","BNK FearX vs DRX","28:16","4938","Andil","SUPPORT","Braum","Defeat","=""0/6/10""","0.7","238","100%"
"461","BNK FearX vs DRX","28:16","3421","Clear","TOP","Jax","Victory","=""2/2/7""","8.6","416","45%"
"461","BNK FearX vs DRX","28:16","4943","Diable","ADC","Xayah","Victory","=""5/1/11""","10.8","599","80%"
"461","BNK FearX vs DRX","28:16","1971","Kellin","SUPPORT","Rakan","Victory","=""0/5/19""","0.9","195","95%"
"461","BNK FearX vs DRX","28:16","5264","Kyeahoo","MID","Taliyah","Defeat","=""5/3/4""","7.5","723","90%"
"461","BNK FearX vs DRX","28:16","4233","Raptor","JUNGLE","Pantheon","Victory","=""4/2/11""","5.9","465","75%"
"461","BNK FearX vs DRX","28:16","1613","Rich","TOP","Ambessa","Defeat","=""3/3/4""","8.0","682","70%"
"461","BNK FearX vs DRX","28:16","4753","Sponge","JUNGLE","Jarvan IV","Defeat","=""0/3/9""","5.8","247","90%"
"461","BNK FearX vs DRX","28:16","799","Teddy","ADC","Lucian","Defeat","=""2/5/7""","8.7","451","90%"
"461","BNK FearX vs DRX","28:16","3326","Vicla","MID","Akali","Victory","=""9/0/7""","8.3","781","80%"
"462","BNK FearX vs DRX","31:59","4938","Andil","SUPPORT","Alistar","Defeat","=""1/6/11""","0.5","206","80%"
"462","BNK FearX vs DRX","31:59","3421","Clear","TOP","Sion","Victory","=""4/2/15""","7.1","719","79.2%"
"462","BNK FearX vs DRX","31:59","4943","Diable","ADC","Kalista","Victory","=""14/4/3""","9.2","1136","70.8%"
"462","BNK FearX vs DRX","31:59","1971","Kellin","SUPPORT","Renata Glasc","Victory","=""0/4/17""","1.1","197","70.8%"
"462","BNK FearX vs DRX","31:59","5264","Kyeahoo","MID","Azir","Defeat","=""5/5/6""","7.8","1522","73.3%"
"462","BNK FearX vs DRX","31:59","4233","Raptor","JUNGLE","Sylas","Victory","=""2/3/20""","5.3","656","91.7%"
"462","BNK FearX vs DRX","31:59","1613","Rich","TOP","KSante","Defeat","=""0/4/11""","7.2","732","73.3%"
"462","BNK FearX vs DRX","31:59","4753","Sponge","JUNGLE","Lee Sin","Defeat","=""2/6/5""","6.2","504","46.7%"
"462","BNK FearX vs DRX","31:59","799","Teddy","ADC","Jhin","Defeat","=""7/3/7""","8.0","917","93.3%"
"462","BNK FearX vs DRX","31:59","3326","Vicla","MID","Yone","Victory","=""4/2/13""","8.3","764","70.8%"
"463","BNK FearX vs DRX","32:02","4938","Andil","SUPPORT","Bard","Victory","=""0/2/13""","0.9","238","76.5%"
"463","BNK FearX vs DRX","32:02","3421","Clear","TOP","Rumble","Defeat","=""0/4/6""","7.0","505","54.5%"
"463","BNK FearX vs DRX","32:02","4943","Diable","ADC","Sivir","Defeat","=""0/1/7""","12.0","706","63.6%"
"463","BNK FearX vs DRX","32:02","1971","Kellin","SUPPORT","Neeko","Defeat","=""0/5/8""","0.8","375","72.7%"
"463","BNK FearX vs DRX","32:02","5264","Kyeahoo","MID","Orianna","Victory","=""2/0/8""","10.1","716","58.8%"
"463","BNK FearX vs DRX","32:02","4233","Raptor","JUNGLE","Wukong","Defeat","=""10/4/1""","6.4","498","100%"
"463","BNK FearX vs DRX","32:02","1613","Rich","TOP","Gwen","Victory","=""7/3/6""","7.8","770","76.5%"
"463","BNK FearX vs DRX","32:02","4753","Sponge","JUNGLE","Xin Zhao","Victory","=""2/4/5""","6.6","468","41.2%"
"463","BNK FearX vs DRX","32:02","799","Teddy","ADC","Corki","Victory","=""6/2/3""","10.3","629","52.9%"
"463","BNK FearX vs DRX","32:02","3326","Vicla","MID","Ryze","Defeat","=""1/3/6""","9.2","576","63.6%"
"464","HLE vs NS","26:22","5058","Calix","MID","Akali","Defeat","=""7/2/2""","7.3","614","81.8%"
"464","HLE vs NS","26:22","3411","Delight","SUPPORT","Leona","Victory","=""2/3/19""","1.2","299","77.8%"
"464","HLE vs NS","26:22","3327","GIDEON","JUNGLE","Vi","Defeat","=""0/6/9""","6.0","253","81.8%"
"464","HLE vs NS","26:22","4755","Jiwoo","ADC","Varus","Defeat","=""1/7/5""","7.8","491","54.5%"
"464","HLE vs NS","26:22","738","Lehends","SUPPORT","Elise","Defeat","=""2/7/2""","1.2","259","36.4%"
"464","HLE vs NS","26:22","392","Peanut","JUNGLE","Sejuani","Victory","=""6/1/16""","7.1","518","81.5%"
"464","HLE vs NS","26:22","1228","Viper","ADC","Sivir","Victory","=""6/0/16""","9.6","1006","81.5%"
"464","HLE vs NS","26:22","2906","Zeka","MID","Taliyah","Victory","=""9/4/7""","8.0","784","59.3%"
"464","HLE vs NS","26:22","3658","Zeus","TOP","Ambessa","Victory","=""4/3/10""","7.7","980","51.9%"
"464","HLE vs NS","26:22","1229","kingen","TOP","Aatrox","Defeat","=""1/5/3""","8.3","590","36.4%"
"465","HLE vs NS","34:22","5058","Calix","MID","Orianna","Defeat","=""3/3/3""","7.5","420","50%"
"465","HLE vs NS","34:22","3411","Delight","SUPPORT","Rakan","Victory","=""1/2/14""","0.8","219","68.2%"
"465","HLE vs NS","34:22","3327","GIDEON","JUNGLE","Xin Zhao","Defeat","=""4/4/7""","6.2","458","91.7%"
"465","HLE vs NS","34:22","4755","Jiwoo","ADC","Jhin","Defeat","=""3/3/6""","7.4","682","75%"
"465","HLE vs NS","34:22","738","Lehends","SUPPORT","Maokai","Defeat","=""0/5/6""","1.4","281","50%"
"465","HLE vs NS","34:22","392","Peanut","JUNGLE","Wukong","Victory","=""7/1/5""","6.5","466","54.5%"
"465","HLE vs NS","34:22","1228","Viper","ADC","Corki","Victory","=""9/3/5""","8.9","1111","63.6%"
"465","HLE vs NS","34:22","2906","Zeka","MID","Aurora","Victory","=""3/2/9""","7.8","674","54.5%"
"465","HLE vs NS","34:22","3658","Zeus","TOP","Rumble","Victory","=""2/4/15""","6.7","946","77.3%"
"465","HLE vs NS","34:22","1229","kingen","TOP","Gwen","Defeat","=""2/7/4""","7.3","886","50%"
"466","DN Freecs vs Dplus KIA","28:21","1328","Aiming","ADC","Jhin","Defeat","=""2/3/0""","9.4","733","100%"
"466","DN Freecs vs Dplus KIA","28:21","3322","Berserker","ADC","Yunara","Victory","=""10/0/7""","11.0","1110","81%"
"466","DN Freecs vs Dplus KIA","28:21","2184","BeryL","SUPPORT","Bard","Defeat","=""0/5/2""","1.2","430","100%"
"466","DN Freecs vs Dplus KIA","28:21","3974","Bulldog","MID","Galio","Victory","=""3/1/14""","9.2","497","81%"
"466","DN Freecs vs Dplus KIA","28:21","3082","DuDu","TOP","Aatrox","Victory","=""1/1/8""","8.7","598","42.9%"
"466","DN Freecs vs Dplus KIA","28:21","1906","Life","SUPPORT","Alistar","Victory","=""0/0/18""","0.8","239","85.7%"
"466","DN Freecs vs Dplus KIA","28:21","3895","Lucid","JUNGLE","Xin Zhao","Defeat","=""0/6/1""","6.7","384","50%"
"466","DN Freecs vs Dplus KIA","28:21","2664","Pyosik","JUNGLE","Lee Sin","Victory","=""7/0/13""","6.7","642","95.2%"
"466","DN Freecs vs Dplus KIA","28:21","1250","ShowMaker","MID","Annie","Defeat","=""0/4/1""","7.9","567","50%"
"466","DN Freecs vs Dplus KIA","28:21","5392","Siwoo","TOP","Ambessa","Defeat","=""0/3/2""","8.8","778","100%"
"467","DN Freecs vs Dplus KIA","32:10","1328","Aiming","ADC","Lucian","Victory","=""3/1/8""","11.4","913","78.6%"
"467","DN Freecs vs Dplus KIA","32:10","3322","Berserker","ADC","Corki","Defeat","=""4/2/2""","9.4","668","75%"
"467","DN Freecs vs Dplus KIA","32:10","2184","BeryL","SUPPORT","Braum","Victory","=""1/2/12""","0.9","312","92.9%"
"467","DN Freecs vs Dplus KIA","32:10","3974","Bulldog","MID","Ryze","Defeat","=""2/4/4""","8.5","594","75%"
"467","DN Freecs vs Dplus KIA","32:10","3082","DuDu","TOP","KSante","Defeat","=""0/2/4""","7.9","562","50%"
"467","DN Freecs vs Dplus KIA","32:10","1906","Life","SUPPORT","Rell","Defeat","=""0/4/6""","0.7","134","75%"
"467","DN Freecs vs Dplus KIA","32:10","3895","Lucid","JUNGLE","Vi","Victory","=""3/2/9""","7.3","363","85.7%"
"467","DN Freecs vs Dplus KIA","32:10","2664","Pyosik","JUNGLE","Kindred","Defeat","=""2/2/5""","6.8","501","87.5%"
"467","DN Freecs vs Dplus KIA","32:10","1250","ShowMaker","MID","Ahri","Victory","=""4/1/7""","9.1","676","78.6%"
"467","DN Freecs vs Dplus KIA","32:10","5392","Siwoo","TOP","Renekton","Victory","=""3/2/3""","8.2","493","42.9%"
"468","DN Freecs vs Dplus KIA","38:41","1328","Aiming","ADC","Kaisa","Victory","=""12/0/6""","11.8","764","94.7%"
"468","DN Freecs vs Dplus KIA","38:41","3322","Berserker","ADC","Sivir","Defeat","=""6/4/4""","10.1","994","100%"
"468","DN Freecs vs Dplus KIA","38:41","2184","BeryL","SUPPORT","Neeko","Victory","=""1/5/14""","1.2","273","78.9%"
"468","DN Freecs vs Dplus KIA","38:41","3974","Bulldog","MID","Taliyah","Defeat","=""2/3/6""","9.0","347","80%"
"468","DN Freecs vs Dplus KIA","38:41","3082","DuDu","TOP","Rumble","Defeat","=""0/3/3""","7.5","608","30%"
"468","DN Freecs vs Dplus KIA","38:41","1906","Life","SUPPORT","Karma","Defeat","=""0/4/10""","0.8","222","100%"
"468","DN Freecs vs Dplus KIA","38:41","3895","Lucid","JUNGLE","Jarvan IV","Victory","=""0/2/17""","6.5","351","89.5%"
"468","DN Freecs vs Dplus KIA","38:41","2664","Pyosik","JUNGLE","Wukong","Defeat","=""2/5/6""","5.9","336","80%"
"468","DN Freecs vs Dplus KIA","38:41","1250","ShowMaker","MID","Orianna","Victory","=""3/1/15""","9.8","868","94.7%"
"468","DN Freecs vs Dplus KIA","38:41","5392","Siwoo","TOP","Ornn","Victory","=""3/2/9""","7.2","376","63.2%"
"469","T1 vs GEN","23:49","1909","Canyon","JUNGLE","Pantheon","Victory","=""1/1/6""","7.5","251","28%"
"469","T1 vs GEN","23:49","1629","Chovy","MID","Galio","Victory","=""3/0/11""","10.0","549","56%"
"469","T1 vs GEN","23:49","1242","Doran","TOP","Rumble","Defeat","=""3/6/2""","7.6","588","71.4%"
"469","T1 vs GEN","23:49","4259","Duro","SUPPORT","Rell","Victory","=""1/2/23""","0.9","256","96%"
"469","T1 vs GEN","23:49","48","Faker","MID","Ryze","Defeat","=""2/2/1""","10.0","553","42.9%"
"469","T1 vs GEN","23:49","3247","Gumayusi","ADC","Sivir","Defeat","=""0/7/4""","8.5","523","57.1%"
"469","T1 vs GEN","23:49","1258","Keria","SUPPORT","Renata Glasc","Defeat","=""0/6/5""","1.2","357","71.4%"
"469","T1 vs GEN","23:49","1115","Kiin","TOP","Gwen","Victory","=""5/2/11""","9.5","957","64%"
"469","T1 vs GEN","23:49","3741","Oner","JUNGLE","Trundle","Defeat","=""2/4/4""","6.3","443","85.7%"
"469","T1 vs GEN","23:49","685","Ruler","ADC","Zeri","Victory","=""15/2/4""","10.5","1258","76%"
"470","T1 vs GEN","33:23","1909","Canyon","JUNGLE","Wukong","Victory","=""5/0/8""","7.9","413","72.2%"
"470","T1 vs GEN","33:23","1629","Chovy","MID","Annie","Victory","=""7/3/10""","8.9","1099","94.4%"
"470","T1 vs GEN","33:23","1242","Doran","TOP","Yorick","Defeat","=""0/3/0""","8.2","525","0%"
"470","T1 vs GEN","33:23","4259","Duro","SUPPORT","Rakan","Victory","=""0/0/17""","1.2","189","94.4%"
"470","T1 vs GEN","33:23","48","Faker","MID","Viktor","Defeat","=""2/2/1""","10.1","678","100%"
"470","T1 vs GEN","33:23","3247","Gumayusi","ADC","Yunara","Defeat","=""0/4/1""","9.4","473","33.3%"
"470","T1 vs GEN","33:23","1258","Keria","SUPPORT","Tahm Kench","Defeat","=""0/4/2""","0.8","138","66.7%"
"470","T1 vs GEN","33:23","1115","Kiin","TOP","KSante","Victory","=""3/0/7""","9.2","388","55.6%"
"470","T1 vs GEN","33:23","3741","Oner","JUNGLE","Skarner","Defeat","=""1/5/1""","5.9","178","66.7%"
"470","T1 vs GEN","33:23","685","Ruler","ADC","Jhin","Victory","=""3/0/8""","10.8","672","61.1%"
"471","T1 vs GEN","39:41","1909","Canyon","JUNGLE","Vi","Defeat","=""3/6/10""","6.2","320","68.4%"
"471","T1 vs GEN","39:41","1629","Chovy","MID","Aurora","Defeat","=""5/3/9""","8.6","849","73.7%"
"471","T1 vs GEN","39:41","1242","Doran","TOP","Renekton","Victory","=""5/5/6""","7.7","571","57.9%"
"471","T1 vs GEN","39:41","4259","Duro","SUPPORT","Neeko","Defeat","=""2/1/15""","0.9","350","89.5%"
"471","T1 vs GEN","39:41","48","Faker","MID","Orianna","Victory","=""3/0/10""","8.2","996","68.4%"
"471","T1 vs GEN","39:41","3247","Gumayusi","ADC","Corki","Victory","=""6/5/9""","9.1","1053","78.9%"
"471","T1 vs GEN","39:41","1258","Keria","SUPPORT","Poppy","Victory","=""0/6/11""","1.4","177","57.9%"
"471","T1 vs GEN","39:41","1115","Kiin","TOP","Sion","Defeat","=""0/4/11""","7.4","599","57.9%"
"471","T1 vs GEN","39:41","3741","Oner","JUNGLE","Xin Zhao","Victory","=""5/3/9""","6.8","563","73.7%"
"471","T1 vs GEN","39:41","685","Ruler","ADC","Kaisa","Defeat","=""9/5/8""","10.2","1011","89.5%"
"472","DRX vs OK BRION","28:52","4938","Andil","SUPPORT","Braum","Defeat","=""0/6/2""","0.9","242","66.7%"
"472","DRX vs OK BRION","28:52","3195","Clozer","MID","Orianna","Victory","=""3/0/18""","8.9","763","84%"
"472","DRX vs OK BRION","28:52","2645","Croco","JUNGLE","Jarvan IV","Victory","=""2/0/21""","7.3","592","92%"
"472","DRX vs OK BRION","28:52","3694","Hype","ADC","Corki","Victory","=""12/1/10""","8.7","836","88%"
"472","DRX vs OK BRION","28:52","5264","Kyeahoo","MID","Annie","Defeat","=""0/6/2""","7.7","607","66.7%"
"472","DRX vs OK BRION","28:52","2545","Morgan","TOP","Ambessa","Victory","=""8/1/5""","9.4","718","52%"
"472","DRX vs OK BRION","28:52","4865","Pollu","SUPPORT","Rakan","Victory","=""0/1/22""","1.2","198","88%"
"472","DRX vs OK BRION","28:52","1613","Rich","TOP","Gwen","Defeat","=""0/5/2""","7.6","451","66.7%"
"472","DRX vs OK BRION","28:52","4753","Sponge","JUNGLE","Pantheon","Defeat","=""2/5/1""","5.6","509","100%"
"472","DRX vs OK BRION","28:52","799","Teddy","ADC","Lucian","Defeat","=""1/3/0""","10.3","581","33.3%"
"473","DRX vs OK BRION","30:33","4938","Andil","SUPPORT","Leona","Victory","=""0/2/15""","1.2","192","83.3%"
"473","DRX vs OK BRION","30:33","3195","Clozer","MID","Ahri","Defeat","=""1/2/1""","8.6","360","66.7%"
"473","DRX vs OK BRION","30:33","2645","Croco","JUNGLE","Vi","Defeat","=""0/5/2""","6.3","233","66.7%"
"473","DRX vs OK BRION","30:33","3694","Hype","ADC","Zeri","Defeat","=""1/4/1""","11.0","478","66.7%"
"473","DRX vs OK BRION","30:33","5264","Kyeahoo","MID","Azir","Victory","=""3/0/12""","8.6","735","83.3%"
"473","DRX vs OK BRION","30:33","2545","Morgan","TOP","Rumble","Defeat","=""1/3/2""","7.3","579","100%"
"473","DRX vs OK BRION","30:33","4865","Pollu","SUPPORT","Nautilus","Defeat","=""0/4/0""","0.9","157","0%"
"473","DRX vs OK BRION","30:33","1613","Rich","TOP","Galio","Victory","=""1/1/14""","5.7","351","83.3%"
"473","DRX vs OK BRION","30:33","4753","Sponge","JUNGLE","Xin Zhao","Victory","=""5/0/12""","6.8","493","94.4%"
"473","DRX vs OK BRION","30:33","799","Teddy","ADC","Sivir","Victory","=""9/0/8""","10.7","714","94.4%"
"474","DRX vs OK BRION","45:02","4938","Andil","SUPPORT","Poppy","Defeat","=""1/4/10""","1.0","197","64.7%"
"474","DRX vs OK BRION","45:02","3195","Clozer","MID","Ryze","Victory","=""4/4/6""","8.7","457","55.6%"
"474","DRX vs OK BRION","45:02","2645","Croco","JUNGLE","Trundle","Victory","=""6/3/7""","6.0","332","72.2%"
"474","DRX vs OK BRION","45:02","3694","Hype","ADC","Jhin","Victory","=""4/3/10""","9.4","700","77.8%"
"474","DRX vs OK BRION","45:02","5264","Kyeahoo","MID","Aurora","Defeat","=""5/2/6""","8.9","728","64.7%"
"474","DRX vs OK BRION","45:02","2545","Morgan","TOP","Yorick","Victory","=""2/3/10""","7.9","652","66.7%"
"474","DRX vs OK BRION","45:02","4865","Pollu","SUPPORT","Maokai","Victory","=""2/4/14""","0.8","306","88.9%"
"474","DRX vs OK BRION","45:02","1613","Rich","TOP","Jax","Defeat","=""5/3/7""","8.0","539","70.6%"
"474","DRX vs OK BRION","45:02","4753","Sponge","JUNGLE","Wukong","Defeat","=""2/6/11""","6.0","476","76.5%"
"474","DRX vs OK BRION","45:02","799","Teddy","ADC","Kaisa","Defeat","=""4/3/9""","9.9","634","76.5%"
"475","NS vs KT Rolster","28:45","650","Bdd","MID","Annie","Victory","=""3/3/18""","6.5","660","70%"
"475","NS vs KT Rolster","28:45","5058","Calix","MID","Orianna","Defeat","=""3/4/6""","7.9","537","81.8%"
"475","NS vs KT Rolster","28:45","983","Cuzz","JUNGLE","Xin Zhao","Victory","=""5/3/19""","6.8","807","80%"
"475","NS vs KT Rolster","28:45","3327","GIDEON","JUNGLE","Nocturne","Defeat","=""1/9/5""","4.7","312","54.5%"
"475","NS vs KT Rolster","28:45","4755","Jiwoo","ADC","Sivir","Defeat","=""4/6/6""","8.4","1099","90.9%"
"475","NS vs KT Rolster","28:45","738","Lehends","SUPPORT","Maokai","Defeat","=""1/5/10""","1.1","379","100%"
"475","NS vs KT Rolster","28:45","5122","PerfecT","TOP","Ambessa","Victory","=""4/1/7""","8.3","665","36.7%"
"475","NS vs KT Rolster","28:45","4260","Peter","SUPPORT","Rakan","Victory","=""0/2/24""","1.0","257","80%"
"475","NS vs KT Rolster","28:45","2508","deokdam","ADC","Kaisa","Victory","=""18/2/4""","9.5","1124","73.3%"
"475","NS vs KT Rolster","28:45","1229","kingen","TOP","Gwen","Defeat","=""2/6/6""","5.5","514","72.7%"
"476","NS vs KT Rolster","32:19","650","Bdd","MID","Ryze","Victory","=""1/1/10""","11.8","599","64.7%"
"476","NS vs KT Rolster","32:19","5058","Calix","MID","Galio","Defeat","=""1/4/6""","8.7","374","77.8%"
"476","NS vs KT Rolster","32:19","983","Cuzz","JUNGLE","Jarvan IV","Victory","=""8/1/8""","7.6","547","94.1%"
"476","NS vs KT Rolster","32:19","3327","GIDEON","JUNGLE","Wukong","Defeat","=""4/5/4""","6.1","363","88.9%"
"476","NS vs KT Rolster","32:19","4755","Jiwoo","ADC","Jhin","Defeat","=""2/3/4""","9.2","681","66.7%"
"476","NS vs KT Rolster","32:19","738","Lehends","SUPPORT","Poppy","Defeat","=""0/3/5""","1.1","164","55.6%"
"476","NS vs KT Rolster","32:19","5122","PerfecT","TOP","Rumble","Victory","=""6/3/7""","7.6","632","76.5%"
"476","NS vs KT Rolster","32:19","4260","Peter","SUPPORT","Alistar","Victory","=""0/2/11""","1.3","91","64.7%"
"476","NS vs KT Rolster","32:19","2508","deokdam","ADC","Ezreal","Victory","=""2/2/8""","9.7","704","58.8%"
"476","NS vs KT Rolster","32:19","1229","kingen","TOP","Aurora","Defeat","=""2/2/4""","8.1","658","66.7%"
"477","T1 vs Dplus KIA","28:03","1328","Aiming","ADC","Lucian","Defeat","=""1/5/5""","8.6","457","66.7%"
"477","T1 vs Dplus KIA","28:03","2184","BeryL","SUPPORT","Braum","Defeat","=""1/7/4""","1.1","229","55.6%"
"477","T1 vs Dplus KIA","28:03","1242","Doran","TOP","Rumble","Victory","=""5/2/7""","7.3","459","44.4%"
"477","T1 vs Dplus KIA","28:03","48","Faker","MID","Akali","Victory","=""6/1/8""","7.7","759","51.9%"
"477","T1 vs Dplus KIA","28:03","3247","Gumayusi","ADC","Sivir","Victory","=""9/3/10""","10.1","1095","70.4%"
"477","T1 vs Dplus KIA","28:03","1258","Keria","SUPPORT","Leona","Victory","=""1/3/24""","1.2","391","92.6%"
"477","T1 vs Dplus KIA","28:03","3895","Lucid","JUNGLE","Sejuani","Defeat","=""0/7/7""","5.1","334","77.8%"
"477","T1 vs Dplus KIA","28:03","3741","Oner","JUNGLE","Xin Zhao","Victory","=""6/0/9""","8.0","596","55.6%"
"477","T1 vs Dplus KIA","28:03","1250","ShowMaker","MID","Yone","Defeat","=""4/4/2""","7.8","522","66.7%"
"477","T1 vs Dplus KIA","28:03","5392","Siwoo","TOP","Aurora","Defeat","=""3/4/3""","7.3","523","66.7%"
"478","T1 vs Dplus KIA","28:54","1328","Aiming","ADC","Smolder","Defeat","=""1/3/2""","9.8","730","42.9%"
"478","T1 vs Dplus KIA","28:54","2184","BeryL","SUPPORT","Poppy","Defeat","=""0/4/6""","1.1","323","85.7%"
"478","T1 vs Dplus KIA","28:54","1242","Doran","TOP","Renekton","Victory","=""0/4/4""","8.3","496","28.6%"
"478","T1 vs Dplus KIA","28:54","48","Faker","MID","Viktor","Victory","=""5/1/7""","9.3","819","85.7%"
"478","T1 vs Dplus KIA","28:54","3247","Gumayusi","ADC","Xayah","Victory","=""5/0/6""","11.1","694","78.6%"
"478","T1 vs Dplus KIA","28:54","1258","Keria","SUPPORT","Blitzcrank","Victory","=""2/0/9""","0.9","202","78.6%"
"478","T1 vs Dplus KIA","28:54","3895","Lucid","JUNGLE","Ivern","Defeat","=""1/3/4""","5.0","197","71.4%"
"478","T1 vs Dplus KIA","28:54","3741","Oner","JUNGLE","Trundle","Victory","=""2/2/11""","6.4","269","92.9%"
"478","T1 vs Dplus KIA","28:54","1250","ShowMaker","MID","Tryndamere","Defeat","=""0/2/4""","8.0","222","57.1%"
"478","T1 vs Dplus KIA","28:54","5392","Siwoo","TOP","Gwen","Defeat","=""5/2/0""","7.6","669","71.4%"
"479","T1 vs Dplus KIA","31:27","1328","Aiming","ADC","Ziggs","Victory","=""4/0/8""","10.1","1017","92.3%"
"479","T1 vs Dplus KIA","31:27","2184","BeryL","SUPPORT","Nautilus","Victory","=""0/3/10""","1.1","166","76.9%"
"479","T1 vs Dplus KIA","31:27","1242","Doran","TOP","Sion","Defeat","=""1/3/3""","7.8","386","57.1%"
"479","T1 vs Dplus KIA","31:27","48","Faker","MID","Taliyah","Defeat","=""1/3/2""","9.0","455","42.9%"
"479","T1 vs Dplus KIA","31:27","3247","Gumayusi","ADC","Aphelios","Defeat","=""4/1/1""","10.0","398","71.4%"
"479","T1 vs Dplus KIA","31:27","1258","Keria","SUPPORT","Thresh","Defeat","=""1/2/4""","1.3","107","71.4%"
"479","T1 vs Dplus KIA","31:27","3895","Lucid","JUNGLE","Maokai","Victory","=""0/2/11""","6.3","561","84.6%"
"479","T1 vs Dplus KIA","31:27","3741","Oner","JUNGLE","Vi","Defeat","=""0/4/6""","7.3","181","85.7%"
"479","T1 vs Dplus KIA","31:27","1250","ShowMaker","MID","Tristana","Victory","=""6/0/4""","8.6","449","76.9%"
"479","T1 vs Dplus KIA","31:27","5392","Siwoo","TOP","Gnar","Victory","=""3/2/3""","9.2","593","46.2%"
"480","T1 vs Dplus KIA","34:25","1328","Aiming","ADC","Ezreal","Victory","=""3/4/11""","9.6","683","82.4%"
"480","T1 vs Dplus KIA","34:25","2184","BeryL","SUPPORT","Bard","Victory","=""0/2/14""","1.5","199","82.4%"
"480","T1 vs Dplus KIA","34:25","1242","Doran","TOP","Aatrox","Defeat","=""1/3/1""","8.8","514","28.6%"
"480","T1 vs Dplus KIA","34:25","48","Faker","MID","Galio","Defeat","=""0/3/4""","9.5","398","57.1%"
"480","T1 vs Dplus KIA","34:25","3247","Gumayusi","ADC","Jhin","Defeat","=""2/4/2""","9.6","534","57.1%"
"480","T1 vs Dplus KIA","34:25","1258","Keria","SUPPORT","Neeko","Defeat","=""0/4/3""","1.2","240","42.9%"
"480","T1 vs Dplus KIA","34:25","3895","Lucid","JUNGLE","Jarvan IV","Victory","=""1/1/15""","7.1","302","94.1%"
"480","T1 vs Dplus KIA","34:25","3741","Oner","JUNGLE","Pantheon","Defeat","=""4/3/2""","6.8","432","85.7%"
"480","T1 vs Dplus KIA","34:25","1250","ShowMaker","MID","Orianna","Victory","=""8/0/6""","10.0","685","82.4%"
"480","T1 vs Dplus KIA","34:25","5392","Siwoo","TOP","Ambessa","Victory","=""5/0/7""","10.0","898","70.6%"
"481","T1 vs Dplus KIA","34:51","1328","Aiming","ADC","Yunara","Defeat","=""3/1/3""","11.1","631","60%"
"481","T1 vs Dplus KIA","34:51","2184","BeryL","SUPPORT","Alistar","Defeat","=""0/3/7""","1.1","222","70%"
"481","T1 vs Dplus KIA","34:51","1242","Doran","TOP","Jax","Victory","=""0/5/7""","8.1","618","46.7%"
"481","T1 vs Dplus KIA","34:51","48","Faker","MID","Ryze","Victory","=""4/1/8""","9.6","894","80%"
"481","T1 vs Dplus KIA","34:51","3247","Gumayusi","ADC","Corki","Victory","=""2/2/6""","10.8","577","53.3%"
"481","T1 vs Dplus KIA","34:51","1258","Keria","SUPPORT","Rell","Victory","=""2/2/10""","0.9","209","80%"
"481","T1 vs Dplus KIA","34:51","3895","Lucid","JUNGLE","Qiyana","Defeat","=""1/5/6""","7.2","375","70%"
"481","T1 vs Dplus KIA","34:51","3741","Oner","JUNGLE","Wukong","Victory","=""7/0/7""","7.6","388","93.3%"
"481","T1 vs Dplus KIA","34:51","1250","ShowMaker","MID","Twisted Fate","Defeat","=""3/3/5""","8.2","535","80%"
"481","T1 vs Dplus KIA","34:51","5392","Siwoo","TOP","KSante","Defeat","=""3/3/4""","8.7","477","70%"
"482","KT Rolster vs BNK FearX","27:33","650","Bdd","MID","Aurora","Victory","=""5/2/8""","8.2","873","65%"
"482","KT Rolster vs BNK FearX","27:33","3421","Clear","TOP","Sion","Defeat","=""0/3/3""","6.8","568","33.3%"
"482","KT Rolster vs BNK FearX","27:33","983","Cuzz","JUNGLE","Wukong","Victory","=""2/2/12""","6.8","441","70%"
"482","KT Rolster vs BNK FearX","27:33","4943","Diable","ADC","Sivir","Defeat","=""5/5/4""","9.9","784","100%"
"482","KT Rolster vs BNK FearX","27:33","1971","Kellin","SUPPORT","Alistar","Defeat","=""1/3/8""","1.1","180","100%"
"482","KT Rolster vs BNK FearX","27:33","5122","PerfecT","TOP","KSante","Victory","=""2/1/7""","7.8","564","45%"
"482","KT Rolster vs BNK FearX","27:33","4260","Peter","SUPPORT","Rakan","Victory","=""1/2/14""","1.0","186","75%"
"482","KT Rolster vs BNK FearX","27:33","4233","Raptor","JUNGLE","Trundle","Defeat","=""1/4/6""","5.5","415","77.8%"
"482","KT Rolster vs BNK FearX","27:33","3326","Vicla","MID","Morgana","Defeat","=""2/6/4""","6.1","649","66.7%"
"482","KT Rolster vs BNK FearX","27:33","2508","deokdam","ADC","Xayah","Victory","=""10/2/5""","9.0","1103","75%"
"483","KT Rolster vs BNK FearX","30:07","650","Bdd","MID","Syndra","Victory","=""4/1/5""","8.3","487","56.2%"
"483","KT Rolster vs BNK FearX","30:07","3421","Clear","TOP","Yorick","Defeat","=""0/3/1""","8.5","299","16.7%"
"483","KT Rolster vs BNK FearX","30:07","983","Cuzz","JUNGLE","Vi","Victory","=""7/0/5""","8.1","489","75%"
"483","KT Rolster vs BNK FearX","30:07","4943","Diable","ADC","Varus","Defeat","=""5/3/0""","8.9","522","83.3%"
"483","KT Rolster vs BNK FearX","30:07","1971","Kellin","SUPPORT","Tahm Kench","Defeat","=""0/2/5""","0.8","155","83.3%"
"483","KT Rolster vs BNK FearX","30:07","5122","PerfecT","TOP","Gwen","Victory","=""2/2/8""","7.9","638","62.5%"
"483","KT Rolster vs BNK FearX","30:07","4260","Peter","SUPPORT","Nautilus","Victory","=""2/2/8""","1.3","141","62.5%"
"483","KT Rolster vs BNK FearX","30:07","4233","Raptor","JUNGLE","Naafiri","Defeat","=""1/4/5""","5.9","286","100%"
"483","KT Rolster vs BNK FearX","30:07","3326","Vicla","MID","Orianna","Defeat","=""0/4/4""","7.7","364","66.7%"
"483","KT Rolster vs BNK FearX","30:07","2508","deokdam","ADC","Ezreal","Victory","=""1/1/2""","10.0","432","18.8%"
"484","KT Rolster vs BNK FearX","32:20","650","Bdd","MID","Ryze","Defeat","=""0/2/4""","8.9","418","80%"
"484","KT Rolster vs BNK FearX","32:20","3421","Clear","TOP","Rumble","Victory","=""5/0/11""","6.5","741","80%"
"484","KT Rolster vs BNK FearX","32:20","983","Cuzz","JUNGLE","Pantheon","Defeat","=""0/6/0""","5.8","128","0%"
"484","KT Rolster vs BNK FearX","32:20","4943","Diable","ADC","Lucian","Victory","=""11/0/5""","10.1","825","80%"
"484","KT Rolster vs BNK FearX","32:20","1971","Kellin","SUPPORT","Braum","Victory","=""0/2/20""","0.5","213","100%"
"484","KT Rolster vs BNK FearX","32:20","5122","PerfecT","TOP","Ambessa","Defeat","=""2/4/1""","6.7","352","60%"
"484","KT Rolster vs BNK FearX","32:20","4260","Peter","SUPPORT","Leona","Defeat","=""0/6/4""","1.1","177","80%"
"484","KT Rolster vs BNK FearX","32:20","4233","Raptor","JUNGLE","Xin Zhao","Victory","=""1/2/12""","6.1","271","65%"
"484","KT Rolster vs BNK FearX","32:20","3326","Vicla","MID","Taliyah","Victory","=""3/1/12""","8.0","441","75%"
"484","KT Rolster vs BNK FearX","32:20","2508","deokdam","ADC","Corki","Defeat","=""3/2/1""","9.2","792","80%"
"485","KT Rolster vs BNK FearX","33:00","650","Bdd","MID","Tristana","Victory","=""9/2/4""","8.6","706","65%"
"485","KT Rolster vs BNK FearX","33:00","3421","Clear","TOP","Aatrox","Defeat","=""4/7/2""","6.8","620","46.2%"
"485","KT Rolster vs BNK FearX","33:00","983","Cuzz","JUNGLE","Sylas","Victory","=""3/3/10""","7.6","598","65%"
"485","KT Rolster vs BNK FearX","33:00","4943","Diable","ADC","Miss Fortune","Defeat","=""3/2/8""","10.6","680","84.6%"
"485","KT Rolster vs BNK FearX","33:00","1971","Kellin","SUPPORT","Rell","Defeat","=""2/3/9""","0.9","177","84.6%"
"485","KT Rolster vs BNK FearX","33:00","5122","PerfecT","TOP","Renekton","Victory","=""1/3/11""","6.9","523","60%"
"485","KT Rolster vs BNK FearX","33:00","4260","Peter","SUPPORT","Neeko","Victory","=""1/3/8""","1.1","322","45%"
"485","KT Rolster vs BNK FearX","33:00","4233","Raptor","JUNGLE","Skarner","Defeat","=""0/5/11""","4.7","399","84.6%"
"485","KT Rolster vs BNK FearX","33:00","3326","Vicla","MID","Annie","Defeat","=""4/3/5""","7.3","591","69.2%"
"485","KT Rolster vs BNK FearX","33:00","2508","deokdam","ADC","Jhin","Victory","=""6/2/8""","9.0","539","70%"
"486","GEN vs KT Rolster","29:08","650","Bdd","MID","Annie","Victory","=""3/0/9""","7.8","590","66.7%"
"486","GEN vs KT Rolster","29:08","1909","Canyon","JUNGLE","Pantheon","Defeat","=""0/5/2""","6.1","205","66.7%"
"486","GEN vs KT Rolster","29:08","1629","Chovy","MID","Orianna","Defeat","=""1/3/0""","10.1","408","33.3%"
"486","GEN vs KT Rolster","29:08","983","Cuzz","JUNGLE","Jarvan IV","Victory","=""8/0/10""","7.4","477","100%"
"486","GEN vs KT Rolster","29:08","4259","Duro","SUPPORT","Bard","Defeat","=""0/5/3""","0.7","235","100%"
"486","GEN vs KT Rolster","29:08","1115","Kiin","TOP","Aurora","Defeat","=""0/2/2""","8.2","663","66.7%"
"486","GEN vs KT Rolster","29:08","5122","PerfecT","TOP","Sion","Victory","=""0/1/4""","8.1","386","22.2%"
"486","GEN vs KT Rolster","29:08","4260","Peter","SUPPORT","Alistar","Victory","=""1/1/13""","1.0","162","77.8%"
"486","GEN vs KT Rolster","29:08","685","Ruler","ADC","Smolder","Defeat","=""2/3/0""","11.2","651","66.7%"
"486","GEN vs KT Rolster","29:08","2508","deokdam","ADC","Yunara","Victory","=""6/1/5""","11.2","626","61.1%"
"487","GEN vs KT Rolster","32:49","650","Bdd","MID","Taliyah","Defeat","=""0/4/4""","9.1","450","66.7%"
"487","GEN vs KT Rolster","32:49","1909","Canyon","JUNGLE","Vi","Victory","=""3/1/11""","6.6","388","66.7%"
"487","GEN vs KT Rolster","32:49","1629","Chovy","MID","Galio","Victory","=""4/0/14""","10.6","767","85.7%"
"487","GEN vs KT Rolster","32:49","983","Cuzz","JUNGLE","Skarner","Defeat","=""0/4/4""","5.3","286","66.7%"
"487","GEN vs KT Rolster","32:49","4259","Duro","SUPPORT","Rell","Victory","=""0/1/17""","1.0","189","81%"
"487","GEN vs KT Rolster","32:49","1115","Kiin","TOP","Camille","Victory","=""4/2/5""","7.6","549","42.9%"
"487","GEN vs KT Rolster","32:49","5122","PerfecT","TOP","KSante","Defeat","=""0/4/2""","7.3","375","33.3%"
"487","GEN vs KT Rolster","32:49","4260","Peter","SUPPORT","Leona","Defeat","=""0/6/4""","0.8","147","66.7%"
"487","GEN vs KT Rolster","32:49","685","Ruler","ADC","Sivir","Victory","=""10/2/8""","11.5","1127","85.7%"
"487","GEN vs KT Rolster","32:49","2508","deokdam","ADC","Xayah","Defeat","=""6/3/0""","9.3","1075","100%"
"488","GEN vs KT Rolster","38:02","650","Bdd","MID","Zoe","Victory","=""11/2/5""","7.5","776","76.2%"
"488","GEN vs KT Rolster","38:02","1909","Canyon","JUNGLE","Qiyana","Defeat","=""0/4/5""","7.0","195","62.5%"
"488","GEN vs KT Rolster","38:02","1629","Chovy","MID","Viktor","Defeat","=""0/6/4""","7.9","567","50%"
"488","GEN vs KT Rolster","38:02","983","Cuzz","JUNGLE","Nocturne","Victory","=""3/2/12""","6.5","388","71.4%"
"488","GEN vs KT Rolster","38:02","4259","Duro","SUPPORT","Blitzcrank","Defeat","=""1/4/6""","0.6","156","87.5%"
"488","GEN vs KT Rolster","38:02","1115","Kiin","TOP","Poppy","Defeat","=""0/4/3""","7.2","552","37.5%"
"488","GEN vs KT Rolster","38:02","5122","PerfecT","TOP","Renekton","Victory","=""0/1/11""","8.0","415","52.4%"
"488","GEN vs KT Rolster","38:02","4260","Peter","SUPPORT","Nautilus","Victory","=""3/3/10""","0.9","175","61.9%"
"488","GEN vs KT Rolster","38:02","685","Ruler","ADC","Corki","Defeat","=""7/3/1""","10.0","666","100%"
"488","GEN vs KT Rolster","38:02","2508","deokdam","ADC","Ziggs","Victory","=""4/0/13""","9.1","988","81%"
"489","GEN vs KT Rolster","38:32","650","Bdd","MID","Cassiopeia","Defeat","=""2/4/9""","8.4","537","78.6%"
"489","GEN vs KT Rolster","38:32","1909","Canyon","JUNGLE","Xin Zhao","Victory","=""3/3/7""","6.6","420","55.6%"
"489","GEN vs KT Rolster","38:32","1629","Chovy","MID","Ryze","Victory","=""3/3/3""","10.2","635","33.3%"
"489","GEN vs KT Rolster","38:32","983","Cuzz","JUNGLE","Trundle","Defeat","=""7/3/7""","6.5","490","100%"
"489","GEN vs KT Rolster","38:32","4259","Duro","SUPPORT","Braum","Victory","=""0/4/14""","0.9","250","77.8%"
"489","GEN vs KT Rolster","38:32","1115","Kiin","TOP","Gwen","Victory","=""8/2/6""","7.1","977","77.8%"
"489","GEN vs KT Rolster","38:32","5122","PerfecT","TOP","Ambessa","Defeat","=""2/5/1""","6.8","470","21.4%"
"489","GEN vs KT Rolster","38:32","4260","Peter","SUPPORT","Rakan","Defeat","=""0/2/13""","0.9","186","92.9%"
"489","GEN vs KT Rolster","38:32","685","Ruler","ADC","Lucian","Victory","=""4/2/7""","10.4","723","61.1%"
"489","GEN vs KT Rolster","38:32","2508","deokdam","ADC","Jhin","Defeat","=""3/4/8""","8.2","875","78.6%"
"490","GEN vs KT Rolster","41:41","650","Bdd","MID","Lissandra","Victory","=""9/2/13""","7.9","869","88%"
"490","GEN vs KT Rolster","41:41","1909","Canyon","JUNGLE","Lee Sin","Defeat","=""0/6/5""","5.9","212","50%"
"490","GEN vs KT Rolster","41:41","1629","Chovy","MID","Twisted Fate","Defeat","=""1/2/5""","9.5","679","60%"
"490","GEN vs KT Rolster","41:41","983","Cuzz","JUNGLE","Wukong","Victory","=""5/2/15""","6.4","305","80%"
"490","GEN vs KT Rolster","41:41","4259","Duro","SUPPORT","Renata Glasc","Defeat","=""0/6/8""","0.8","132","80%"
"490","GEN vs KT Rolster","41:41","1115","Kiin","TOP","Rumble","Defeat","=""4/6/4""","7.3","750","80%"
"490","GEN vs KT Rolster","41:41","5122","PerfecT","TOP","Yorick","Victory","=""1/1/13""","8.4","373","56%"
"490","GEN vs KT Rolster","41:41","4260","Peter","SUPPORT","Maokai","Victory","=""1/5/21""","0.9","253","88%"
"490","GEN vs KT Rolster","41:41","685","Ruler","ADC","Kalista","Defeat","=""5/5/4""","10.5","735","90%"
"490","GEN vs KT Rolster","41:41","2508","deokdam","ADC","Ezreal","Victory","=""9/0/14""","9.3","1048","92%"
"491","HLE vs T1","30:55","3411","Delight","SUPPORT","Alistar","Victory","=""0/3/12""","1.1","131","70.6%"
"491","HLE vs T1","30:55","1242","Doran","TOP","Gragas","Defeat","=""2/3/3""","7.1","446","50%"
"491","HLE vs T1","30:55","48","Faker","MID","Cassiopeia","Defeat","=""1/5/6""","8.5","654","70%"
"491","HLE vs T1","30:55","3247","Gumayusi","ADC","Yunara","Defeat","=""4/2/6""","10.3","798","100%"
"491","HLE vs T1","30:55","1258","Keria","SUPPORT","Rakan","Defeat","=""0/2/9""","1.4","169","90%"
"491","HLE vs T1","30:55","3741","Oner","JUNGLE","Qiyana","Defeat","=""3/5/5""","7.1","509","80%"
"491","HLE vs T1","30:55","392","Peanut","JUNGLE","Xin Zhao","Victory","=""2/3/10""","6.0","402","70.6%"
"491","HLE vs T1","30:55","1228","Viper","ADC","Smolder","Victory","=""8/1/6""","10.4","1062","82.4%"
"491","HLE vs T1","30:55","2906","Zeka","MID","Sylas","Victory","=""5/2/8""","8.8","633","76.5%"
"491","HLE vs T1","30:55","3658","Zeus","TOP","Jax","Victory","=""2/1/4""","7.0","538","35.3%"
"492","HLE vs T1","36:10","3411","Delight","SUPPORT","Braum","Victory","=""2/1/21""","1.0","265","88.5%"
"492","HLE vs T1","36:10","1242","Doran","TOP","Sion","Defeat","=""2/7/6""","7.0","695","66.7%"
"492","HLE vs T1","36:10","48","Faker","MID","Galio","Defeat","=""2/4/3""","8.3","605","41.7%"
"492","HLE vs T1","36:10","3247","Gumayusi","ADC","Kaisa","Defeat","=""6/4/5""","8.5","770","91.7%"
"492","HLE vs T1","36:10","1258","Keria","SUPPORT","Neeko","Defeat","=""1/6/8""","1.1","510","75%"
"492","HLE vs T1","36:10","3741","Oner","JUNGLE","Jarvan IV","Defeat","=""1/5/10""","6.0","427","91.7%"
"492","HLE vs T1","36:10","392","Peanut","JUNGLE","Poppy","Victory","=""6/1/15""","6.1","690","80.8%"
"492","HLE vs T1","36:10","1228","Viper","ADC","Lucian","Victory","=""7/3/9""","8.2","1427","61.5%"
"492","HLE vs T1","36:10","2906","Zeka","MID","Orianna","Victory","=""6/3/12""","8.3","845","69.2%"
"492","HLE vs T1","36:10","3658","Zeus","TOP","Aurora","Victory","=""5/4/13""","7.3","776","69.2%"
"493","HLE vs T1","40:45","3411","Delight","SUPPORT","Rell","Victory","=""1/5/9""","1.5","187","50%"
"493","HLE vs T1","40:45","1242","Doran","TOP","Gwen","Defeat","=""1/4/4""","8.1","453","55.6%"
"493","HLE vs T1","40:45","48","Faker","MID","Annie","Defeat","=""0/4/4""","7.5","471","44.4%"
"493","HLE vs T1","40:45","3247","Gumayusi","ADC","Xayah","Defeat","=""2/5/5""","10.2","726","77.8%"
"493","HLE vs T1","40:45","1258","Keria","SUPPORT","Renata Glasc","Defeat","=""1/2/8""","1.3","233","100%"
"493","HLE vs T1","40:45","3741","Oner","JUNGLE","Pantheon","Defeat","=""5/5/2""","5.9","389","77.8%"
"493","HLE vs T1","40:45","392","Peanut","JUNGLE","Vi","Victory","=""7/3/6""","7.0","355","65%"
"493","HLE vs T1","40:45","1228","Viper","ADC","Ziggs","Victory","=""5/0/10""","9.3","989","75%"
"493","HLE vs T1","40:45","2906","Zeka","MID","Ryze","Victory","=""1/0/12""","10.0","470","65%"
"493","HLE vs T1","40:45","3658","Zeus","TOP","Ambessa","Victory","=""6/1/2""","6.7","644","40%"
"494","Dplus KIA vs BNK FearX","29:07","1328","Aiming","ADC","Sivir","Victory","=""4/1/5""","10.4","503","52.9%"
"494","Dplus KIA vs BNK FearX","29:07","2184","BeryL","SUPPORT","Leona","Victory","=""0/2/9""","1.3","220","52.9%"
"494","Dplus KIA vs BNK FearX","29:07","3421","Clear","TOP","Jax","Defeat","=""1/3/2""","7.0","322","60%"
"494","Dplus KIA vs BNK FearX","29:07","4943","Diable","ADC","Ezreal","Defeat","=""2/3/2""","9.1","601","80%"
"494","Dplus KIA vs BNK FearX","29:07","1971","Kellin","SUPPORT","Nautilus","Defeat","=""0/5/5""","1.4","146","100%"
"494","Dplus KIA vs BNK FearX","29:07","3895","Lucid","JUNGLE","Lee Sin","Victory","=""5/1/7""","7.0","472","70.6%"
"494","Dplus KIA vs BNK FearX","29:07","4233","Raptor","JUNGLE","Sylas","Defeat","=""1/4/4""","6.3","233","100%"
"494","Dplus KIA vs BNK FearX","29:07","1250","ShowMaker","MID","Zoe","Victory","=""6/1/7""","8.2","840","76.5%"
"494","Dplus KIA vs BNK FearX","29:07","5392","Siwoo","TOP","Gnar","Victory","=""2/0/6""","9.6","504","47.1%"
"494","Dplus KIA vs BNK FearX","29:07","3326","Vicla","MID","Tristana","Defeat","=""1/2/0""","10.3","450","20%"
"495","Dplus KIA vs BNK FearX","29:40","1328","Aiming","ADC","Miss Fortune","Defeat","=""2/3/0""","10.4","557","40%"
"495","Dplus KIA vs BNK FearX","29:40","2184","BeryL","SUPPORT","Alistar","Defeat","=""0/5/2""","1.0","150","40%"
"495","Dplus KIA vs BNK FearX","29:40","3421","Clear","TOP","Renekton","Victory","=""2/5/4""","7.5","337","31.6%"
"495","Dplus KIA vs BNK FearX","29:40","4943","Diable","ADC","Xayah","Victory","=""6/0/4""","10.0","687","52.6%"
"495","Dplus KIA vs BNK FearX","29:40","1971","Kellin","SUPPORT","Rakan","Victory","=""2/0/14""","0.9","232","84.2%"
"495","Dplus KIA vs BNK FearX","29:40","3895","Lucid","JUNGLE","Wukong","Defeat","=""2/4/2""","6.0","360","80%"
"495","Dplus KIA vs BNK FearX","29:40","4233","Raptor","JUNGLE","Naafiri","Victory","=""6/0/10""","6.8","468","84.2%"
"495","Dplus KIA vs BNK FearX","29:40","1250","ShowMaker","MID","Taliyah","Defeat","=""0/3/2""","8.4","550","40%"
"495","Dplus KIA vs BNK FearX","29:40","5392","Siwoo","TOP","Jayce","Defeat","=""1/4/2""","9.1","635","60%"
"495","Dplus KIA vs BNK FearX","29:40","3326","Vicla","MID","Azir","Victory","=""3/0/13""","10.4","909","84.2%"
"496","Dplus KIA vs BNK FearX","30:07","1328","Aiming","ADC","Ziggs","Victory","=""7/1/12""","9.3","1202","86.4%"
"496","Dplus KIA vs BNK FearX","30:07","2184","BeryL","SUPPORT","Rell","Victory","=""0/2/14""","0.9","222","63.6%"
"496","Dplus KIA vs BNK FearX","30:07","3421","Clear","TOP","KSante","Defeat","=""1/5/2""","5.0","486","37.5%"
"496","Dplus KIA vs BNK FearX","30:07","4943","Diable","ADC","Lucian","Defeat","=""2/3/5""","9.1","473","87.5%"
"496","Dplus KIA vs BNK FearX","30:07","1971","Kellin","SUPPORT","Braum","Defeat","=""0/6/7""","1.0","252","87.5%"
"496","Dplus KIA vs BNK FearX","30:07","3895","Lucid","JUNGLE","Xin Zhao","Victory","=""5/4/9""","6.9","508","63.6%"
"496","Dplus KIA vs BNK FearX","30:07","4233","Raptor","JUNGLE","Pantheon","Defeat","=""3/5/4""","6.0","457","87.5%"
"496","Dplus KIA vs BNK FearX","30:07","1250","ShowMaker","MID","Veigar","Victory","=""8/1/7""","7.2","629","68.2%"
"496","Dplus KIA vs BNK FearX","30:07","5392","Siwoo","TOP","Sion","Victory","=""2/0/12""","7.2","631","63.6%"
"496","Dplus KIA vs BNK FearX","30:07","3326","Vicla","MID","Viktor","Defeat","=""2/3/3""","8.4","1014","62.5%"
"497","Dplus KIA vs BNK FearX","42:26","1328","Aiming","ADC","Yunara","Victory","=""8/4/6""","10.0","684","56%"
"497","Dplus KIA vs BNK FearX","42:26","2184","BeryL","SUPPORT","Bard","Victory","=""1/5/20""","1.1","304","84%"
"497","Dplus KIA vs BNK FearX","42:26","3421","Clear","TOP","Rumble","Defeat","=""3/5/3""","7.1","901","35.3%"
"497","Dplus KIA vs BNK FearX","42:26","4943","Diable","ADC","Corki","Defeat","=""3/5/5""","10.2","656","47.1%"
"497","Dplus KIA vs BNK FearX","42:26","1971","Kellin","SUPPORT","Neeko","Defeat","=""4/5/8""","0.7","471","70.6%"
"497","Dplus KIA vs BNK FearX","42:26","3895","Lucid","JUNGLE","Jarvan IV","Victory","=""5/3/15""","6.3","417","80%"
"497","Dplus KIA vs BNK FearX","42:26","4233","Raptor","JUNGLE","Qiyana","Defeat","=""5/6/5""","5.9","466","58.8%"
"497","Dplus KIA vs BNK FearX","42:26","1250","ShowMaker","MID","Ryze","Victory","=""7/4/4""","9.0","698","44%"
"497","Dplus KIA vs BNK FearX","42:26","5392","Siwoo","TOP","Ambessa","Victory","=""4/1/10""","8.9","580","56%"
"497","Dplus KIA vs BNK FearX","42:26","3326","Vicla","MID","Annie","Defeat","=""2/5/11""","8.5","884","76.5%"
"498","T1 vs Dplus KIA","28:33","1328","Aiming","ADC","Kaisa","Defeat","=""1/5/4""","8.8","315","83.3%"
"498","T1 vs Dplus KIA","28:33","2184","BeryL","SUPPORT","Neeko","Defeat","=""0/7/3""","1.2","285","50%"
"498","T1 vs Dplus KIA","28:33","1242","Doran","TOP","Kennen","Victory","=""3/3/9""","8.0","730","52.2%"
"498","T1 vs Dplus KIA","28:33","48","Faker","MID","Orianna","Victory","=""3/1/13""","9.0","917","69.6%"
"498","T1 vs Dplus KIA","28:33","3247","Gumayusi","ADC","Xayah","Victory","=""3/1/5""","10.2","454","34.8%"
"498","T1 vs Dplus KIA","28:33","1258","Keria","SUPPORT","Lulu","Victory","=""0/0/16""","1.2","180","69.6%"
"498","T1 vs Dplus KIA","28:33","3895","Lucid","JUNGLE","Wukong","Defeat","=""3/4/1""","6.9","290","66.7%"
"498","T1 vs Dplus KIA","28:33","3741","Oner","JUNGLE","Pantheon","Victory","=""14/1/6""","6.7","755","87%"
"498","T1 vs Dplus KIA","28:33","1250","ShowMaker","MID","Viktor","Defeat","=""1/2/3""","9.4","510","66.7%"
"498","T1 vs Dplus KIA","28:33","5392","Siwoo","TOP","Aatrox","Defeat","=""1/5/2""","7.1","309","50%"
"499","T1 vs Dplus KIA","30:20","1328","Aiming","ADC","Corki","Victory","=""9/0/3""","11.2","683","75%"
"499","T1 vs Dplus KIA","30:20","2184","BeryL","SUPPORT","Nautilus","Victory","=""1/1/14""","1.2","175","93.8%"
"499","T1 vs Dplus KIA","30:20","1242","Doran","TOP","Ambessa","Defeat","=""0/7/2""","7.4","375","33.3%"
"499","T1 vs Dplus KIA","30:20","48","Faker","MID","Ryze","Defeat","=""1/2/3""","8.4","493","66.7%"
"499","T1 vs Dplus KIA","30:20","3247","Gumayusi","ADC","Ziggs","Defeat","=""1/1/0""","9.6","582","16.7%"
"499","T1 vs Dplus KIA","30:20","1258","Keria","SUPPORT","Poppy","Defeat","=""0/3/5""","1.5","133","83.3%"
"499","T1 vs Dplus KIA","30:20","3895","Lucid","JUNGLE","Trundle","Victory","=""1/1/12""","6.3","298","81.2%"
"499","T1 vs Dplus KIA","30:20","3741","Oner","JUNGLE","Nocturne","Defeat","=""4/3/1""","6.3","454","83.3%"
"499","T1 vs Dplus KIA","30:20","1250","ShowMaker","MID","Cassiopeia","Victory","=""5/0/8""","8.4","572","81.2%"
"499","T1 vs Dplus KIA","30:20","5392","Siwoo","TOP","Renekton","Victory","=""0/4/8""","7.4","411","50%"
"500","T1 vs Dplus KIA","33:50","1328","Aiming","ADC","Jhin","Defeat","=""6/2/4""","9.7","841","90.9%"
"500","T1 vs Dplus KIA","33:50","2184","BeryL","SUPPORT","Rammus","Defeat","=""0/9/5""","1.0","218","45.5%"
"500","T1 vs Dplus KIA","33:50","1242","Doran","TOP","Gangplank","Victory","=""0/2/17""","8.9","669","68%"
"500","T1 vs Dplus KIA","33:50","48","Faker","MID","Annie","Victory","=""1/5/8""","7.9","619","36%"
"500","T1 vs Dplus KIA","33:50","3247","Gumayusi","ADC","Miss Fortune","Victory","=""11/1/4""","10.0","926","60%"
"500","T1 vs Dplus KIA","33:50","1258","Keria","SUPPORT","Leona","Victory","=""3/2/16""","1.0","280","76%"
"500","T1 vs Dplus KIA","33:50","3895","Lucid","JUNGLE","Naafiri","Defeat","=""1/7/5""","5.1","320","54.5%"
"500","T1 vs Dplus KIA","33:50","3741","Oner","JUNGLE","Sylas","Victory","=""10/1/7""","8.3","593","68%"
"500","T1 vs Dplus KIA","33:50","1250","ShowMaker","MID","Morgana","Defeat","=""0/3/8""","7.5","586","72.7%"
"500","T1 vs Dplus KIA","33:50","5392","Siwoo","TOP","Jax","Defeat","=""4/4/3""","8.2","434","63.6%"
"501","T1 vs Dplus KIA","34:43","1328","Aiming","ADC","Lucian","Defeat","=""4/4/3""","10.3","950","58.3%"
"501","T1 vs Dplus KIA","34:43","2184","BeryL","SUPPORT","Janna","Defeat","=""0/4/10""","1.1","261","83.3%"
"501","T1 vs Dplus KIA","34:43","1242","Doran","TOP","Sion","Victory","=""4/3/15""","6.7","609","95%"
"501","T1 vs Dplus KIA","34:43","48","Faker","MID","Taliyah","Victory","=""1/2/12""","8.0","423","65%"
"501","T1 vs Dplus KIA","34:43","3247","Gumayusi","ADC","Sivir","Victory","=""6/2/12""","9.4","1055","90%"
"501","T1 vs Dplus KIA","34:43","1258","Keria","SUPPORT","Alistar","Victory","=""0/4/18""","1.0","154","90%"
"501","T1 vs Dplus KIA","34:43","3895","Lucid","JUNGLE","Xin Zhao","Defeat","=""3/5/7""","6.0","468","83.3%"
"501","T1 vs Dplus KIA","34:43","3741","Oner","JUNGLE","Jarvan IV","Victory","=""9/1/11""","7.2","590","100%"
"501","T1 vs Dplus KIA","34:43","1250","ShowMaker","MID","Ahri","Defeat","=""4/2/5""","8.9","677","75%"
"501","T1 vs Dplus KIA","34:43","5392","Siwoo","TOP","Rumble","Defeat","=""1/5/8""","6.7","910","75%"
"502","KT Rolster vs HLE","28:09","650","Bdd","MID","Ryze","Defeat","=""2/3/5""","8.2","437","70%"
"502","KT Rolster vs HLE","28:09","983","Cuzz","JUNGLE","Nocturne","Defeat","=""6/5/3""","6.5","389","90%"
"502","KT Rolster vs HLE","28:09","3411","Delight","SUPPORT","Camille","Victory","=""0/4/13""","1.7","179","59.1%"
"502","KT Rolster vs HLE","28:09","392","Peanut","JUNGLE","Sejuani","Victory","=""0/3/17""","7.0","222","77.3%"
"502","KT Rolster vs HLE","28:09","5122","PerfecT","TOP","KSante","Defeat","=""1/4/5""","7.6","228","60%"
"502","KT Rolster vs HLE","28:09","4260","Peter","SUPPORT","Nautilus","Defeat","=""0/6/8""","1.0","147","80%"
"502","KT Rolster vs HLE","28:09","1228","Viper","ADC","Yunara","Victory","=""10/0/9""","9.1","1041","86.4%"
"502","KT Rolster vs HLE","28:09","2906","Zeka","MID","Twisted Fate","Victory","=""6/0/14""","9.1","718","90.9%"
"502","KT Rolster vs HLE","28:09","3658","Zeus","TOP","Ambessa","Victory","=""6/3/11""","7.8","470","77.3%"
"502","KT Rolster vs HLE","28:09","2508","deokdam","ADC","Smolder","Defeat","=""1/4/7""","9.5","519","80%"
"503","KT Rolster vs HLE","31:00","650","Bdd","MID","Taliyah","Defeat","=""2/2/2""","9.3","336","80%"
"503","KT Rolster vs HLE","31:00","983","Cuzz","JUNGLE","Xin Zhao","Defeat","=""0/5/3""","5.7","330","60%"
"503","KT Rolster vs HLE","31:00","3411","Delight","SUPPORT","Alistar","Victory","=""0/1/13""","1.1","143","86.7%"
"503","KT Rolster vs HLE","31:00","392","Peanut","JUNGLE","Jarvan IV","Victory","=""0/2/14""","7.3","322","93.3%"
"503","KT Rolster vs HLE","31:00","5122","PerfecT","TOP","Sion","Defeat","=""0/1/1""","8.0","453","20%"
"503","KT Rolster vs HLE","31:00","4260","Peter","SUPPORT","Rakan","Defeat","=""0/4/3""","1.2","180","60%"
"503","KT Rolster vs HLE","31:00","1228","Viper","ADC","Corki","Victory","=""7/0/8""","10.5","701","100%"
"503","KT Rolster vs HLE","31:00","2906","Zeka","MID","Aurora","Victory","=""8/1/4""","9.5","754","80%"
"503","KT Rolster vs HLE","31:00","3658","Zeus","TOP","RekSai","Victory","=""0/1/5""","9.0","386","33.3%"
"503","KT Rolster vs HLE","31:00","2508","deokdam","ADC","Kaisa","Defeat","=""3/3/1""","9.5","482","80%"
"504","KT Rolster vs HLE","31:28","650","Bdd","MID","Annie","Defeat","=""2/5/1""","7.0","460","50%"
"504","KT Rolster vs HLE","31:28","983","Cuzz","JUNGLE","Trundle","Defeat","=""2/3/2""","6.8","288","66.7%"
"504","KT Rolster vs HLE","31:28","3411","Delight","SUPPORT","Rell","Victory","=""1/1/14""","1.6","132","93.8%"
"504","KT Rolster vs HLE","31:28","392","Peanut","JUNGLE","Pantheon","Victory","=""6/2/7""","7.8","464","81.2%"
"504","KT Rolster vs HLE","31:28","5122","PerfecT","TOP","Rumble","Defeat","=""0/2/2""","7.5","403","33.3%"
"504","KT Rolster vs HLE","31:28","4260","Peter","SUPPORT","Leona","Defeat","=""1/4/4""","1.2","220","83.3%"
"504","KT Rolster vs HLE","31:28","1228","Viper","ADC","Sivir","Victory","=""2/0/10""","11.3","490","75%"
"504","KT Rolster vs HLE","31:28","2906","Zeka","MID","Orianna","Victory","=""4/2/9""","6.8","502","81.2%"
"504","KT Rolster vs HLE","31:28","3658","Zeus","TOP","Gwen","Victory","=""3/1/7""","8.1","330","62.5%"
"504","KT Rolster vs HLE","31:28","2508","deokdam","ADC","Jhin","Defeat","=""1/2/2""","10.7","205","50%"
"505","GEN vs T1","28:07","1909","Canyon","JUNGLE","Skarner","Victory","=""11/1/15""","6.5","795","92.9%"
"505","GEN vs T1","28:07","1629","Chovy","MID","Cassiopeia","Victory","=""7/2/7""","11.3","893","50%"
"505","GEN vs T1","28:07","1242","Doran","TOP","RekSai","Defeat","=""1/7/5""","6.4","576","85.7%"
"505","GEN vs T1","28:07","4259","Duro","SUPPORT","Blitzcrank","Victory","=""1/0/21""","0.9","325","78.6%"
"505","GEN vs T1","28:07","48","Faker","MID","Twisted Fate","Defeat","=""0/3/3""","8.3","477","42.9%"
"505","GEN vs T1","28:07","3247","Gumayusi","ADC","Varus","Defeat","=""3/6/4""","8.9","1168","100%"
"505","GEN vs T1","28:07","1258","Keria","SUPPORT","Renata Glasc","Defeat","=""1/6/5""","1.0","458","85.7%"
"505","GEN vs T1","28:07","1115","Kiin","TOP","KSante","Victory","=""1/3/11""","6.0","473","42.9%"
"505","GEN vs T1","28:07","3741","Oner","JUNGLE","Sylas","Defeat","=""2/6/5""","6.7","597","100%"
"505","GEN vs T1","28:07","685","Ruler","ADC","Kalista","Victory","=""8/1/10""","10.0","873","64.3%"
"506","GEN vs T1","28:40","1909","Canyon","JUNGLE","Qiyana","Defeat","=""2/1/1""","8.5","485","75%"
"506","GEN vs T1","28:40","1629","Chovy","MID","Annie","Defeat","=""0/4/3""","9.4","771","75%"
"506","GEN vs T1","28:40","1242","Doran","TOP","Aatrox","Victory","=""4/1/4""","8.4","614","42.1%"
"506","GEN vs T1","28:40","4259","Duro","SUPPORT","Leona","Defeat","=""1/6/1""","0.7","150","50%"
"506","GEN vs T1","28:40","48","Faker","MID","Ryze","Victory","=""2/1/6""","7.6","582","42.1%"
"506","GEN vs T1","28:40","3247","Gumayusi","ADC","Miss Fortune","Victory","=""7/0/8""","10.4","1092","78.9%"
"506","GEN vs T1","28:40","1258","Keria","SUPPORT","Alistar","Victory","=""0/2/14""","0.9","144","73.7%"
"506","GEN vs T1","28:40","1115","Kiin","TOP","Sion","Defeat","=""1/3/1""","8.2","655","50%"
"506","GEN vs T1","28:40","3741","Oner","JUNGLE","Jarvan IV","Victory","=""6/0/9""","7.6","405","78.9%"
"506","GEN vs T1","28:40","685","Ruler","ADC","Jhin","Defeat","=""0/5/1""","8.7","401","25%"
"507","GEN vs T1","32:13","1909","Canyon","JUNGLE","Nocturne","Victory","=""2/1/11""","6.6","296","56.5%"
"507","GEN vs T1","32:13","1629","Chovy","MID","Vex","Victory","=""10/0/7""","9.3","1166","73.9%"
"507","GEN vs T1","32:13","1242","Doran","TOP","Jayce","Defeat","=""1/6/4""","7.0","529","100%"
"507","GEN vs T1","32:13","4259","Duro","SUPPORT","Rakan","Victory","=""2/2/18""","1.1","273","87%"
"507","GEN vs T1","32:13","48","Faker","MID","Yone","Defeat","=""1/5/2""","8.4","387","60%"
"507","GEN vs T1","32:13","3247","Gumayusi","ADC","Ziggs","Defeat","=""0/3/4""","8.9","690","80%"
"507","GEN vs T1","32:13","1258","Keria","SUPPORT","Maokai","Defeat","=""0/5/3""","1.0","227","60%"
"507","GEN vs T1","32:13","1115","Kiin","TOP","Ornn","Victory","=""6/1/10""","6.5","491","69.6%"
"507","GEN vs T1","32:13","3741","Oner","JUNGLE","Lillia","Defeat","=""3/4/1""","7.8","591","80%"
"507","GEN vs T1","32:13","685","Ruler","ADC","Lucian","Victory","=""3/1/11""","10.3","750","60.9%"
"508","GEN vs T1","33:32","1909","Canyon","JUNGLE","Pantheon","Defeat","=""2/4/3""","6.4","385","100%"
"508","GEN vs T1","33:32","1629","Chovy","MID","Ahri","Defeat","=""0/2/4""","9.9","303","80%"
"508","GEN vs T1","33:32","1242","Doran","TOP","Jax","Victory","=""3/0/3""","8.6","382","40%"
"508","GEN vs T1","33:32","4259","Duro","SUPPORT","Neeko","Defeat","=""0/2/4""","1.1","237","80%"
"508","GEN vs T1","33:32","48","Faker","MID","Taliyah","Victory","=""5/1/8""","8.4","776","86.7%"
"508","GEN vs T1","33:32","3247","Gumayusi","ADC","Sivir","Victory","=""2/2/8""","10.8","718","66.7%"
"508","GEN vs T1","33:32","1258","Keria","SUPPORT","Karma","Victory","=""0/1/12""","1.1","203","80%"
"508","GEN vs T1","33:32","1115","Kiin","TOP","Gwen","Defeat","=""1/6/0""","7.6","600","20%"
"508","GEN vs T1","33:32","3741","Oner","JUNGLE","Wukong","Victory","=""5/1/4""","7.3","405","60%"
"508","GEN vs T1","33:32","685","Ruler","ADC","Xayah","Defeat","=""2/1/2""","11.4","405","80%"
"509","GEN vs T1","35:59","1909","Canyon","JUNGLE","Vi","Victory","=""4/2/9""","7.0","296","76.5%"
"509","GEN vs T1","35:59","1629","Chovy","MID","Galio","Victory","=""3/1/9""","9.0","632","70.6%"
"509","GEN vs T1","35:59","1242","Doran","TOP","Ambessa","Defeat","=""4/3/1""","8.5","523","45.5%"
"509","GEN vs T1","35:59","4259","Duro","SUPPORT","Braum","Victory","=""0/2/16""","0.8","189","94.1%"
"509","GEN vs T1","35:59","48","Faker","MID","Orianna","Defeat","=""6/3/4""","8.2","544","90.9%"
"509","GEN vs T1","35:59","3247","Gumayusi","ADC","Corki","Defeat","=""0/4/9""","9.5","663","81.8%"
"509","GEN vs T1","35:59","1258","Keria","SUPPORT","Poppy","Defeat","=""0/4/5""","1.1","198","45.5%"
"509","GEN vs T1","35:59","1115","Kiin","TOP","Camille","Victory","=""5/4/5""","8.5","768","58.8%"
"509","GEN vs T1","35:59","3741","Oner","JUNGLE","Xin Zhao","Defeat","=""1/3/8""","6.9","490","81.8%"
"509","GEN vs T1","35:59","685","Ruler","ADC","Yunara","Victory","=""5/2/9""","11.1","772","82.4%"
"510","KT Rolster vs GEN","28:53","650","Bdd","MID","Akali","Defeat","=""0/2/3""","7.3","454","60%"
"510","KT Rolster vs GEN","28:53","1909","Canyon","JUNGLE","Xin Zhao","Victory","=""1/1/9""","8.0","431","58.8%"
"510","KT Rolster vs GEN","28:53","1629","Chovy","MID","Taliyah","Victory","=""5/1/4""","9.0","824","52.9%"
"510","KT Rolster vs GEN","28:53","983","Cuzz","JUNGLE","Trundle","Defeat","=""2/3/1""","6.1","436","60%"
"510","KT Rolster vs GEN","28:53","4259","Duro","SUPPORT","Rakan","Victory","=""2/2/10""","0.9","246","70.6%"
"510","KT Rolster vs GEN","28:53","1115","Kiin","TOP","Aatrox","Victory","=""6/0/6""","8.8","855","70.6%"
"510","KT Rolster vs GEN","28:53","5122","PerfecT","TOP","Sion","Defeat","=""0/3/3""","7.5","411","60%"
"510","KT Rolster vs GEN","28:53","4260","Peter","SUPPORT","Neeko","Defeat","=""0/5/2""","1.0","284","40%"
"510","KT Rolster vs GEN","28:53","685","Ruler","ADC","Sivir","Victory","=""3/1/10""","10.4","864","76.5%"
"510","KT Rolster vs GEN","28:53","2508","deokdam","ADC","Zeri","Defeat","=""3/4/1""","9.2","802","80%"
"511","KT Rolster vs GEN","30:12","650","Bdd","MID","Ahri","Defeat","=""2/3/5""","7.8","855","77.8%"
"511","KT Rolster vs GEN","30:12","1909","Canyon","JUNGLE","Maokai","Victory","=""3/2/12""","6.4","560","62.5%"
"511","KT Rolster vs GEN","30:12","1629","Chovy","MID","Yone","Victory","=""6/0/11""","9.9","841","70.8%"
"511","KT Rolster vs GEN","30:12","983","Cuzz","JUNGLE","Vi","Defeat","=""5/5/1""","6.4","482","66.7%"
"511","KT Rolster vs GEN","30:12","4259","Duro","SUPPORT","Alistar","Victory","=""0/4/19""","0.5","180","79.2%"
"511","KT Rolster vs GEN","30:12","1115","Kiin","TOP","Ornn","Victory","=""3/1/16""","7.1","744","79.2%"
"511","KT Rolster vs GEN","30:12","5122","PerfecT","TOP","Renekton","Defeat","=""1/6/2""","7.0","486","33.3%"
"511","KT Rolster vs GEN","30:12","4260","Peter","SUPPORT","Leona","Defeat","=""0/6/5""","1.0","165","55.6%"
"511","KT Rolster vs GEN","30:12","685","Ruler","ADC","Jhin","Victory","=""12/2/5""","9.7","1052","70.8%"
"511","KT Rolster vs GEN","30:12","2508","deokdam","ADC","Ziggs","Defeat","=""1/4/3""","8.4","916","44.4%"
"512","KT Rolster vs GEN","33:04","650","Bdd","MID","Annie","Defeat","=""1/2/8""","7.1","473","100%"
"512","KT Rolster vs GEN","33:04","1909","Canyon","JUNGLE","Jarvan IV","Victory","=""1/1/14""","6.8","312","93.8%"
"512","KT Rolster vs GEN","33:04","1629","Chovy","MID","Orianna","Victory","=""2/4/8""","8.7","524","62.5%"
"512","KT Rolster vs GEN","33:04","983","Cuzz","JUNGLE","Poppy","Defeat","=""3/5/3""","6.0","318","66.7%"
"512","KT Rolster vs GEN","33:04","4259","Duro","SUPPORT","Rell","Victory","=""1/3/13""","0.9","168","87.5%"
"512","KT Rolster vs GEN","33:04","1115","Kiin","TOP","Rumble","Victory","=""2/1/8""","8.3","679","62.5%"
"512","KT Rolster vs GEN","33:04","5122","PerfecT","TOP","Ambessa","Defeat","=""2/3/3""","7.5","265","55.6%"
"512","KT Rolster vs GEN","33:04","4260","Peter","SUPPORT","Nautilus","Defeat","=""0/4/5""","0.7","102","55.6%"
"512","KT Rolster vs GEN","33:04","685","Ruler","ADC","Corki","Victory","=""10/0/5""","10.7","753","93.8%"
"512","KT Rolster vs GEN","33:04","2508","deokdam","ADC","Yunara","Defeat","=""3/2/4""","9.0","578","77.8%"
"513","HLE vs GEN","28:56","1909","Canyon","JUNGLE","Lee Sin","Defeat","=""1/5/4""","6.3","314","55.6%"
"513","HLE vs GEN","28:56","1629","Chovy","MID","Galio","Defeat","=""0/4/4""","8.4","702","44.4%"
"513","HLE vs GEN","28:56","3411","Delight","SUPPORT","Braum","Victory","=""0/2/21""","1.2","312","91.3%"
"513","HLE vs GEN","28:56","4259","Duro","SUPPORT","Alistar","Defeat","=""0/4/7""","0.5","182","77.8%"
"513","HLE vs GEN","28:56","1115","Kiin","TOP","KSante","Defeat","=""2/5/3""","7.3","447","55.6%"
"513","HLE vs GEN","28:56","392","Peanut","JUNGLE","Jarvan IV","Victory","=""5/2/15""","7.4","733","87%"
"513","HLE vs GEN","28:56","685","Ruler","ADC","Ziggs","Defeat","=""6/5/2""","9.4","848","88.9%"
"513","HLE vs GEN","28:56","1228","Viper","ADC","Smolder","Victory","=""7/2/11""","9.9","1118","78.3%"
"513","HLE vs GEN","28:56","2906","Zeka","MID","Sylas","Victory","=""9/0/8""","7.4","559","73.9%"
"513","HLE vs GEN","28:56","3658","Zeus","TOP","Ambessa","Victory","=""2/3/8""","8.7","931","43.5%"
"514","HLE vs GEN","30:34","1909","Canyon","JUNGLE","Vi","Victory","=""4/4/10""","7.0","301","66.7%"
"514","HLE vs GEN","30:34","1629","Chovy","MID","Ryze","Victory","=""7/2/10""","9.7","611","81%"
"514","HLE vs GEN","30:34","3411","Delight","SUPPORT","Rell","Defeat","=""0/4/8""","1.3","180","66.7%"
"514","HLE vs GEN","30:34","4259","Duro","SUPPORT","Neeko","Victory","=""0/4/12""","1.1","300","57.1%"
"514","HLE vs GEN","30:34","1115","Kiin","TOP","Sion","Victory","=""1/1/12""","8.5","503","61.9%"
"514","HLE vs GEN","30:34","392","Peanut","JUNGLE","Poppy","Defeat","=""1/6/6""","6.0","249","58.3%"
"514","HLE vs GEN","30:34","685","Ruler","ADC","Ezreal","Victory","=""9/1/11""","9.0","1086","95.2%"
"514","HLE vs GEN","30:34","1228","Viper","ADC","Corki","Defeat","=""3/5/7""","8.9","671","83.3%"
"514","HLE vs GEN","30:34","2906","Zeka","MID","Orianna","Defeat","=""5/3/3""","8.2","461","66.7%"
"514","HLE vs GEN","30:34","3658","Zeus","TOP","Aurora","Defeat","=""3/3/3""","8.3","814","50%"
"515","HLE vs GEN","39:41","1909","Canyon","JUNGLE","Xin Zhao","Victory","=""5/3/12""","5.9","407","70.8%"
"515","HLE vs GEN","39:41","1629","Chovy","MID","Taliyah","Victory","=""3/2/11""","8.2","701","58.3%"
"515","HLE vs GEN","39:41","3411","Delight","SUPPORT","Leona","Defeat","=""0/6/11""","1.4","199","73.3%"
"515","HLE vs GEN","39:41","4259","Duro","SUPPORT","Rakan","Victory","=""0/3/20""","1.1","170","83.3%"
"515","HLE vs GEN","39:41","1115","Kiin","TOP","Gwen","Victory","=""6/4/12""","7.6","555","75%"
"515","HLE vs GEN","39:41","392","Peanut","JUNGLE","Trundle","Defeat","=""0/4/13""","6.1","245","86.7%"
"515","HLE vs GEN","39:41","685","Ruler","ADC","Kaisa","Victory","=""10/3/8""","10.1","750","75%"
"515","HLE vs GEN","39:41","1228","Viper","ADC","Yunara","Defeat","=""5/3/7""","10.2","986","80%"
"515","HLE vs GEN","39:41","2906","Zeka","MID","Akali","Defeat","=""5/5/4""","8.0","425","60%"
"515","HLE vs GEN","39:41","3658","Zeus","TOP","Rumble","Defeat","=""5/6/7""","5.8","745","80%"
"516","HLE vs GEN","42:21","1909","Canyon","JUNGLE","Pantheon","Victory","=""2/3/7""","6.3","317","64.3%"
"516","HLE vs GEN","42:21","1629","Chovy","MID","Cassiopeia","Victory","=""2/2/12""","7.7","550","100%"
"516","HLE vs GEN","42:21","3411","Delight","SUPPORT","Pyke","Defeat","=""5/1/6""","1.6","182","78.6%"
"516","HLE vs GEN","42:21","4259","Duro","SUPPORT","Blitzcrank","Victory","=""1/3/9""","0.9","130","71.4%"
"516","HLE vs GEN","42:21","1115","Kiin","TOP","Yorick","Victory","=""0/5/8""","7.3","572","57.1%"
"516","HLE vs GEN","42:21","392","Peanut","JUNGLE","Skarner","Defeat","=""1/4/7""","5.6","269","57.1%"
"516","HLE vs GEN","42:21","685","Ruler","ADC","Xayah","Victory","=""9/1/4""","10.6","860","92.9%"
"516","HLE vs GEN","42:21","1228","Viper","ADC","Lucian","Defeat","=""5/0/7""","11.1","860","85.7%"
"516","HLE vs GEN","42:21","2906","Zeka","MID","Viktor","Defeat","=""2/4/7""","8.1","758","64.3%"
"516","HLE vs GEN","42:21","3658","Zeus","TOP","Ornn","Defeat","=""1/5/9""","6.4","468","71.4%"
